chr12	52306258	52314677
chr12	52306258	52314677
chrX	152990721	153009189
chr8	41518983	41655056
chr8	41513245	41522541
chr8	41513245	41753998
chr8	41513245	41655056
chr8	41513245	41655056
chr8	41513245	41655056
chr8	41518983	41522541
chr8	41513245	41522541
chr5	112090587	112179823
chr2	128177518	128186522
chr5	112090587	112179823
chr5	112043414	112179823
chr5	112090587	112179823
chr5	112090587	112179823
chr5	112043414	112179823
chr5	112074097	112179823
chr5	112090587	112179823
chr5	112102064	112179823
chr5	112102064	112179823
chr5	112043414	112179823
chr5	112090587	112179823
chr5	112074097	112179823
chr5	112102064	112179823
chr5	112151206	112179823
chr2	128176022	128186522
chr2	128176022	128186522
chr2	128176022	128186522
chr2	128177518	128186522
chr2	128176022	128186522
chr2	128176022	128186522
chr2	128177518	128186522
chr2	128176022	128186522
chr2	128177518	128186522
chr2	128177518	128186522
chr2	128177518	128186522
chrX	66764988	66943683
chrX	66788844	66943683
chr7	134127479	134133868
chrX	66764988	66914564
chrX	66764988	66909459
chrX	66764988	66905885
chr7	134127479	134143814
chr4	75311062	75318354
chrX	2852872	2878441
chrX	2852872	2877741
chrX	2852872	2878441
chrX	2852872	2886196
chrX	2852872	2877741
chr17	3379453	3402382
chr17	3379453	3402382
chrX	77227138	77302067
chrX	77227138	77302067
chrX	153170599	153172182
chrX	153170599	153171890
chr13	32890597	32972907
chrX	100604872	100630272
chrX	100604872	100645537
chrX	100604872	100630272
chr19	13318859	13617038
chr19	13318859	13617038
chr19	13318126	13617038
chr19	13318859	13617038
chr19	13318126	13617038
chr11	2905233	2906719
chr11	2905233	2906686
chr11	2905233	2906686
chr11	2905233	2906719
chr11	2905003	2906686
chrX	49834580	49856876
chrX	49689908	49856876
chrX	49689908	49856876
chrX	49689908	49807103
chrX	49834386	49856876
chr1	16370987	16383411
chr1	16375466	16383411
chr17	48262862	48278874
chr7	94024343	94059705
chr2	189839215	189876500
chr2	228029442	228176586
chr19	18893724	18902078
chr22	42522575	42526793
chr22	42522575	42526793
chrX	31140035	33357382
chrX	31140035	33229429
chrX	31140035	33146282
chrX	31140035	32834745
chrX	31140035	32430326
chrX	31140035	32430174
chrX	31140035	31792238
chrX	31140035	31526354
chrX	31140035	31284946
chrX	31139949	31284946
chrX	31140035	31284946
chrX	31139949	31284946
chrX	31196781	31284946
chrX	31140035	31792238
chrX	31139949	31792238
chrX	31139949	31792238
chrX	31139949	31792238
chr1	97544531	98386478
chr1	98186443	98386478
chr13	78472334	78492708
chr13	78472334	78492708
chr13	78472334	78493750
chr13	78470576	78492708
chrX	153607844	153609557
chr9	130578195	130616634
chr9	130577960	130616634
chr9	130577960	130588116
chr6	152129047	152420101
chr6	152129047	152420101
chr6	152129047	152420101
chr6	152129047	152420101
chr6	152129047	152420101
chr6	152129047	152420101
chr6	152163798	152446483
chr6	152129047	152420101
chr6	152129047	152420101
chr6	152129047	152419898
chr6	152129047	152419898
chr6	152129047	152419898
chr8	118811950	119123285
chrX	154065871	154250827
chrX	154065871	154114432
chrX	138612923	138644230
chrX	138612923	138644230
chr16	89805008	89883023
chr16	89865486	89883023
chr16	89805105	89883023
chr16	89865486	89883023
chr15	48703186	48936966
chr10	123239370	123353331
chr10	123241685	123353331
chr10	123239370	123353331
chr10	123239094	123353331
chr10	123239370	123353331
chr10	123239370	123353331
chr10	123239370	123353331
chr10	123241685	123353331
chr10	123239370	123286266
chr10	123239370	123353331
chr10	123239370	123353331
chr10	123239370	123353331
chr1	155204785	155210903
chr1	155204785	155210903
chr1	155204785	155210903
chr1	155204785	155209722
chr1	155204785	155210903
chr7	44184734	44228552
chrX	30671654	30746859
chrX	30671654	30746859
chrX	30671654	30746859
chr7	44183833	44228552
chr7	44184734	44186225
chr7	44183833	44185208
chr7	44184734	44185725
chr7	44184734	44198719
chr7	44184734	44197713
chrX	30671654	30746859
chr7	42003927	42262852
chrX	100652796	100662891
chr2	73868071	73868755
chr12	114793336	114841703
chr12	114793336	114839722
chr12	114793336	114841703
chr7	155595593	155604816
chr7	155592700	155599443
chrX	133594341	133634107
chrX	148564276	148586667
chrX	148564276	148585700
chrX	148568818	148586667
chr13	28494275	28498838
chr11	34937918	35016719
chr11	34938202	35016719
chr11	34938202	35016719
chr20	10620145	10654178
chrX	8501035	8700077
chr12	5020544	5022032
chr11	2466328	2869233
chr11	2482939	2869233
chr11	128709019	128712312
chr11	128709019	128710138
chr11	128709019	128736447
chr11	128709019	128710138
chr11	128709019	128710138
chrX	43515589	43603760
chrX	43571211	43603760
chr3	69985873	70014399
chr3	69928336	70014399
chr3	69985873	69987517
chr3	69788748	70014399
chr3	69788748	70014399
chr3	69788748	70014399
chr3	69843613	70014399
chr3	69928336	70014399
chr3	69812992	70014399
chr3	69985873	70014399
chr3	69788748	70014399
chr3	69915441	70014399
chr3	69985873	70014399
chrX	149761076	149840068
chrX	149761076	149840068
chrX	149761076	149840068
chrX	149761076	149840068
chr11	47353421	47374198
chr9	98209193	98270643
chr9	98209193	98278753
chr9	98209193	98279102
chr9	98209193	98248097
chr9	98209193	98248097
chr9	98209193	98248097
chr9	98209193	98248097
chr9	98209193	98270643
chr9	98244226	98278753
chr7	74188378	74203504
chrX	43809044	43817891
chr17	29422327	29701173
chr17	29422327	29701173
chr17	29422327	29549008
chr22	29999987	30090791
chr22	29999987	30079044
chr22	29999987	30079044
chr22	29999987	30079044
chr22	29999987	30079044
chr22	29999987	30079044
chr22	29999987	30079044
chr22	29999987	30079044
chr22	29999987	30090791
chr2	110881367	110962545
chr2	110881367	110962545
chr2	110881367	110962545
chr2	110881367	110962545
chr2	110882768	110962545
chr2	110881367	110962545
chrX	9693785	9733857
chr15	28000533	28327020
chr15	28000533	28327020
chrX	128674416	128724247
chrX	128674416	128724247
chrX	128674416	128724247
chr10	102506017	102587376
chr10	102495465	102587376
chr10	102495465	102506944
chr10	102506017	102587376
chr10	102506017	102586852
chr10	102506017	102587440
chr10	102506017	102587440
chr11	31811481	31827959
chr11	31811481	31827959
chr11	31811481	31827959
chr11	31811481	31827959
chr11	31811481	31827959
chr11	31811481	31827959
chr11	31811481	31827959
chr11	31814811	31827959
chr11	31811481	31822353
chr11	31811481	31822353
chr11	31811481	31827959
chr11	31811481	31827959
chr11	31811481	31827959
chr11	31811481	31827959
chr11	31811481	31827959
chr11	31811481	31827959
chr11	31811481	31827959
chr11	31811481	31827959
chr11	31811481	31822353
chr11	31811481	31822353
chr11	31811481	31822353
chr11	31811481	31822353
chr11	31811481	31822353
chr11	31811481	31822353
chr11	31811481	31822353
chr11	31811481	31822353
chr11	31811481	31822353
chr11	31811481	31822353
chr11	31811481	31822353
chr11	31811481	31828445
chr11	31811177	31832388
chr11	31811177	31827959
chr11	31811177	31827959
chr11	31811177	31827959
chr11	31811177	31827959
chr11	31811177	31827959
chr11	31811177	31827959
chr11	31811481	31827959
chr11	31811481	31827959
chr11	31811481	31827959
chr11	31811177	31827959
chr11	31811481	31827959
chr11	31811481	31827959
chr11	31811481	31827959
chr11	31811481	31827959
chr11	31811481	31827959
chr11	31811481	31827959
chr11	31811481	31827959
chr11	31811177	31822353
chr11	31811481	31816256
chr11	31811481	31827959
chrX	19362155	19377771
chrX	19362155	19377771
chrX	19362155	19377771
chrX	19362155	19377771
chrX	77359837	77381327
chr16	2139727	2185690
chr16	2139727	2185690
chr4	88928885	88996846
chr19	47177779	47219627
chr19	47177779	47219627
chr19	47177779	47214203
chr19	47177779	47219627
chr17	15134233	15164044
chr17	15134233	15164044
chr17	15134233	15164044
chr17	15138563	15164044
chr12	133264256	133281273
chr17	15134233	15164044
chr17	15134233	15164044
chrX	82763332	82764418
chr10	89624226	89725229
chr10	89623706	89725229
chr10	89711973	89725229
chr13	48878048	49054207
chr6	42666032	42690072
chr4	111539280	111543616
chr4	111539280	111554154
chr4	111539280	111554154
chr4	111539280	111554154
chr4	111539280	111554154
chr4	111539280	111554154
chrX	18660123	18690188
chr1	15986363	15988217
chr6	16306559	16328541
chr6	16306559	16328541
chr6	16327954	16328512
chr3	38591811	38674798
chr3	38591811	38674798
chr3	38591811	38674798
chr3	38591811	38674798
chr3	38591811	38674798
chr3	38591811	38674798
chr3	38591811	38674798
chr15	48499916	48595082
chr15	48499916	48595082
chr15	48499916	48595082
chr16	56899147	56947317
chr16	56899147	56947317
chr16	56899147	56947317
chr2	44502674	44547778
chr5	70220930	70247818
chr5	70220930	70248280
chr5	70220930	70247818
chr17	70117532	70120528
chr2	31751265	31805969
chrX	7171240	7268302
chrX	7109017	7268302
chrX	7109017	7268302
chrX	7171240	7268302
chrX	7171240	7268302
chrX	7171240	7268302
chr11	17414537	17498323
chr11	17414537	17498323
chr11	17414537	17498323
chr11	17414537	17498323
chr11	17414537	17498323
chr5	149737309	149778611
chr5	149737309	149763318
chr5	149737309	149778611
chr5	149737309	149778611
chr5	149737309	149778611
chr5	149737309	149778611
chr5	149737309	149778611
chr11	2185462	2193016
chr11	2185462	2193016
chr11	2185462	2193016
chr9	135771621	135804259
chr9	135771621	135804259
chr9	135771621	135804259
chr9	135771621	135798879
chr11	32410603	32456906
chr11	32410603	32452085
chr11	32410603	32452085
chr11	32410603	32417878
chr11	32410603	32456906
chr11	32410603	32456906
chrX	10417407	10535587
chrX	10417407	10535587
chrX	10417407	10535587
chrX	10437551	10535587
chrX	10437551	10535587
chrX	10437551	10535587
chrX	10417407	10535587
chrX	10417407	10535587
chrX	10417407	10535587
chr3	121973036	122004038
chr3	121973036	122004038
chrX	85119634	85302536
chr1	161275665	161279695
chrX	85226571	85302536
chr1	161275473	161279695
chrX	85119634	85218927
chrX	85119634	85218927
chrX	85119634	85218927
chrX	85119634	85218927
chr2	189898795	190044330
chrX	37639330	37670170
chr22	43015778	43045321
chr22	43015778	43032804
chr22	43015778	43040515
chr22	43015778	43032804
chr22	43015778	43032804
chr11	44117802	44265837
chr11	44129262	44265837
chr11	44129262	44265837
chr3	33038536	33138577
chr4	152043242	152096515
chr3	33038536	33114190
chr4	152043242	152096515
chr4	152043242	152096515
chr3	33038536	33138577
chr4	152043242	152096515
chr3	33038536	33138577
chr4	152043242	152246504
chr4	152043242	152246504
chr4	152043242	152102856
chr4	152043242	152102856
chr4	152043242	152096515
chr4	152043242	152096515
chr4	152043242	152096515
chr4	152043242	152096515
chr4	152043242	152096515
chr4	152043242	152096515
chrX	48382159	48386845
chrX	153128117	153141291
chrX	153128117	153141291
chrX	153128117	153141291
chrX	153128117	153141291
chr17	2541582	2585096
chr19	15271472	15311716
chr2	223158823	223163334
chr2	223066126	223163334
chr2	223158441	223163334
chr2	223066642	223163334
chr2	223066126	223163334
chr2	223065892	223163334
chr2	223065939	223163334
chr2	223066122	223163334
chrX	22051123	22266070
chrX	22051123	22265985
chrX	591632	605371
chrX	591632	619564
chr19	1206912	1226646
chr17	36047374	36104875
chr17	36047374	36104875
chr17	36047282	36104875
chr3	184090300	184094047
chr2	1418180	1546246
chr3	184090300	184094047
chr3	184090385	184094047
chr2	1418180	1546246
chr2	1418180	1546246
chr3	184090385	184094047
chr3	184090300	184094047
chr3	184090300	184096137
chr3	184090300	184094047
chr3	184090385	184094047
chr3	184090385	184094047
chr3	184090300	184094047
chr2	1418180	1546246
chr2	1418180	1546246
chr2	1418180	1546246
chr15	25584283	25653795
chr15	25584283	25654254
chr15	25584283	25650609
chr15	25584283	25650609
chr15	25584283	25650609
chr15	25584283	25650609
chr15	25584283	25650609
chr15	25584283	25650609
chr15	25584283	25650609
chr15	25584283	25638894
chr15	25584283	25650609
chr15	25584283	25654254
chr15	25584283	25650609
chr15	25584283	25650609
chr15	25584283	25650609
chr15	25584283	25650609
chr15	25584283	25650609
chr15	25584283	25650609
chr15	25584283	25654254
chr15	25584283	25620795
chr15	25584283	25650609
chr15	25584283	25650609
chr15	25584283	25650609
chr15	25584283	25654254
chr15	25584283	25650609
chr15	25584283	25650609
chr15	25584283	25650609
chr15	25584283	25654254
chr7	19156335	19156944
chrX	30322695	30327480
chr19	2249331	2251956
chr21	27253980	27542938
chr21	27253980	27512512
chr21	27253980	27542938
chr21	27253980	27542938
chr21	27253980	27484415
chr21	27253980	27542938
chr21	27253980	27542938
chr21	27253980	27542938
chr21	27253980	27542938
chr21	27253980	27542938
chr21	27253980	27542938
chr22	51063572	51066207
chr22	51063572	51066207
chr22	51063572	51066207
chr22	51063572	51066207
chr22	51063572	51065800
chr22	51063572	51065800
chrX	76763828	77041487
chrX	76763828	77041487
chrX	107683355	107939608
chrX	107683355	107939608
chr22	25617396	25627739
chr6	32006199	32008911
chr6	32006199	32008911
chr6	32006983	32008911
chr6	32006983	32008911
chr7	73442517	73483030
chr7	73442517	73483030
chr7	73442517	73483030
chr7	73442517	73483030
chr7	73442517	73483030
chr17	73643456	73643645
chr7	73442517	73483030
chr7	73442517	73483030
chr7	73442517	73483030
chr7	73442517	73483030
chr7	73442517	73483030
chr7	73442517	73483030
chr7	73442517	73483030
chr7	73442517	73483030
chr8	72111574	72267140
chr8	72111574	72267140
chr8	72111574	72234035
chr8	72111574	72448011
chr8	72111574	72267140
chr8	72111574	72267140
chr8	72111574	72448011
chr8	72111574	72267140
chr8	72111574	72448011
chrX	153448166	153461531
chr17	61994668	61996136
chr17	61994668	61996136
chr17	61994668	61996136
chr20	57466781	57485884
chr20	57466781	57485884
chr20	57466781	57485884
chr20	57428507	57430388
chr20	57470704	57485884
chr20	57466781	57475010
chr20	57470704	57485884
chr20	57428507	57430388
chr20	57415161	57415899
chr20	57428320	57485884
chr20	57466781	57485884
chr16	222911	223599
chr11	5246827	5248251
chr5	73981085	74017000
chr5	74001049	74017000
chr7	27237816	27239696
chr2	176957618	176959458
chr11	17408465	17409638
chr11	17408465	17409377
chr11	17408465	17409377
chr11	17408465	17409377
chr19	11200224	11241992
chr19	11200224	11241992
chr19	11200224	11241992
chr19	11200224	11241992
chr19	11200224	11241992
chrX	38211949	38280335
chrX	103031923	103045526
chrX	103031923	103045526
chrX	103031923	103045526
chrX	103031923	103045526
chr17	7572926	7579912
chr17	7572926	7579912
chr17	7576536	7579912
chr17	7576624	7579912
chr17	7572926	7578533
chr17	7576624	7578533
chr17	7576536	7578533
chr17	7572926	7579569
chr17	7576536	7579569
chr17	7576624	7579569
chr17	7572926	7578452
chr17	7576624	7578452
chr17	7576536	7578452
chr17	7572926	7579569
chr17	7572926	7579569
chr16	2098616	2138611
chr16	2098616	2138611
chr16	2098616	2138611
chr16	2098616	2138611
chr16	2100409	2138611
chr16	2106197	2138611
chr16	2098270	2138611
chr16	2098616	2138611
chr16	2098616	2138611
chr16	2098616	2138611
chr16	2098616	2138611
chr3	10183531	10191649
chr3	10183531	10184688
chr3	10183531	10191649
chrX	110544914	110654202
chrX	110544914	110653626
chrX	110544914	110653626
chrX	110544914	110653626
chrX	110544914	110653626
chrX	110544942	110653626
chrX	110544942	110653626
chrX	110544914	110653626
chrX	110544914	110653626
chrX	110544914	110653626
chr20	34021706	34025708
chr20	34021706	34025708
chr16	226715	227410
chr1	110230495	110235917
chr1	110230495	110235917
chr1	161594304	161600884
chr1	161594304	161600884
chr1	161594304	161600884
chr1	161594304	161600167
chr1	161594304	161600167
chr3	46414393	46415452
chr3	46414393	46415452
chr11	2154216	2156753
chr11	2154216	2156753
chr11	2154216	2161526
chr11	2154216	2156753
chr11	2154216	2156753
chrX	115303533	115304625
chrX	115303533	115304625
chr12	2162728	2800365
chr12	2162728	2800365
chr12	2162728	2800365
chr12	2162728	2800365
chr12	2162728	2800365
chr12	2162728	2800365
chr12	2162728	2800365
chr12	2162728	2800365
chr12	2162728	2800365
chr12	2162728	2800365
chr12	2162728	2800365
chr12	2162728	2800365
chr12	2162728	2800365
chr12	2162728	2800365
chr12	2162728	2800365
chr12	2162728	2800365
chr12	2162728	2800365
chr12	2162728	2800365
chr12	2162728	2800365
chr12	2162728	2800365
chr12	2162728	2800365
chr12	2162728	2800365
chr12	2162728	2800365
chr2	152695632	152955525
chr2	152695632	152955163
chr2	152695632	152830227
chr2	152695632	152955525
chr2	152695632	152828064
chr2	152695632	152955163
chr2	152695632	152727089
chr2	152695632	152830227
chr2	152695632	152828064
chr2	152695632	152728970
chr2	152695632	152828064
chr11	15096264	15098991
chr8	27319145	27328575
chr8	27319145	27328575
chr8	27319145	27321482
chr8	27319145	27321482
chr8	27319145	27321365
chr8	27319145	27321365
chr15	78888945	78913136
chr15	78885452	78913136
chr20	61978089	61992517
chr20	61978089	61982234
chr15	78858061	78885595
chr15	78858061	78885458
chr15	32322797	32460659
chr15	32322797	32460659
chr15	30654495	30675554
chr15	30654495	30665235
chr1	154540520	154548408
chr15	78917474	78933475
chr15	78917296	78933475
chr22	19950049	19956259
chr22	19950049	19956259
chr22	19950049	19956259
chr22	19950049	19956259
chr22	19950199	19956259
chr19	41349700	41356331
chr4	9783653	9785087
chr5	161277816	161324428
chr5	161277816	161324428
chr5	161277816	161324428
chr5	161277816	161324428
chr5	161277816	161324428
chr1	1950862	1961721
chr5	161495005	161580374
chr5	161495005	161580374
chr5	161495005	161580112
chr5	161495005	161580374
chr5	161495005	161580374
chr5	161495005	161580374
chr5	161495005	161580374
chr5	161495071	161580374
chr5	161495071	161580374
chr5	161494627	161580374
chr5	161524736	161580374
chr5	161522526	161580374
chr5	161524736	161580374
chr5	161495005	161580374
chr5	161495005	161580374
chrX	122318387	122616895
chrX	122318387	122338270
chrX	122318387	122616895
chr21	30925875	31311818
chr21	30909550	31311818
chr21	30909550	31311818
chr21	30909550	31311818
chr21	30971122	31311818
chr21	30909550	31311818
chr21	30909550	31311818
chr21	30909550	31311818
chr16	9857005	10274268
chr16	9857005	10274268
chr16	9857211	10274268
chr12	13715716	14019142
chr11	88241759	88781040
chr11	88241759	88781040
chr11	88241759	88781040
chr3	6903075	7782093
chr3	6903075	7728114
chr7	126079172	126883258
chr7	126086129	126883258
chr7	126079172	126883258
chr7	126079172	126883258
chr7	126086129	126883258
chr7	126079149	126883258
chr7	126079172	126746661
chr7	126341881	126883258
chr11	67351314	67354048
chr6	87725052	87726150
chr15	99192810	99500671
chr15	99192810	99500671
chr2	160958246	161056574
chr2	160958246	161056574
chr2	160958246	161056574
chr2	160958246	161056574
chr2	160958246	161056528
chr2	160958246	161056528
chr2	160958246	161052058
chr17	68171180	68172464
chr20	9288461	9459656
chr20	9288461	9459636
chr20	9288461	9459656
chr20	9288461	9459656
chr20	9288461	9459636
chr20	9288461	9459656
chr20	9288461	9459656
chr20	9288461	9459636
chr10	65281305	65380629
chr7	50660648	50800019
chr7	50660648	50742320
chr7	50660648	50742320
chr7	50660648	50800019
chr7	50660648	50860221
chr7	50660648	50742320
chr7	50660648	50742320
chr7	50660648	50850236
chr21	36164431	36259409
chr21	36193964	36259409
chr21	36164431	36421196
chr10	8097618	8115986
chr10	8097618	8115986
chr2	115919810	116599921
chr2	115919533	116599921
chr2	116066904	116599921
chr2	115822334	116599921
chr2	115219664	116599921
chr2	115919810	116599921
chr2	115200355	116599921
chr2	115219664	116599921
chr2	115919810	116599921
chr2	116066904	116599921
chr2	116066904	116599921
chr2	116066904	116599800
chr2	116497379	116599921
chr2	116497379	116599921
chr2	115200355	116599921
chr15	22368575	22369517
chr2	106471519	106509632
chr2	106471519	106509463
chr2	106471519	106509632
chr15	22382472	22383423
chr12	32945357	33049665
chr12	32945357	33049665
chr17	17715935	17740131
chr17	17715935	17726850
chr17	17715935	17740131
chr16	1203737	1270994
chr16	1203737	1270994
chrX	68836152	69255459
chrX	68836152	69080699
chrX	68836152	69255459
chrX	68836152	68890104
chrX	68836152	69255459
chr2	203071975	203103174
chr2	203071975	203103174
chr2	203071975	203103174
chr2	203071975	203103174
chr2	203071975	203103174
chr2	203071975	203103174
chrY	24026500	24038660
chrY	23698777	23710934
chrY	23704605	23710934
chrY	24026500	24038660
chrY	24026500	24038602
chrY	23698777	23710934
chr2	177135137	177202392
chr2	177134357	177202392
chr2	177134357	177202229
chr2	177134357	177202392
chr2	20113318	20189776
chr2	20113318	20189776
chr7	11013950	11209117
chr7	11013950	11142125
chr22	24129356	24176367
chr22	24129356	24176367
chr22	24129356	24176367
chr22	24129356	24176367
chrX	128940345	128975921
chrX	128940345	128975921
chrX	73959239	73965485
chr15	23006220	23021336
chr15	23006220	23021336
chr15	23006220	23021336
chr15	23006220	23021336
chr15	23006220	23021336
chr15	23006220	23021336
chr10	83635096	84745361
chr10	83635096	84745361
chr10	83637716	84745361
chr10	83635096	84745361
chr10	83635841	84745361
chr10	83635096	84179734
chr10	83635096	84745361
chrX	13732525	13738082
chrX	13732525	13752251
chrX	13732525	13738082
chr3	71247054	71247532
chr3	71008397	71247532
chr3	71008397	71247532
chr3	71008397	71247532
chr3	71008397	71102906
chr3	71008397	71247532
chr3	71008397	71102906
chr3	71008397	71247532
chr3	71008397	71102906
chr3	71008397	71247532
chr3	71008397	71247532
chr3	71008397	71247532
chr3	71008397	71102906
chr3	71008397	71102906
chr3	71008397	71102906
chr3	71008397	71102906
chr3	71008397	71247532
chr1	231762613	232172577
chr1	231762613	231858347
chr1	231762613	232002324
chr1	231762613	232172577
chr1	231762613	232144900
chr1	231762613	231990771
chr1	231762613	232172577
chr1	231762613	232144637
chr1	231762613	232094638
chr1	231762613	231954271
chr1	231762613	231954125
chr1	231762613	232094619
chr1	231762613	232094619
chr1	231762613	231954096
chr1	231762613	231906826
chr1	231762613	231858331
chr1	231762613	231885826
chr1	231762613	231856640
chr1	231762613	231858331
chr1	231762613	231837781
chr1	231762613	231885695
chr1	231762613	231954096
chr1	231762613	232172577
chr6	45296463	45515042
chr6	45296463	45515042
chr6	45390313	45515042
chr6	45390313	45515042
chrX	133511647	133559360
chrX	133511647	133549252
chrX	133511647	133559360
chr6	145946830	146056634
chr6	145948630	146056634
chr6	145948551	146007319
chr6	145948551	146007319
chr6	145948551	145992388
chr6	145956294	146056634
chr6	145948551	146007319
chr6	145948551	145992388
chr6	145948551	146056634
chr6	18121649	18122837
chrX	14861688	14883632
chrX	14861688	14883632
chrX	14861688	14883632
chr19	42364844	42375445
chr19	42364844	42375445
chr19	42364844	42375445
chr19	42364844	42375465
chr14	66975245	67647654
chr14	66975245	67647654
chr14	66975245	67647654
chr14	66975245	67647654
chr14	66975245	67647654
chr14	66975245	67647654
chr14	66975245	67647654
chr14	66975245	67647654
chr14	21058438	21058882
chr6	31937653	31938728
chr6	31937653	31938728
chr6	31937653	31939452
chr17	17696262	17713295
chr3	30648375	30733091
chr3	30648375	30733091
chr5	149823848	149827296
chr5	149823848	149827296
chr5	149823848	149827296
chr18	34833773	35145604
chr18	34833773	35145604
chr18	34833773	35145604
chr18	34833773	35145604
chr18	34833773	35145604
chr18	34833773	35145604
chr18	34833773	35145604
chr18	34833773	35145604
chr18	34833773	35145604
chr18	34833773	35145604
chr18	35099333	35145604
chr18	34833773	35145604
chr18	34825133	35145604
chr18	34833773	35145604
chr18	34833773	35145604
chr18	34833773	35145604
chr18	34833773	35145604
chr18	34833773	35145604
chr18	34833773	35145604
chr18	34833773	35145604
chr18	34833773	35145604
chr18	34833773	35145604
chr18	34833773	35145604
chr18	34825133	35145604
chr18	34833773	35145604
chr18	34833773	35145604
chr18	34833773	35145604
chr18	34833773	35145604
chr18	34833773	35145604
chr18	34833773	35145604
chr18	34833773	35145604
chr18	34833773	35145604
chr18	34833773	35145604
chr18	34833773	35145604
chr18	34825133	35145604
chr18	34833773	35145604
chr18	34825133	35145604
chr18	34833773	35145604
chr18	34833773	35145604
chr18	34825133	35145604
chr18	34833773	35145604
chr18	34827179	35145604
chr18	34825133	35145604
chr18	34827179	35145604
chr18	34833773	35145604
chr18	34833773	35145604
chr18	34833773	35145604
chr18	34825133	35145604
chr18	34827179	35145604
chr18	34825133	35145604
chr18	34833773	35145604
chr18	34833773	35145604
chr18	34833773	35145604
chr18	34833773	35145604
chr18	34825133	35145604
chr18	34833773	35145604
chr18	34833773	35145604
chr18	34827179	35145604
chr18	34833773	35145604
chr18	34833773	35145604
chr18	34833773	35145604
chr18	34833773	35145604
chr18	34833773	35145604
chr18	34833773	35145604
chr18	34833773	34901844
chr18	34833773	34901844
chr18	34833773	34901844
chr18	34833773	34901844
chr18	34833773	34901844
chr18	34833773	34901844
chr18	34833773	35145604
chr6	43738443	43752299
chr6	43738443	43752299
chr6	43738443	43752299
chr6	43738443	43752283
chr6	43738443	43752299
chr6	43738443	43752365
chr6	43738443	43752299
chr6	43738983	43752299
chr6	43738983	43752299
chr6	43738983	43752299
chr6	43738983	43752299
chr6	43738983	43752283
chr6	43738983	43752299
chr6	43738983	43752365
chr6	43738983	43752299
chr6	43738983	43752299
chr6	43738443	43752299
chr6	43742095	43752299
chr6	43738983	43752365
chr6	43738443	43752299
chr7	45067303	45115656
chr7	45039932	45115656
chr7	45039932	45115656
chr7	45039932	45115656
chr7	45039932	45115656
chr7	45039932	45115656
chr15	75119044	75122695
chr17	3543500	3564028
chr17	3543500	3564028
chr17	3558626	3563663
chr17	3558626	3563663
chr17	3558626	3563663
chr17	3558626	3563663
chr17	3543500	3563663
chr9	130374682	130453136
chr9	130374682	130453136
chr9	130413886	130446756
chr9	130413886	130446756
chr9	130413886	130453136
chr9	130413886	130453136
chr9	130413886	130453136
chr9	130413886	130453136
chr9	130374682	130448768
chr9	130374682	130457295
chr9	130374682	130446756
chr9	130374682	130446756
chr6	10398649	10411829
chr6	10398649	10419683
chr6	10398649	10415224
chrX	48755792	48760361
chrX	48755792	48760361
chrX	48755792	48760361
chrX	48755792	48760361
chrX	48755792	48760361
chrX	48755792	48760361
chrX	48755792	48760361
chrX	48755792	48760361
chrX	48755792	48760361
chr15	22956056	23003040
chr15	22925782	23003040
chr15	22892176	23003040
chr15	22925782	23003040
chr15	22956443	23003040
chr15	22925782	23003040
chr15	22925782	23003040
chr15	22928489	23003040
chr15	22925782	23003040
chr15	22925782	23003040
chr3	65342052	66023983
chr3	65342750	66023983
chr3	65342750	66023983
chr3	65346823	66023983
chr6	154727487	154831072
chr6	154727495	154831248
chr6	154727487	154763400
chr6	154727487	154754623
chr3	65346823	66023983
chr3	65342750	66023983
chr6	154727487	154831248
chr20	15843449	16030521
chr20	13976409	16030521
chr20	13976409	16030521
chr20	15843449	16030521
chr20	13976409	16030521
chr17	19999964	20217378
chr17	20059509	20140194
chr17	20059509	20217378
chr17	20059509	20135722
chr17	19999964	20217378
chr17	20130842	20217378
chr17	19999964	20217378
chr17	19999964	20135722
chr17	20108034	20217378
chr17	19999964	20209361
chr17	19999964	20217378
chr17	19961127	20217378
chr17	19961127	20140194
chr17	19999964	20217378
chr17	19999964	20140194
chr2	44428338	44457140
chr2	44428338	44457857
chr2	44428338	44459484
chr2	44436363	44457857
chr11	14990344	14992738
chr11	14989240	14992738
chr11	14990344	14992738
chr11	14989240	14992738
chr11	14990344	14992738
chr1	237205821	237995947
chr1	174846632	174927042
chr1	174846632	174927042
chr1	174934083	174959138
chr1	174769470	174959138
chr1	174846632	174959138
chr1	174188295	174517193
chr1	174188295	174959138
chr1	174188295	174927042
chr1	174188295	174959138
chr1	174244976	174514089
chr1	174671304	174959138
chr1	174927262	174959138
chr1	174670254	174959138
chr1	174670280	174927042
chr1	174846632	174959138
chr1	174769470	174927042
chr1	174769470	174959138
chr1	174926638	174959138
chr1	174188295	174927042
chr19	35521724	35530605
chr19	35523490	35530605
chr19	35521724	35525002
chr2	236403330	237032766
chr2	236403330	236761497
chr2	236403330	237032766
chrX	18525216	18671664
chrX	18525216	18646877
chrX	18525216	18671664
chr5	170814952	170833409
chr5	170814952	170837569
chr5	170818362	170837569
chr5	170814952	170833409
chr5	170814952	170837569
chr5	170814952	170837569
chr5	170814952	170837569
chrX	53458351	53461292
chrX	53458351	53461292
chr2	172950405	172952807
chr2	172950405	172952985
chr7	153584768	154684190
chr7	154002579	154684190
chr7	153749905	154379794
chr7	153446033	154684190
chr7	153446033	154684190
chr7	153446033	154684190
chr7	153446033	154684190
chr7	153584768	154587815
chr7	154002579	154378884
chr7	154002579	154684190
chr7	153749905	154684190
chr2	105977739	106002973
chr2	105977739	106002973
chr2	105977739	106002973
chr2	105977739	106002973
chr2	105977739	105984185
chr2	105977739	105984185
chr2	105977739	105990022
chr2	105977739	106002973
chr2	105977739	106002973
chr2	105977739	106002973
chr2	105977739	106002973
chrX	46359277	46401522
chrX	46359277	46401522
chrX	46359277	46401522
chr16	15802667	15932109
chr16	15797847	15932109
chr16	15797847	15932109
chr16	15802667	15932109
chr2	166152333	166246334
chr2	166152333	166246334
chr2	166152333	166246334
chr2	166152333	166246334
chr2	166152333	166246334
chr4	151000179	151177399
chr4	151000179	151177399
chr21	43221399	43280472
chr21	43221399	43280472
chr21	43221399	43280472
chr7	75508400	75517667
chr7	75511391	75517667
chr7	75511391	75517667
chr7	75511391	75517667
chr7	75508400	75517667
chr7	75508400	75517667
chr5	180326310	180377544
chr5	180326310	180377544
chr5	180326310	180376955
chr5	180329374	180377544
chr5	180338493	180377544
chr5	180326310	180376955
chr2	44548494	44586854
chr2	44548494	44586854
chr2	44548494	44586854
chr2	44548494	44586854
chr2	44548494	44573481
chr2	44548494	44573481
chr2	44548494	44586854
chr2	44548494	44586854
chr2	44548494	44573481
chr2	44548494	44586854
chr1	243289750	243388582
chr1	243289750	243388582
chr1	243289750	243388582
chr4	1902381	1980636
chr4	1902381	1941514
chr4	1902381	1980636
chr4	1902381	1980636
chr4	1902381	1944128
chr4	1902381	1980636
chrX	135067661	135126883
chrX	135067817	135126883
chrX	46466386	46618464
chrX	135067817	135126883
chrX	135067817	135126883
chrX	135067661	135126883
chrX	46466386	46618464
chr15	93444467	93492310
chr15	93444467	93567935
chr21	41384960	42218587
chr21	41384960	42218587
chr2	212248339	213403254
chr2	212248339	213403254
chr1	16349114	16360153
chr1	16349114	16360153
chr1	16349114	16360153
chr4	69403342	69434202
chr9	134379605	134398493
chr9	134381540	134398493
chr9	134379605	134398493
chr9	134382825	134398493
chr9	134379605	134398493
chr9	134381540	134398493
chr9	134382825	134398493
chr9	134379605	134398493
chr9	134381540	134398493
chr9	134381540	134398493
chr9	134382825	134398493
chr9	134384326	134398493
chr9	134381540	134398493
chr9	134379605	134398493
chr9	134382825	134398493
chr9	134382825	134398493
chr9	134381540	134398493
chr9	134384326	134398493
chr9	134379605	134398493
chr7	35242041	35293231
chr7	35271111	35293231
chr1	235543364	235612077
chr1	235543364	235612077
chr1	235582755	235612077
chr1	235543364	235612077
chr16	16315424	16317291
chr16	16243989	16317291
chr16	16243989	16313681
chr16	3777718	3929917
chr16	3777718	3929917
chrX	119660615	119694493
chrX	119660615	119695254
chrX	119660615	119693655
chrX	119660615	119708472
chr2	176944834	176948504
chr4	15477556	15603048
chr4	15477556	15482909
chr4	15477556	15603048
chr4	15482351	15603048
chr4	15477556	15482836
chr6	144262560	144269273
chr6	144262560	144269273
chr6	144262560	144269273
chr6	144262560	144269273
chr6	144262560	144263796
chr6	144262560	144263796
chr6	144262560	144263796
chr6	144262560	144263796
chr6	144262560	144263796
chr6	144262560	144263796
chr6	144262560	144263796
chr6	144262560	144269273
chr6	144262560	144269273
chr6	144262560	144269273
chr6	144262560	144269273
chr6	144262560	144269273
chr6	144262560	144269273
chr6	144262560	144269273
chr6	144262560	144269273
chr6	144262560	144269273
chr6	144262560	144269273
chr6	144262560	144263796
chr6	144262560	144269273
chr6	144262560	144263796
chr6	144262560	144269273
chr6	144262560	144269273
chr6	144262560	144269273
chr18	52895455	53254347
chr10	114710515	114925731
chr10	114710515	114925393
chr10	114710515	114925393
chr10	114710515	114925731
chr10	114710515	114925393
chr10	114710515	114920420
chr10	114710515	114925731
chr10	114710515	114921344
chr10	114710515	114921344
chr10	114710515	114925393
chr10	114710515	114925393
chr10	114710515	114925393
chr18	52895455	53303128
chr18	52895455	53252583
chr18	52895455	53254347
chr18	52895455	53255766
chr18	52895455	53177828
chr18	52895455	53070945
chr18	52895455	53018213
chr18	52895455	52988969
chr18	52895455	52988969
chr18	52895455	52969715
chr18	52895455	53252583
chr18	52895455	53070945
chr18	52895455	53254347
chr18	52895455	53018213
chr18	52895455	53177828
chr18	52895455	53018213
chr18	52895455	53018213
chr18	52895455	52988969
chr18	52895455	52946788
chr18	52895455	52969715
chr18	52895455	53252583
chr18	52895455	53252583
chr18	52895455	53252583
chr18	52895455	53252583
chr10	114889623	114921344
chr10	114886637	114921344
chr10	114710515	114925393
chr10	114710515	114925731
chr18	52895455	53254347
chr18	52895455	53254347
chr18	52895455	53254347
chr18	52895455	53254347
chr18	52895455	53254347
chr18	52895455	53254347
chr18	52895455	53254347
chr18	52895455	53254347
chr18	52895455	53252583
chr18	52895455	53252583
chr18	52895455	53252583
chr18	52895455	53252583
chr18	52895455	53252583
chr18	52895455	53252583
chr18	52895455	53252583
chr18	52895455	53252583
chr18	52895455	53252583
chr18	52895455	53252583
chr18	52895455	53252583
chr18	52895455	53252583
chr18	52895455	53254347
chr10	114710515	114925731
chr17	31340982	32483551
chr15	83926193	83951964
chr15	83926193	83953380
chr17	31340982	31619133
chr11	122848356	122852379
chr3	196771493	197024075
chr3	196771493	197024075
chr3	196771493	196910679
chr3	196771493	196910679
chr3	196771493	197024075
chr3	196771493	197024075
chr3	196771493	197024075
chr3	196771493	197024075
chr3	196771493	197024075
chr3	196771493	197024075
chr3	196771493	197024075
chr3	196771493	197024075
chr3	196771493	197024075
chr3	196771493	197024075
chr3	196771493	197024075
chr3	196771493	197024075
chr3	196771493	197024075
chr3	196771493	197024075
chr3	196771493	197024075
chr3	196771493	197024075
chr3	196771493	197024075
chr3	196771493	197024075
chr3	196771493	197024075
chr3	196771493	197024075
chr3	196771493	196910679
chr3	196771493	196910679
chr3	196771493	197024075
chr7	94214776	94285410
chr7	94214810	94285410
chr7	94214810	94285410
chr7	94214810	94285410
chr7	94214810	94285410
chr7	94214810	94285410
chr7	94214810	94268674
chr7	94214810	94257630
chr7	94214810	94268674
chr7	94214810	94257630
chr7	94214810	94285410
chr7	94214810	94285410
chr9	119460021	119461983
chr9	119460021	119461983
chr9	119460021	119461983
chr9	119460021	119461983
chr9	119460021	119461983
chrX	153770478	153792676
chrX	153780217	153792676
chrX	153780217	153792676
chrX	153780217	153792676
chrX	153780217	153792676
chrX	153780217	153792676
chrX	153780217	153792676
chrX	153780217	153792676
chrX	153780217	153792676
chrX	153780217	153792676
chr3	4558175	4887909
chr3	4558175	4887909
chr3	4558175	4887909
chr3	4558175	4887909
chr2	173686692	173916495
chr2	173782544	173916495
chr2	173782544	173916495
chr2	173825918	173916495
chr2	173601118	173916495
chr2	173600711	173916495
chr2	173600711	173916495
chr2	173600711	173916495
chr2	173600711	173916495
chr2	173600711	173916495
chr2	173600711	173916374
chr2	173600711	173916495
chr2	173600711	173916495
chr2	173600711	173916495
chr2	173600711	173916374
chr2	173600711	173837041
chr2	173600711	173837041
chr2	173600711	173916495
chr11	45955518	46105770
chr11	45955518	46105770
chr11	45955518	46105770
chr11	45955518	46105770
chr11	45955518	46105770
chr11	45955518	46105770
chr11	45955518	46105770
chr11	45955518	46105770
chr11	45955518	46105770
chr11	45955518	46105770
chr3	168802696	168862787
chr3	168802696	168849265
chr3	168802696	168849265
chr3	168802696	168849265
chr3	168802696	168849265
chr3	168802696	169381160
chr3	168802696	168849265
chr3	168802696	168849265
chr3	168802696	168849265
chr3	168802696	168849265
chr3	168802696	168849265
chr3	168802696	168849265
chr3	168802696	169381160
chr3	168802696	168849265
chr3	168802696	169381160
chr3	168802696	168849265
chrX	99551274	99663595
chrX	99551274	99663595
chrX	99551274	99663595
chr4	134071295	134073986
chr4	134071295	134111315
chr14	79746634	80328307
chr14	79746634	80328307
chr14	78709436	80328307
chr14	78709436	80328307
chr14	78709436	80328307
chr14	79117567	80328307
chr14	79746634	80328307
chr19	33182866	33202863
chrX	46696535	46739204
chr3	38495813	38524823
chrX	153577216	153599613
chrX	153577216	153599613
chrX	153295817	153363122
chrX	153295817	153297755
chrX	153295817	153297755
chrX	153295817	153297755
chrX	153295817	153297755
chrX	153295817	153297755
chrX	153295817	153296609
chrX	153295817	153296609
chrX	153295817	153296609
chrX	153295817	153357667
chr6	32940675	32948495
chr6	32940675	32948495
chr6	32942350	32948495
chr6	32943187	32948495
chr6	32940675	32948495
chr13	111767873	111944679
chr13	111767873	111944679
chr13	111870028	111955460
chr13	111870028	111955460
chr13	111767873	111955460
chr13	111855458	111955460
chr13	111893629	111944679
chr13	111870028	111944679
chr13	111870028	111944679
chr13	111767873	111955460
chr13	111767873	111944679
chr13	111870028	111955460
chr13	111870028	111955460
chr13	111870028	111955460
chr13	111870028	111955460
chr13	111870028	111955460
chr13	111870028	111955460
chr13	111870028	111955460
chr13	111893629	111955460
chr13	111870028	111944679
chr13	111870028	111944679
chr13	111870028	111944679
chr13	111870028	111944679
chr13	111870028	111944679
chr13	111896593	111944679
chr13	111870028	111955460
chr13	111767873	111944679
chr13	111767873	111944679
chr13	111767873	111944679
chr13	111870028	111955460
chrX	110366331	110463675
chrX	110366331	110463675
chrX	110366331	110463675
chrX	110366331	110463675
chrX	110366331	110463675
chr13	111870028	111955460
chr13	111767873	111955460
chr13	111855458	111955460
chr13	111893629	111944679
chrX	110366331	110463675
chrX	110366331	110463675
chrX	110366331	110463675
chrX	110366331	110463675
chrX	110366331	110463675
chrX	110366331	110463675
chrX	110366331	110463675
chrX	110366331	110463675
chrX	110366331	110463675
chrX	110366331	110463675
chr13	111870028	111944679
chr13	111870028	111944679
chr13	111767873	111955460
chr13	111767873	111944679
chr13	111870028	111955460
chr13	111870028	111955460
chr13	111870028	111955460
chr13	111870028	111955460
chr13	111870028	111955460
chr13	111870028	111955460
chr13	111870028	111955460
chr13	111893629	111955460
chr13	111870028	111944679
chr13	111870028	111944679
chr13	111870028	111944679
chr13	111870028	111944679
chr13	111870028	111944679
chr13	111896593	111944679
chrX	110366331	110463675
chr13	111870028	111955460
chr13	111767873	111944679
chr16	29883019	29910340
chr16	29883019	29910340
chr16	29883019	29910340
chr16	29883019	29910340
chr16	29883019	29910340
chr16	29883019	29910340
chrX	47496227	47500840
chrX	47496433	47500840
chrX	47496227	47500840
chr17	40312057	40332963
chr3	19190211	19575591
chrX	123480492	123505241
chrX	123480492	123505241
chr3	189349304	189612010
chr3	189349304	189597967
chr3	189507589	189612291
chr3	189507589	189612010
chr3	189507589	189597967
chr3	189349304	189612020
chr3	189507589	189612020
chr3	189507589	189612291
chr3	189349304	189612291
chr3	189507589	189612020
chr3	189507589	189612020
chr3	189314971	189612291
chr3	189349304	189612291
chrX	119562338	119603024
chrX	119565177	119603024
chrX	119573008	119603024
chrX	11130180	11139930
chrX	11130180	11139930
chrX	11130180	11139930
chrY	15016847	15030034
chrY	15017690	15030034
chrY	15016847	15030034
chrY	15016847	15030034
chr17	44039703	44101537
chr17	44039703	44101537
chr17	44039703	44101537
chr17	44039703	44101537
chr17	44039703	44101537
chr17	44039703	44101537
chr17	44039703	44102554
chr17	44039703	44101537
chr17	44039703	44101537
chr17	44039703	44101537
chr17	44039703	44101537
chr17	44039703	44101537
chrX	39911361	39937182
chrX	39911361	39937182
chrX	39911361	39937182
chrX	39911361	39937182
chr11	10327247	10328188
chrX	41379672	41782241
chrX	41379672	41782241
chrX	41379672	41782241
chrX	41379672	41782241
chr11	124609980	124615620
chr11	124609980	124615620
chr7	69064639	70255982
chr7	69064639	69755494
chr7	69064639	70255982
chr16	30078575	30081533
chr16	30078218	30081533
chr16	30064814	30075163
chr16	30064814	30075163
chr16	30064814	30075163
chr16	30078575	30081533
chr16	30078575	30081533
chr16	55515787	55539354
chr16	55516895	55539354
chr16	55516895	55539354
chr16	55516895	55539354
chr16	55513391	55539354
chr16	51171022	51175841
chr16	51171022	51185152
chr16	89696818	89704630
chr18	47795998	47806362
chr18	47797870	47806362
chr18	47797870	47806362
chr18	47797870	47806362
chr18	47797870	47806362
chr18	47793957	47806362
chr18	47796380	47806362
chr18	47796045	47806362
chr18	47797870	47806362
chr18	47795998	47806362
chr18	47795998	47806362
chr18	47797870	47802756
chr18	47797870	47806362
chr18	47793957	47806362
chr18	47797870	47806362
chr18	47793957	47802756
chr18	47795998	47806362
chr18	47797870	47806362
chr18	47793957	47806362
chr18	47797870	47806362
chr18	47797870	47806362
chr18	47797870	47806362
chr18	47797870	47806362
chr18	47796045	47806362
chr18	47796045	47806362
chr18	47796045	47806362
chr18	47793957	47806362
chr18	47795998	47806362
chr18	47796045	47806362
chr18	47795998	47806362
chr18	47795998	47806362
chr18	47796045	47806362
chr18	47797870	47806362
chr18	47797870	47806362
chr18	47795998	47806362
chr18	47796045	47806362
chr18	47795998	47806362
chr18	47793957	47806362
chr18	47797870	47806362
chr18	47797870	47806362
chr18	47796045	47806362
chr18	47793957	47806362
chr18	47797870	47806362
chr18	47797870	47806362
chr18	47793957	47806362
chr18	47793957	47806362
chr18	47793957	47806362
chr18	47797870	47806362
chr16	89696818	89704630
chr18	47797870	47806362
chr18	47795998	47806362
chr18	47797870	47806362
chr18	47797870	47806362
chr8	70476210	70570770
chr8	70476210	70570770
chr8	70476210	70570770
chr8	70476210	70570770
chr17	7094026	7120466
chr17	7094026	7122168
chr17	7094026	7120466
chr17	7094026	7107356
chr17	7094026	7107356
chr17	7094026	7122168
chr17	7094026	7110273
chr17	18128996	18146135
chr19	11094827	11172492
chr19	11094827	11172492
chr19	11094827	11172492
chr19	11094827	11172492
chr19	11094827	11172492
chr19	11094827	11172492
chr19	11094827	11172492
chr19	11094827	11172492
chr19	11094827	11172492
chr3	75986644	77695206
chr3	77089936	77695206
chr3	77089936	77695206
chr3	77614201	77695206
chr3	75986644	77695206
chr3	75986644	77695206
chr3	76360438	77695206
chr3	77089936	77695206
chr3	76360438	77695209
chr3	75986644	77695206
chr3	75986644	77695209
chr3	77089936	77695206
chr3	76360438	77695206
chr3	76360438	77695209
chr3	75986644	77695206
chr3	75986644	77695209
chr3	77089936	77695206
chr3	75986644	77695209
chr3	77089936	77695206
chrX	152014868	152037660
chrX	152014868	152037660
chr6	33388041	33419579
chr6	33388041	33419683
chr6	33388041	33419579
chr5	86564268	86686700
chr6	33388041	33419683
chr5	86564864	86686700
chr18	42281311	42456718
chr18	42281311	42643663
chr18	42281311	42643663
chr18	42281311	42643663
chr15	29346087	29409336
chr15	29346087	29409336
chr15	29346087	29409336
chr15	29346087	29409336
chr15	29346087	29409336
chr15	29346087	29409336
chr15	29346087	29409336
chr15	29346087	29409336
chr15	29346087	29401306
chr15	29363239	29409336
chr15	29363239	29409336
chr15	29346087	29409336
chr15	29346087	29409336
chr17	15603643	15620604
chr17	15603084	15620604
chr17	15603084	15620604
chr17	15619374	15620604
chr17	15619374	15620604
chr17	15619374	15620604
chr17	15619374	15620604
chr17	15619374	15620604
chr17	15619374	15620604
chr17	15619374	15620604
chr17	15619374	15620604
chr17	15619374	15620604
chr17	15609727	15620604
chr17	15603643	15620604
chr9	101867487	101911587
chr9	101867487	101911587
chr9	101867487	101911587
chrX	152853822	152864529
chrX	152853822	152864529
chr5	88018420	88119605
chr5	88018420	88119605
chr5	88018420	88119605
chr5	88018420	88119605
chr5	88018420	88119605
chr5	88018420	88119605
chr5	88018420	88119605
chr5	88018420	88119605
chr5	88018420	88119605
chr5	88018420	88119605
chr5	88018420	88119605
chr5	88018420	88119605
chr5	88018420	88119605
chr5	88018420	88119605
chr5	88018420	88119605
chr5	88018420	88119605
chr5	88018420	88119605
chr5	88018420	88119605
chr5	88018420	88119605
chr5	88018420	88119605
chr5	88018420	88119605
chr5	88018420	88119605
chr5	88018420	88119605
chr5	88018577	88119605
chr5	88018577	88119605
chr5	88018577	88119605
chr5	88018577	88119605
chr5	88018577	88119605
chr5	88018577	88119605
chr5	88018577	88119605
chr5	88018420	88057025
chr5	88018577	88119605
chr5	88018577	88119605
chr5	88018420	88057025
chr5	88018420	88047836
chr5	88018420	88119605
chr3	18390661	18462459
chr3	18390661	18462459
chr3	18390661	18462459
chr3	18390661	18462459
chr3	18390661	18462459
chr3	18390661	18462459
chr3	18390661	18462459
chr3	18390661	18458565
chr3	18390661	18462459
chr1	61548463	61920992
chr1	61543297	61920992
chr1	61547615	61920992
chr1	61548463	61921051
chr6	135606782	135813375
chr6	135606782	135813375
chr6	135709118	135813375
chr6	135606782	135813375
chr6	135606763	135813375
chr6	135606782	135813375
chr7	72742275	72756897
chr7	72742431	72756897
chr7	72742275	72756897
chr7	72742431	72756897
chr2	50149081	51255411
chr2	50149081	50201138
chr2	50149081	50201138
chr2	50149081	51255411
chr2	50149081	51255411
chr2	51147139	51255411
chr2	51147139	51255411
chr2	50149081	51255411
chr2	50149081	51255411
chr2	50149081	51255411
chr2	50149081	51255411
chr2	50149081	51255411
chr2	50149081	51255411
chr2	50149081	51255411
chr2	51149742	51255411
chr2	51146329	51255411
chr2	50149081	50574087
chr2	50149081	50574087
chr2	50149081	51255411
chr2	50149081	51255411
chr2	50149081	51255411
chr2	50149081	51255411
chr2	50149081	50574087
chr2	50149081	51255411
chr2	50149081	50574087
chrX	17653686	17750584
chrX	17393880	17750584
chrX	17653686	17750584
chrX	17393880	17750584
chr15	23048828	23062272
chr15	23048828	23086411
chr9	91977316	92020371
chr9	91993618	92020371
chr9	91993618	92020371
chr9	91993618	92020371
chr9	91993618	92020371
chr9	91977316	92020371
chr9	91977316	92020371
chr9	91977316	92020371
chr9	91977316	92020371
chr9	91977316	92020371
chr9	91993618	92020371
chr2	97372992	97405777
chr2	97372992	97400217
chr2	97372992	97400155
chr2	97372992	97400155
chr2	97372992	97400217
chr2	97372992	97400155
chr2	97372992	97400217
chr2	97372992	97400217
chr2	97372992	97400217
chr2	97372992	97405777
chr22	43193593	43253188
chr20	61906932	61918977
chr20	61906981	61919225
chr20	61907899	61919225
chr22	43193593	43253188
chr20	61906932	61919225
chr20	61906932	61919225
chr16	7102072	7760747
chr16	7102072	7760747
chr16	6069899	7759573
chr16	7102072	7760625
chr16	7102072	7760747
chr16	7383002	7760747
chr16	7383002	7760747
chr16	7383002	7760625
chrX	153991240	154005142
chrX	153991240	154002984
chrX	153991240	154005142
chr9	130501024	130511566
chr9	130501024	130511566
chr9	130501024	130517438
chr9	130501024	130517438
chr10	50824615	50873092
chr10	50824098	50873092
chr10	50824615	50873092
chr9	130501024	130529490
chr9	130501024	130533508
chr10	50822235	50873092
chr10	50824615	50873092
chr10	50824615	50873092
chr10	50824615	50873092
chr9	130501024	130540906
chr11	63273930	63283865
chr11	63273930	63283865
chr11	63276072	63283865
chr11	63276072	63283865
chr12	66742798	67072684
chr8	71025866	71128980
chr8	71025866	71128980
chr8	71025866	71128980
chr8	71025866	71128980
chr8	71025866	71082515
chr12	66742798	67072684
chr12	66742798	67197965
chr12	66742798	67197965
chr12	66742798	67197965
chr12	66742798	67072684
chr12	66742798	67197965
chr12	66742798	67197965
chr12	66742798	67462887
chr12	66742798	67462887
chr8	71025866	71128980
chr12	66742798	67072684
chr11	63273930	63283865
chr17	42928641	42964118
chr17	42928641	42971889
chr17	42928641	42971889
chr17	42928641	42971889
chr2	105883839	105924758
chr16	3708129	3767509
chr2	105866800	105924758
chr2	105883839	105924758
chr16	3708129	3767509
chrX	152954029	152960669
chrX	152955912	152960669
chrX	152954029	152960669
chr12	47471216	47472785
chr12	47471216	47472785
chr12	47471216	47472785
chr11	27679367	27680111
chr11	27679367	27680111
chr11	27679367	27680111
chr11	27679367	27680111
chr11	27679367	27722583
chr11	27679367	27695831
chr11	27679367	27680111
chr11	27679367	27680111
chr11	27679367	27680111
chr11	27679367	27680111
chr11	27679367	27680111
chr11	27679367	27680111
chr11	27679367	27742961
chr11	27679367	27680111
chr11	27679367	27680111
chr11	27679367	27720952
chr11	27679367	27680111
chr18	22040692	22057526
chr18	22040692	22056721
chr18	22040692	22057526
chr16	15758635	15818108
chr16	15758635	15818108
chrX	109919458	110035409
chrX	109919458	110035409
chrX	109919458	110035409
chrX	109919458	110035409
chrX	109919458	110035409
chrX	109919458	110035409
chrX	109919458	110035409
chrX	109919458	110035409
chrX	109922578	110035409
chrX	109919458	110035409
chr8	82571585	82598150
chr8	82572762	82593795
chr8	82571585	82593795
chr15	67457341	67482874
chr15	67430364	67482874
chr15	67459169	67482874
chr15	67358492	67482874
chr17	43861910	43912130
chr17	43861910	43912130
chr17	43861910	43912130
chr17	43907550	43912130
chr17	43893924	43912130
chr17	43861910	43912130
chr15	96869538	96880851
chr15	96877321	96880851
chr15	96877321	96880851
chr15	96875334	96880851
chr10	117823908	118031541
chr10	117823908	118031541
chr10	117823908	118031541
chr10	117823908	118015215
chr10	117823908	118031541
chr10	117823908	118031541
chr10	117823908	118031541
chr10	117823908	118031541
chr10	117819368	118031541
chr10	117819368	118031541
chr10	117823908	118031541
chr10	117823908	118031541
chr9	140513480	140678602
chr9	140611085	140686572
chr9	140513480	140729405
chr9	140513480	140657296
chr9	140611085	140657296
chr9	140513480	140729405
chr3	128199861	128205874
chr3	128199861	128205874
chr3	128199861	128205874
chr16	57684199	57697494
chr16	57684199	57697494
chr16	57684199	57697494
chr16	57684199	57697494
chr16	57684199	57697494
chr16	57684199	57697494
chr16	57687152	57697494
chr16	57687152	57697494
chr16	57684199	57697494
chr16	57684199	57697494
chr16	57684199	57697494
chr16	57684199	57697494
chr16	57684199	57697494
chr16	57684199	57697494
chr16	57684199	57697494
chr16	57684199	57697494
chr16	57684199	57697494
chr16	57684199	57697494
chr16	57684199	57697494
chr16	57684199	57697494
chr16	57684199	57697494
chr16	57684199	57697494
chr16	57684199	57697494
chr16	57687152	57697494
chr16	57687152	57697494
chr16	57687152	57697494
chr16	57684199	57697494
chr16	57684199	57697494
chr16	57684199	57697494
chr16	28877415	28885141
chr16	28877415	28884786
chr16	28877415	28884769
chr16	28877415	28884786
chr16	28877415	28885141
chr16	28878720	28884786
chr16	28877415	28885141
chr16	28877415	28885141
chr16	28877415	28884786
chr5	150227685	150228231
chr5	150227685	150280202
chr11	15994354	16362794
chr11	15994354	16362794
chr11	15994354	16362794
chr11	15994354	16362794
chr11	15994354	16362794
chr11	15994354	16362794
chr4	6279182	6304195
chr4	6279182	6304195
chrX	100603374	100603652
chrX	100601486	100603652
chr8	70585521	70744908
chr8	70585103	70744908
chr8	70585103	70744908
chr15	74702964	74726259
chr15	74702964	74709986
chr15	74702964	74726259
chr21	37833273	37833993
chr21	37833273	37833993
chr21	37833273	37833993
chr21	37833273	37833993
chr21	37833273	37833993
chrX	74598986	74742859
chrX	74670556	74742859
chrX	74598986	74742859
chr1	210111595	210334387
chr1	210111609	210334387
chr1	210111595	210334387
chr1	210187030	210334387
chr1	210111609	210334387
chrX	53221925	53254071
chrX	53222148	53254071
chrX	53222148	53254071
chrX	53205762	53254071
chrX	53205762	53254071
chrX	53205762	53254071
chrX	53220777	53254071
chrX	53222148	53254071
chrX	56259767	56310761
chrX	56259708	56310761
chrX	56259767	56310927
chrX	56259767	56310927
chrX	56041372	56310927
chrX	56276665	56310927
chrX	56259767	56310927
chr15	73854250	73925556
chr15	73854250	73925556
chr15	73854250	73925556
chr15	73854250	73925556
chr7	74103462	74173168
chr7	74103462	74131275
chr7	74103462	74173168
chr7	74103462	74173168
chr7	74103462	74173168
chr7	74103462	74173168
chr11	71146420	71155998
chr11	71146420	71155998
chr20	30946578	30959972
chr20	30947110	31025141
chr20	30946578	31025141
chrX	132670151	133119476
chrX	132670151	133119476
chrX	132670151	133119476
chrX	132670151	133119476
chr3	4403827	4508929
chr3	4403827	4508929
chr3	4403827	4508929
chr14	33408522	34270315
chr14	33408522	34270315
chr14	33408522	34270315
chr14	33408522	34270315
chr7	156798213	156801746
chr7	156798213	156803044
chr7	73114801	73133961
chr7	73114736	73133961
chr10	119302778	119307679
chr10	119302778	119307743
chr2	166847754	166930131
chr2	166847754	166930131
chr2	166847754	166930131
chr2	166847754	166930131
chr2	166847754	166930131
chr2	166847754	166930131
chr2	166847754	166930131
chr2	166847754	166930131
chr2	166847754	166930131
chr2	166847754	166930131
chr2	166847754	166930131
chr2	166847754	166930131
chr2	166847754	166930131
chr2	166847754	166896079
chr2	166847754	166930131
chr11	67374475	67379929
chr11	67374475	67379929
chr4	5564574	5699362
chr4	5564574	5710240
chr5	172660499	172662086
chr5	172660345	172662086
chr5	172659571	172662086
chr6	101847153	102513788
chr19	42506266	42569922
chr19	42503022	42569922
chr6	101847153	102516386
chr6	101847153	102511884
chrX	69699043	69722119
chr17	41879068	41909349
chr17	41879068	41909274
chr17	41879068	41909274
chrX	69672471	69722119
chrX	69665051	69722119
chrX	70367599	70389947
chrX	70367950	70389947
chrX	70367599	70389947
chrX	70367599	70389947
chr5	36608525	36686371
chr5	36608525	36608723
chr5	36608525	36686371
chr5	36608525	36686371
chr5	36608525	36686371
chrX	123019512	123041031
chrX	123019512	123041031
chrX	123019512	123041031
chrX	123019512	123041031
chrX	123019512	123041031
chr12	65563376	65640105
chr12	65563376	65640105
chr18	48422190	48473409
chr22	46759119	46933067
chr18	48422190	48473554
chr22	46759074	46933067
chr5	140579347	140581741
chr3	147106645	147121885
chr3	147106645	147123258
chr3	147106645	147120584
chr3	147106645	147120584
chrX	147582617	148072862
chrX	147582617	148072862
chrX	147582617	148072862
chrX	147582617	148072862
chrX	147800704	148072862
chrX	147582617	148072862
chr14	21853771	21899802
chr14	21853771	21899975
chrX	1734092	1761907
chrX	1734092	1761907
chrX	1734092	1761907
chr3	184064393	184079267
chr3	184064393	184079267
chr3	184064393	184079267
chr3	184064393	184079267
chrX	70460765	70473105
chrX	70469292	70473105
chrX	70460765	70473105
chrX	70460765	70473105
chr2	145147017	145274917
chr2	145147017	145274917
chr6	52288606	52357139
chr6	52285208	52357139
chr1	226125140	226128840
chr1	226125140	226128840
chr2	200136933	200320760
chr2	200136933	200320760
chr2	200136933	200320760
chr15	73345016	73595037
chr15	73345016	73595037
chr15	73345016	73595037
chr16	30566514	30569503
chr16	30566514	30569503
chr7	114066566	114329981
chr7	114066566	114294097
chr7	114066566	114329981
chr7	114066566	114329981
chr7	114066566	114294097
chr7	114066566	114329981
chrX	1522161	1561129
chrX	1522161	1571733
chrX	1522161	1571733
chrX	62857907	63005025
chrX	62857907	62926212
chrX	62857907	62944537
chrX	62857907	63005025
chrX	62857907	63005025
chrX	62857907	62975085
chrX	62857907	62974192
chrX	62857907	62974196
chrX	62857907	62944537
chrX	62857907	62974192
chrX	62857907	62974192
chrX	62857907	62974196
chrX	62857907	62974196
chrX	62857907	62944537
chrX	62857907	62944537
chrX	62857907	62944537
chrX	62857907	62944537
chrX	62857907	62944537
chrX	62857907	62944537
chrX	62857907	62974192
chrX	62857907	62974196
chrX	62857907	62944537
chrX	62857907	62926212
chrX	62863886	62944537
chrX	62863886	62944537
chrX	62857907	62917151
chrX	62857907	62974192
chr10	21074811	21462762
chr10	21074675	21462762
chr10	21074675	21461639
chr10	21074675	21462604
chr10	21074675	21461639
chr10	21074675	21461367
chr10	21074675	21461367
chr10	21074675	21461367
chr10	21074675	21186134
chr10	21074675	21462762
chr22	19026377	19109719
chr22	19026377	19109719
chr22	19026377	19109719
chr22	19026377	19109719
chr8	38271145	38314964
chr8	38271145	38297890
chr8	38271145	38314964
chr8	38271145	38314964
chr8	38271145	38318624
chr8	38269906	38314964
chr8	38271145	38314964
chr8	38269906	38314964
chr8	38269906	38314964
chr8	38271145	38314964
chr8	38271145	38314964
chr8	38271145	38314964
chr8	38271145	38314964
chr3	46620597	46622740
chr3	46619459	46622740
chr9	129376728	129458730
chr9	129376728	129458730
chr9	129376728	129458730
chr22	19467491	19506431
chr22	19467491	19506431
chr22	19467079	19506431
chr22	19467491	19506431
chr2	162481028	162834244
chr2	162565258	162834244
chr2	162481028	162839755
chr2	162565258	162834244
chr2	162565258	162834260
chr2	162567177	162839755
chr2	162481028	162834244
chr2	162565258	162839755
chr2	162481028	162839755
chr2	162567177	162834244
chr2	162565258	162834244
chr2	162481028	162834244
chr2	162481028	162834260
chr2	162481028	162834260
chr2	162481028	162834244
chr2	162719385	162834244
chr2	162567177	162834244
chr2	162567177	162834244
chr2	162481028	162834244
chr5	69321278	69328214
chr5	69321278	69337567
chr3	142168270	142297546
chr3	142168270	142297546
chr2	69240631	69372508
chr2	69240631	69472617
chr12	109994832	110011285
chr2	69240631	69399516
chr9	119187894	119414034
chr9	119375810	119414034
chr9	119188129	120177216
chr9	119188129	120177216
chr9	119188129	120177216
chr9	119188129	119449084
chr9	119187868	119414034
chr9	119187868	119414034
chrX	154722225	154774937
chrX	154721195	154774937
chrX	53965590	54071323
chrX	53964413	54069161
chrX	53969796	54069161
chrX	53965590	54069161
chr17	29298091	29325706
chr17	29298091	29326209
chr17	29298091	29325706
chr4	2492220	2515546
chr4	2492220	2515475
chr4	2492220	2515546
chr15	25200195	25213184
chr15	25200195	25213184
chr22	20119470	20134754
chr22	20119470	20132923
chrX	146993697	147030350
chrX	146993697	147030364
chrX	146993697	147030350
chrX	146993697	147030364
chrX	146993697	147030364
chr22	20073486	20097631
chr22	20073486	20097631
chr1	103343574	103573734
chr1	103343574	103573734
chr1	103343574	103573734
chr1	103343574	103573734
chr12	330113	369218
chr12	368924	369218
chr12	330113	369218
chr11	791914	795006
chr11	791914	795006
chr11	791914	795006
chr15	33022891	33023446
chr15	33022891	33023446
chr15	33022891	33023446
chr15	33022891	33023446
chr5	1253842	1295104
chr5	1253842	1295104
chr17	44108841	44249509
chr17	44108841	44249509
chr17	44108841	44249509
chr17	44108841	44249509
chr16	87336662	87350848
chr16	87339364	87350848
chr16	87339364	87350799
chr22	18900687	18918660
chr22	18900687	18923800
chr2	241558359	241570299
chr2	241558359	241570299
chr2	241569369	241570299
chr11	118307227	118392887
chr11	118307227	118392887
chr5	126141376	126171956
chr5	126113200	126171956
chr17	17150411	17179473
chr17	17150411	17171249
chr17	17150411	17184500
chr17	17150411	17174306
chr17	17150411	17174242
chr17	17150411	17174242
chr17	17150411	17184500
chr3	166958580	167090689
chr3	166958580	167086343
chr3	166958580	167090689
chr3	166958580	167090689
chr7	73922410	74016760
chr7	73922410	74016760
chr7	73922410	74016760
chr4	170315660	170523781
chr4	170315660	170523781
chr4	170315660	170523781
chr4	170315660	170523781
chr4	170315660	170523781
chr4	170315660	170523781
chr4	170315660	170523781
chr4	170315660	170523781
chr4	170482299	170523781
chr4	170482299	170523781
chr4	170315660	170523781
chr1	6100628	6158634
chr1	6100628	6158634
chr1	6111596	6158634
chr1	6142254	6158634
chr1	6100628	6158634
chr1	6100628	6158634
chr20	6750773	6759736
chr1	120478041	120612020
chr1	120457928	120612020
chr14	54416749	54418940
chr14	54416749	54423538
chr14	54416749	54418751
chr14	54416749	54418940
chr14	54416749	54418751
chr14	54416749	54418940
chr14	54416749	54418751
chr14	54416749	54418940
chr14	54416749	54418940
chr10	225952	298410
chr10	225952	298410
chr10	225952	298410
chr10	225952	295049
chr10	225952	295049
chr10	243880	298410
chr10	225952	298410
chr10	225952	298410
chr10	225952	298410
chr10	225952	298410
chr10	225952	298410
chr10	225952	298410
chr10	225952	298410
chr10	225952	298410
chr10	225952	298410
chr10	225952	298410
chr10	225952	298410
chr10	225952	298410
chr10	225952	298410
chr10	225952	298410
chr10	225952	298410
chr10	243880	298410
chr10	225952	298410
chr10	225952	298410
chr10	225952	298410
chr10	180782	298410
chr10	225952	298410
chr10	255832	298410
chr10	225952	298410
chr10	180782	298410
chr10	255832	298410
chr10	225952	298410
chr10	243880	298410
chr10	282810	298410
chr10	225952	298410
chr10	225952	295049
chr7	101459310	101892322
chr7	101459310	101926382
chr7	101459310	101926382
chr7	101459310	101926382
chr7	101459310	101926382
chr7	101459310	101926382
chr7	101460919	101892322
chr2	203242197	203424669
chr4	77082865	77134696
chr4	77082865	77134696
chrX	106888488	106893262
chrX	106871858	106893262
chr7	18066448	18067405
chr7	73507579	73535631
chr7	73498320	73535631
chr8	133141508	133459473
chr8	133141508	133492779
chr13	28222573	28240090
chr13	28196120	28197387
chr13	28196120	28197387
chr13	28196120	28240090
chr1	209961764	209969786
chr1	209961764	209974758
chr1	243663044	244006472
chr1	243668550	244006472
chr1	243668550	244006472
chr1	243663044	244006472
chr3	2613187	3097904
chr3	2942412	3097904
chr3	2613187	3097904
chr3	2613187	3097904
chr3	2942412	3097904
chr12	120126036	120313972
chr1	26759436	26795622
chr1	26759436	26795622
chr1	26769320	26795622
chr12	120126036	120313972
chr1	26759436	26795622
chr1	26759436	26795622
chr20	31368129	31395709
chr20	31368129	31395709
chr20	31368129	31395709
chr20	31368129	31395709
chr20	31368129	31395709
chr20	31367921	31395709
chr15	37184373	37391667
chr15	37186954	37390373
chr15	37186954	37391667
chr15	37184373	37391667
chr15	37184373	37391667
chr15	37186954	37391667
chr15	37186954	37390373
chr15	37186954	37390171
chr7	50358657	50468325
chr7	50358657	50468325
chr7	50358657	50468325
chr7	50358657	50468325
chr7	50358657	50468325
chr7	50358657	50468325
chr7	50358657	50468325
chr7	50358657	50468325
chr7	50358657	50468325
chr7	50358657	50468325
chr7	50358657	50468325
chr7	50358657	50468325
chr7	50358657	50468325
chr7	50358657	50436068
chr7	50358657	50437233
chr7	50358657	50437233
chr7	50358657	50468325
chr7	75167492	75368238
chr7	75167492	75268386
chr7	75167492	75241016
chr7	75167492	75368238
chr2	233470869	233546429
chr2	233527545	233546429
chr2	233498414	233546429
chr11	99426945	100226951
chr11	99426945	100179206
chr11	99426945	100226951
chr11	99426945	100226951
chr1	46654390	46663493
chr1	46654941	46663033
chr1	46654941	46661587
chr1	46654941	46663493
chr2	241656780	241737169
chr2	241656780	241737169
chr2	241656780	241737169
chr2	241656780	241737169
chr2	241656780	241737169
chr2	241656780	241737169
chr2	241656780	241737169
chr2	241656780	241737169
chr2	241656780	241737169
chr2	241656780	241737169
chr2	241656780	241737169
chr2	241656780	241737169
chr2	241656780	241737169
chr2	241656780	241737169
chr2	241656780	241737169
chr2	241656780	241737169
chr2	241656780	241737169
chr2	241656780	241737169
chr2	241656780	241737169
chr2	241656780	241737169
chr2	241656780	241737169
chr2	241656780	241737169
chr2	241656780	241737169
chr2	241656780	241737169
chr19	6586030	6591013
chr19	6583310	6591013
chr6	31949884	31970317
chr6	31949884	31970317
chr15	73016925	73029928
chr15	72978568	73029928
chr15	72978568	73029928
chr16	89334885	89383427
chr16	89334885	89383427
chr16	89334885	89383427
chr1	146724343	146767190
chr1	146737694	146767190
chr1	146714353	146767190
chr1	146724366	146767190
chr1	146724366	146767190
chr1	146726623	146767190
chr1	146714353	146767190
chr1	146727577	146767190
chr1	146737694	146767190
chr1	146737694	146767190
chr1	146737694	146767190
chr1	146737694	146767190
chr1	146737694	146767190
chr1	146737694	146767190
chr1	146737694	146767190
chr1	146737694	146767190
chr1	146737694	146767190
chr1	146737694	146767190
chr1	146737694	146767190
chr1	146714353	146767190
chr1	146726623	146767190
chr16	29824375	29825959
chr16	29824375	29825275
chr16	29824375	29825959
chr10	76602615	76790804
chr10	76602615	76790804
chr10	76602615	76790804
chr10	76602615	76790804
chr10	76603153	76790804
chr10	76603153	76790804
chr10	76602615	76790804
chr10	76602615	76790804
chr10	76602615	76790804
chr10	76602615	76790804
chr10	76602615	76790804
chr10	76602615	76790804
chr10	76602615	76790804
chr10	76602615	76790804
chr10	76602615	76790804
chr10	76602615	76790804
chr9	676972	745235
chr9	676972	745235
chr9	676972	745235
chr9	676972	745235
chr9	711240	745235
chr9	676972	745235
chr9	711240	745235
chr9	711240	745235
chr9	711240	745235
chr9	711240	745235
chr9	711240	745235
chr9	711240	745235
chr9	711240	745235
chr9	711240	745235
chr9	711240	745235
chr9	711240	745235
chr9	676972	745235
chr9	711240	745235
chr1	156095994	156109630
chr1	156096593	156107555
chr1	156084709	156107555
chr1	156084709	156108897
chr1	156084709	156107555
chr1	156084709	156108897
chr1	156084709	156108897
chr16	22314289	22345021
chr16	22314289	22345021
chr16	22319489	22345021
chr16	22314289	22345021
chr16	22314289	22345021
chrX	21958942	22012469
chrX	21958942	22012469
chr17	17696262	17713295
chr12	23687152	24048957
chr12	23687152	24103810
chr12	23687152	24102535
chr12	23687152	24102535
chr12	23687152	24048957
chr12	23687152	23737486
chr6	15468795	15520482
chr6	15246770	15520482
chr2	131350430	131356860
chr2	131350449	131356860
chr2	131350449	131356860
chr14	57268452	57272174
chr14	57268452	57272174
chr14	57268452	57272174
chr14	57268452	57272174
chr14	57268452	57272174
chr19	13135447	13205463
chr19	13134845	13201184
chr19	13106651	13205463
chr19	13106651	13201184
chr19	13135948	13201184
chr19	13135810	13205463
chr19	13135810	13201184
chr19	13134845	13205463
chr19	13135458	13205463
chr19	13106651	13201184
chr21	41384960	42218587
chr21	41384960	42218587
chr15	67495158	67528779
chr15	67495158	67528779
chr15	67495158	67546969
chr2	242435076	242447450
chr2	242435076	242447450
chr2	242435076	242447450
chr2	242435076	242447450
chr2	242435076	242440190
chr2	242435076	242440981
chr2	242435076	242440190
chr2	242435076	242440190
chr2	242435076	242447450
chrX	15845447	15870647
chrX	15849655	15870647
chrX	15851073	15870647
chrX	15851629	15870647
chrX	15845447	15870647
chr2	72359355	72374963
chr2	72359355	72374963
chr1	244217103	244218672
chr1	244217103	244218672
chr1	244214733	244218672
chr6	170151753	170181609
chr6	170156496	170181609
chr6	170151753	170181609
chr6	170151753	170181609
chr18	3449629	3457938
chr18	3450487	3457938
chr18	3456395	3457938
chr18	3456395	3457938
chr18	3456395	3457938
chr18	3450487	3457938
chr18	3456395	3457938
chr18	3447737	3457938
chr18	3450487	3457938
chr18	3456395	3457938
chr18	3456395	3457938
chr18	3456395	3457938
chr18	3456395	3457938
chr7	73646435	73663370
chr7	73646435	73664091
chr7	73646435	73663370
chr7	73646435	73668713
chr7	73646435	73668713
chr10	47086783	47087911
chr10	47086783	47087911
chr9	34459003	34520754
chr9	34459003	34520754
chrX	53407023	53448887
chrX	53407023	53449549
chrX	5810857	6069507
chrX	5810857	6069507
chrX	5810857	6069507
chrX	5810857	6069507
chrX	48337501	48341406
chrX	48336435	48341406
chrX	48336435	48341406
chrX	118708918	118717218
chrX	118708674	118717218
chrX	118708674	118717218
chr12	133195402	133198558
chr12	133195402	133198095
chr12	133195402	133198558
chr12	133195402	133198558
chr12	133195402	133198558
chr12	133195402	133198558
chr12	133195402	133198558
chr12	133195402	133198558
chrX	48369759	48378864
chrX	48368208	48378864
chrX	48368208	48378864
chrX	48368208	48378864
chrX	48368208	48378864
chr15	43922898	43940259
chr15	43922898	43941032
chr15	43922898	43940259
chr16	87364893	87377344
chr16	87364893	87417350
chr10	20106008	20568748
chr10	20106008	20568748
chr8	116426250	116680110
chr8	116426250	116635857
chr8	116426250	116632285
chr8	116426250	116635864
chr10	64927804	64979644
chr10	64927804	64975173
chr10	64927804	64979644
chr10	64927804	65225422
chr10	64927804	64976987
chr10	64927804	64976987
chr10	64927804	65225422
chr16	28893822	28915025
chr16	28889992	28915025
chr16	28889992	28915526
chr15	32917296	32930046
chr15	32917296	32930046
chr15	32908412	32930046
chr15	32908412	32928139
chr9	20346440	20621774
chr9	20346440	20622255
chrX	107400229	107681426
chrX	107400229	107681426
chrX	107400229	107681426
chrX	107400229	107682601
chrX	107400229	107681426
chr5	10973564	11565069
chr5	10973564	11565069
chr5	10973564	11364880
chr5	10973564	11903965
chr5	10973564	11565069
chr11	31531331	31805086
chr11	31531331	31804977
chr11	31531331	31805072
chr3	131254038	131756453
chr3	131254038	131624287
chr3	131254038	131756453
chrX	44732797	44970656
chrX	44732797	44970656
chrX	44732797	44970656
chrX	44732797	44970656
chrX	44913078	44970656
chrX	44732797	44970656
chr1	22149808	22263710
chr1	22149808	22263710
chr2	16082186	16086219
chr2	16080708	16086219
chr2	16080708	16082251
chr2	16082186	16086219
chr6	86215684	86303436
chr6	86215684	86284080
chr6	86215684	86303436
chr6	86215684	86303436
chr6	86215684	86303436
chr6	86215684	86303436
chr6	86215684	86303436
chr6	86215684	86303436
chr6	86215684	86303436
chr6	86215684	86284080
chr6	86215684	86303436
chr6	86215684	86303436
chr6	86215684	86284080
chr6	86215684	86284080
chr6	86215684	86284080
chr6	86215684	86281871
chr6	86215684	86281871
chr6	86215684	86256887
chr6	86215684	86253431
chr6	86215684	86253431
chr6	86215684	86253431
chr6	86215684	86253431
chr6	86215684	86253431
chr6	86215684	86253431
chr6	86215684	86303436
chr6	86215684	86303436
chr11	17515910	17565854
chr11	17515910	17565854
chr11	17515878	17565854
chr12	66219050	66346210
chr12	66219050	66308694
chr12	66219050	66236394
chr12	66219050	66357072
chr12	66219050	66308910
chr6	133595918	133849943
chr6	133595918	133849943
chr6	133595918	133849943
chr6	133595918	133849943
chr6	133595918	133849943
chr6	133595918	133849943
chr6	133595918	133849943
chr7	77648631	79082636
chr7	77648631	79082636
chr20	57875867	57899390
chr20	57875867	57899422
chr20	57875867	57899422
chr20	57875867	57899514
chr20	57875867	57899514
chr17	13972922	14110530
chr2	1795638	1983549
chr2	1795638	1983549
chr2	1795638	1983549
chr2	1795007	1983549
chr2	1795638	1983549
chr2	1795638	1983549
chr2	1795007	1983549
chr2	1796080	1983549
chr2	1796080	1983549
chr2	1795638	1983549
chrX	154444651	154467123
chrX	154437181	154467123
chrX	154448477	154467123
chrX	154444759	154467123
chr11	31454046	31484823
chr11	31454046	31484823
chr4	1695323	1713915
chr4	1695323	1713915
chr4	1695323	1713915
chr4	5170058	5500810
chr4	5053590	5500810
chr4	5053590	5500810
chrX	135750187	135825942
chrX	135750187	135863041
chrX	131211899	131261872
chrX	131211899	131261872
chr8	11565821	11615984
chr8	11606429	11615984
chr8	11606429	11615984
chr8	11606429	11615984
chr8	11565821	11615984
chr16	28834580	28848098
chr16	28834580	28847801
chr16	28834580	28847801
chr16	28834580	28847801
chr16	28834580	28847801
chr16	28834580	28847801
chr16	28834580	28847586
chr16	28834580	28847586
chr16	28834580	28847801
chr16	28834580	28847801
chr16	28834580	28847801
chr16	28834580	28847801
chr16	28834580	28847801
chr16	28834580	28847586
chr16	28834580	28847801
chr16	28834580	28847586
chr16	28834580	28848121
chr16	28834580	28848121
chr16	28834580	28848098
chr16	28834580	28848121
chr16	28834580	28847801
chr16	28834580	28847586
chr16	28834580	28847586
chr16	28834580	28847586
chr16	28834580	28848098
chr16	28834580	28848121
chr16	28834580	28848121
chr16	28834580	28848098
chr16	28834580	28847801
chr16	28834580	28847801
chr16	28834580	28847801
chr16	28834580	28847801
chr16	28834580	28847801
chr16	28834580	28847801
chr16	28834580	28848098
chr16	28834580	28847801
chr16	28834580	28848098
chr16	28834580	28847586
chr16	28834580	28848098
chr16	28834580	28847586
chr16	28834580	28848098
chr16	28834580	28848121
chr16	28834580	28847801
chr16	28834580	28848098
chr16	28834580	28848121
chr10	95517901	95557543
chr10	95517901	95557560
chr10	95517901	95557560
chr1	244999016	245006478
chr1	244999016	245006478
chr1	244999016	245006478
chr1	244999016	245005529
chr1	244999016	245006478
chr8	61653991	61778492
chr8	61653991	61778492
chr1	145416333	145416936
chr1	145414781	145416936
chr1	145415520	145416936
chr1	145416333	145416936
chr1	145416333	145416936
chr1	145414781	145416936
chr20	50400803	50418947
chr20	50400803	50418947
chr9	94488875	94712245
chr15	60789653	60919573
chr9	94485943	94712245
chr15	60789653	60919573
chr15	60789653	61521417
chr15	60789653	60884616
chr16	29690417	29708732
chr16	29690518	29708732
chr16	29690518	29708732
chr13	66878786	67802572
chr13	66878786	67802572
chr13	67799473	67802572
chr13	66878786	67802572
chr13	66878786	67802572
chrX	108887257	108926715
chrX	108887257	108926592
chrX	108887257	108926592
chrX	108887257	108926715
chr2	97202563	97218050
chr2	97202563	97218050
chr2	97215141	97218050
chr2	97216392	97218050
chr2	97216392	97218050
chr2	97216392	97218050
chr2	97202563	97218050
chr1	92712086	92763556
chr1	92712086	92763556
chr1	89150263	89299131
chr1	89226026	89299131
chr1	89150263	89299131
chr3	196509517	196555276
chr1	89150263	89299131
chr2	208420359	208441371
chr2	208420359	208461782
chr2	208420359	208461782
chr2	208424955	208461782
chr2	208420359	208461782
chr2	208420359	208461782
chr15	34354918	34356517
chr15	34354918	34356517
chr17	59533851	59560877
chr17	59533851	59560877
chr17	30264265	30326022
chr17	30264265	30326022
chr2	72406463	73053039
chr2	72406463	73053039
chr2	72410018	73053039
chr2	72406463	73053039
chr2	72406463	72958362
chr2	72406463	73053039
chr20	10256139	10286845
chr20	10256139	10286845
chr20	10256139	10286845
chr20	10256139	10286845
chr20	10256139	10286845
chr20	10256139	10286845
chr20	10256139	10286845
chr20	10256139	10286845
chr20	10256139	10286845
chr20	10256139	10286845
chr20	10256139	10286845
chr10	103371047	103436192
chr10	103371047	103454862
chrX	47306828	47315356
chrX	47306828	47326880
chrX	47306828	47315356
chrX	47306828	47326870
chrX	47306828	47315356
chrX	47306828	47326880
chrX	47306828	47315356
chrX	47306828	47326880
chrX	47306828	47326870
chrX	47306828	47315356
chrX	47306828	47326880
chrX	47306828	47326870
chrX	47306828	47315356
chrX	47306828	47326870
chrX	47306828	47326880
chrX	47306828	47326880
chrX	47306828	47326870
chrX	47306828	47326880
chrX	47306828	47326880
chrX	47306828	47326880
chr16	68021408	68026012
chr16	68021408	68027115
chr18	51686146	51750929
chr18	51729265	51750929
chr16	68021408	68027115
chr10	72192691	72195533
chr10	72192691	72201423
chr17	17991337	18010507
chr17	17991337	18010554
chrX	13753190	13787227
chrX	13762541	13787227
chrX	13753190	13787227
chr1	1271521	1284445
chr1	1271521	1284445
chr12	112856915	112942568
chr12	112856915	112942568
chr12	112856915	112942568
chr12	112856915	112924437
chrX	84502578	84526834
chrX	84502578	84526834
chrX	84502578	84526834
chrX	84502578	84526834
chrX	84502578	84526834
chrX	84502578	84526834
chrX	84502578	84526834
chrX	84502578	84526834
chrX	84502578	84526834
chrX	136648850	136659430
chrX	136648850	136652229
chr5	70265930	70308742
chr5	70265930	70308742
chr5	70265930	70320200
chr21	38792676	38884834
chr21	38792676	38884834
chr21	38845062	38884834
chr21	38792676	38884834
chr21	38792676	38878610
chr21	38792676	38884834
chr21	38792676	38884257
chr15	25219600	25223591
chr15	25219600	25223591
chr15	25219600	25223591
chr15	25219600	25223591
chr15	25219600	25223591
chr15	25219600	25223591
chr15	25219600	25223591
chr15	25219600	25223591
chr15	25219600	25223591
chr15	25219600	25223591
chr15	25219600	25223591
chr15	25219600	25223591
chr15	25219600	25223591
chr15	25220089	25223591
chr15	25220089	25223591
chr15	25220089	25223591
chr15	25220089	25223591
chr15	25220089	25223591
chr15	25220525	25223591
chr15	25220525	25223591
chr15	25219600	25223591
chr15	25219600	25223591
chr15	25219600	25223591
chr15	25219600	25223591
chr15	25219600	25223591
chr1	223165292	223179314
chr1	223116165	223179314
chr1	223116165	223179314
chr1	223116165	223179314
chr1	223116165	223179314
chr7	156476771	156685687
chr7	156476771	156626486
chr7	156476771	156556456
chr7	156476771	156556456
chr7	156476771	156589136
chr7	156476771	156556456
chr7	156476771	156685687
chr7	156476771	156685687
chr7	156476771	156589136
chr7	156476771	156685697
chr7	156476771	156556456
chr7	156476771	156685687
chr16	3705374	3707954
chr16	3705374	3707954
chr16	3705374	3707954
chr16	3705374	3707847
chr16	3705492	3707954
chr16	3705374	3707954
chr18	46570424	46956764
chr18	46570424	46956764
chr18	46570424	46956764
chr18	46570424	46956764
chr18	46570424	46956764
chr18	46570424	46956764
chr18	46570424	46956764
chr18	46570424	46956764
chr18	46570424	46956764
chr18	46570558	46956764
chr18	46570424	46956764
chr18	46570424	46956764
chr18	46570558	46956764
chr18	46570424	46956764
chr18	46570424	46956764
chr18	46570424	46956764
chr18	46570424	46956764
chr18	46570424	46956764
chr18	46570424	46956764
chr18	46570424	46956764
chr18	46570424	46956764
chr18	46570424	46956764
chr18	46570424	46956764
chr18	46570424	46956764
chr18	46570424	46956764
chr3	193333483	193409916
chr3	193333483	193409916
chrX	70338604	70362068
chr3	193311166	193409916
chr3	193311166	193409916
chr3	193311166	193409916
chr3	193311166	193409916
chr3	193311166	193409916
chr3	193311166	193409916
chr3	193311166	193409916
chr3	193311166	193409916
chr3	12626012	12660220
chr3	12626012	12660220
chr3	12626012	12660090
chr3	12626012	12660090
chr3	12626012	12660220
chr3	12626012	12660090
chr3	12626012	12660090
chr3	12626012	12660220
chr14	21359845	21360328
chr5	147204223	147211140
chr5	147204223	147211140
chr5	147204223	147211140
chr10	43600536	43622202
chr10	43572706	43622202
chr10	43572706	43623717
chr8	106331169	106815766
chr8	106573685	106815766
chr8	106331169	106815766
chr22	41489008	41574960
chr22	41489008	41574960
chr22	21062334	21213013
chr22	21062334	21213013
chr22	21062334	21213013
chr22	33670412	34157463
chr22	33670412	34157463
chr22	33670412	34157463
chr22	33670412	34157463
chr22	33670412	34157463
chr22	33670412	34157463
chr22	33670412	34157463
chr22	33670412	34157463
chr22	33670412	34157463
chr22	33670412	33968142
chr22	33670412	33968142
chr22	33670412	34157463
chr22	33670412	34157463
chr5	174151662	174152067
chr5	174151662	174156586
chr13	20978267	21099933
chr13	20978267	21099933
chr6	157431613	157529025
chr6	157098814	157529025
chr6	157098814	157529025
chr6	157098814	157529025
chr6	157098814	157529025
chr9	847079	968139
chr9	841838	968139
chr5	70331503	70358590
chr5	70334256	70358590
chr5	70334256	70358590
chr5	70334256	70358590
chr5	70334256	70358590
chr5	70331490	70356757
chr5	70334256	70357101
chr5	70331503	70358590
chr5	176562171	176722460
chr5	176562104	176722460
chr5	176562171	176722460
chrX	77084716	77150907
chrX	77084716	77151003
chr11	30900130	31349827
chr11	30900130	31349827
chr11	30900130	30942369
chr11	30900130	30974027
chr11	31284609	31349827
chr5	13692092	13944547
chr2	121554896	121748251
chr2	121554896	121748251
chr2	121708939	121748251
chr2	121554896	121748251
chr22	51112842	51169740
chr13	107145387	107187312
chr13	107145387	107187312
chr13	107159284	107187312
chr13	107145387	107187312
chr14	37131294	37145657
chr14	37131294	37145657
chr6	10529144	10626840
chr6	10556656	10626840
chr6	10529144	10626840
chr6	10586222	10626840
chr6	100838236	100911344
chr6	100838236	100911344
chr11	64374667	64481171
chr11	64374667	64481171
chr11	64374667	64481171
chr11	64374667	64481171
chr11	64374667	64481171
chr11	64374667	64481171
chr11	64374667	64481171
chr11	64374667	64410275
chr2	234343076	234378106
chr2	234296878	234378106
chr2	234263164	234378106
chr2	149216327	149270510
chr2	149216327	149270510
chrX	47705666	47776031
chrX	47705666	47776031
chrX	47705666	47783438
chrX	47705666	47780744
chrX	47705666	47776031
chr2	239974792	240274394
chr2	239974792	240274394
chr2	239974792	240274394
chr2	239974792	240274394
chr2	239974792	240274394
chrX	41307142	41334152
chrX	41307142	41334152
chr22	19748366	19754390
chr22	19747166	19770545
chr22	19747166	19766930
chr22	19747166	19754390
chr11	70318973	70672608
chr11	70318973	70858372
chr11	70318973	70507872
chr20	62037996	62103816
chr20	62037996	62103816
chr20	62037996	62103816
chr20	62037996	62103816
chr20	62037996	62103816
chr20	62065097	62103816
chr2	39212964	39351870
chr2	39212964	39347563
chr2	39212964	39347563
chr7	27147533	27150259
chr7	27147533	27150259
chr7	27147533	27150259
chr7	27147533	27150259
chr7	27147533	27150259
chr7	27147533	27150259
chr7	27147533	27150259
chr7	27147533	27150259
chr7	27147533	27150259
chr7	27147533	27150259
chr7	27147533	27150259
chr7	27147533	27150259
chr7	27147533	27150259
chr7	27147533	27150259
chr11	9801964	10315616
chr11	9801964	10315616
chr11	9801964	10315616
chr19	418927	460996
chr19	418927	460996
chr16	86544175	86546691
chr6	1390182	1395094
chr6	1610680	1612342
chrX	153665600	153671019
chr16	22358285	22385630
chr12	48367189	48398104
chr12	48367189	48398104
chr21	47531390	47552466
chr21	47531390	47549405
chr21	47531390	47548842
chr5	137801450	137803770
chr22	23437882	23465618
chr2	241375335	241405707
chr6	83921642	84140673
chr5	140562134	140564465
chr4	4861626	4864870
chr9	21802747	21862013
chr15	23931398	23932364
chr7	10973262	10979684
chrX	67268265	67652862
chr15	74287153	74335521
chr15	74287153	74337349
chr15	74287153	74328292
chr15	74287153	74326997
chr15	74287153	74326836
chr15	74287153	74326836
chr15	74287153	74328401
chr15	74287153	74335521
chr15	74287153	74328292
chr22	22123492	22221730
chr22	22123492	22221730
chr12	28116276	28122427
chr12	28116276	28122427
chr12	28111491	28122427
chr12	28111491	28122427
chr2	167262089	167334206
chr1	2160205	2238204
chr10	50818786	50820385
chr3	181430148	181431102
chrY	2655029	2655644
chr6	50786604	50811105
chr7	73731876	73818178
chr7	73731876	73818178
chr3	147127899	147131338
chr2	113976109	114035971
chr2	113977668	114035971
chr2	113977668	114035971
chr2	113977668	114035971
chr12	49415562	49449107
chr7	90894195	90896139
chr7	72848337	72850113
chr17	40834847	40850928
chr19	6531047	6535077
chr11	70049565	70052579
chr6	112375560	112390823
chr6	112375560	112390823
chr13	20763039	20763720
chr12	12870773	12871880
chrY	25281356	25344947
chr10	121411187	121436794
chr22	23523147	23657709
chr22	23523147	23657709
chr10	88635775	88683476
chr2	172965270	172967266
chrX	68049619	68060497
chrX	54472541	54521865
chr5	44305096	44388784
chr13	92051300	93518692
chr1	245017751	245027609
chr1	245017751	245027609
chr1	245017751	245027609
chr1	245017751	245027609
chr10	94353132	94413553
chr2	169985172	170218909
chrX	20173515	20284750
chr16	30097545	30102514
chrX	38420799	38546921
chrY	14821380	14971341
chr15	83518466	83621287
chr15	83518466	83621287
chr8	7752234	7754132
chr9	127245036	127265674
chr16	16043608	16235138
chr10	103990270	103991837
chr7	103113258	103629803
chr7	103113258	103629803
chr21	38072046	38120393
chr21	38072046	38117574
chr17	60023828	60142566
chr7	96650047	96653935
chr7	96650047	96653935
chr7	96318235	96339075
chr11	69625072	69633701
chr14	29236485	29237955
chr16	86600941	86602447
chr18	19751105	19780786
chr2	190921983	190927322
chr1	147230269	147231346
chr1	147230269	147231346
chr1	147380082	147381384
chr18	48573416	48604837
chr2	45169243	45171899
chr17	54671584	54672283
chr9	101052865	101471019
chr15	73614821	73660611
chr19	34919337	34960126
chrX	25022786	25033854
chr17	35295494	35300428
chrX	139585884	139587225
chr4	1985045	2010686
chr13	93879709	95055471
chrX	40440317	40465007
chr1	149895433	149899651
chr18	58038583	58039582
chr14	61113000	61115907
chr17	59477537	59485867
chr12	115109645	115121005
chr12	115109645	115121005
chr13	19748002	19755887
chr1	27022894	27107247
chr1	27022894	27107247
chr17	13399513	13504446
chr2	70314875	70315946
chr21	48019275	48022328
chr1	43392711	43424322
chrX	73641472	73751388
chr6	38645070	38670830
chr17	1248740	1303404
chr9	5335250	5339746
chr22	38369501	38379791
chrX	47432262	47479127
chrX	47432332	47479127
chr13	100634318	100637936
chr14	21820831	21852086
chr14	60976116	60977970
chr21	42540190	42647551
chr21	42540190	42647551
chr21	42540190	42647354
chr15	76196304	76222427
chr15	76196304	76225443
chr11	86662183	86666127
chr7	119914686	120387912
chr4	1816150	1857677
chr13	45515340	45563571
chr7	75958893	75988125
chr20	14306202	14308152
chr20	14306202	14308152
chr16	22237050	22295317
chr7	145813968	148112708
chrX	28807460	29973937
chr10	323264	735518
chr22	21797120	21801032
chr16	87443885	87525844
chr21	46687365	46707786
chr21	46685396	46707786
chr8	100026016	100221896
chr8	100026016	100887894
chr8	100026016	100887894
chr8	100026016	100133715
chr5	36953798	37064125
chr5	36953798	37064994
chr21	43309232	43373757
chr21	43309232	43342107
chr19	51165221	51220176
chr10	48413577	48416693
chr6	84569501	84669597
chr3	52939151	53003144
chrX	6451785	6452538
chr19	39989614	39998653
chr19	39989614	39998897
chr5	69345512	69372398
chr5	69345512	69372860
chr5	69345512	69372398
chr5	69345512	69372860
chr10	87362029	88126149
chr9	139390522	139440238
chr17	17380355	17394809
chr20	62679518	62680869
chr20	10385894	10394162
chr20	10385894	10394162
chr8	1719220	1728733
chr15	23889139	23892889
chrX	153409757	153424401
chr17	17206864	17250261
chr15	35044678	35046689
chrX	50339694	50557018
chr17	27591556	27621077
chr4	134071295	134073986
chr4	134071295	134111315
chr11	44286403	44331612
chr5	70196696	70212984
chr5	70196696	70203633
chr1	2985823	3350375
chr1	2985823	3350375
chr2	109513362	109547470
chr22	19121708	19132153
chr16	87426033	87436703
chrX	118968840	118986891
chrX	118968840	118986891
chr3	138664433	138665564
chr15	25924487	26108243
chr8	77616323	77776801
chr12	88442960	88535084
chrX	44008040	44202834
chr17	41832709	41836109
chr16	81529081	81743404
chr16	81478846	81743404
chr19	4090595	4123872
chrX	53560269	53681051
chr8	10583247	10587943
chr17	15207252	15234902
chr5	89854712	90459717
chr18	65178206	65181845
chr7	133979584	134001503
chrX	101087239	101097764
chr1	180199664	180243714
chrX	48317318	48326311
chr9	39073886	39288061
chr22	19776231	19808878
chr5	14711305	14871556
chr1	55464859	55474301
chr6	52268011	52269076
chr17	18219103	18226384
chr17	17921862	17942327
chr15	38545386	38643865
chrX	79932107	80064970
chrX	154490087	154493573
chr12	1902820	2027639
chrX	23352992	23412302
chr4	46043004	46125930
chr3	142985543	143567164
chr1	71873128	72748177
chr15	43237526	43398220
chr1	152586286	152586574
chr1	152573207	152573492
chr11	31392295	31451948
chrX	23018174	23020070
chr8	8559908	8560787
chr13	31774221	31903805
chr5	180416028	180432872
chr1	896073	900571
chr6	18121649	18122837
chr17	35444250	35766389
chr17	35444250	35687339
chr17	35444250	35656257
chr17	35444250	35641864
chr17	35444250	35687339
chr10	91192820	91222335
