chr11	107992333	108018117
chr12	52306258	52314677
chr17	48243401	48252798
chr22	40742562	40762526
chr22	40742562	40762526
chr9	116150579	116155839
chr8	41518983	41655056
chr5	112090587	112179823
chrX	66764988	66943683
chr11	57365743	57382054
chr19	6677892	6720600
chr19	13318859	13617038
chr1	201008958	201081467
chr15	42652003	42703971
chr21	44473989	44492303
chr7	80276056	80303463
chr17	4802030	4806358
chr1	235826239	235993717
chr17	48262862	48278874
chr7	94024343	94059705
chr9	137534033	137734149
chr3	48601838	48632592
chr10	104590458	104597118
chr15	51503004	51535109
chrX	31140035	33357382
chr2	128015171	128051657
chr15	76508899	76603729
chr8	118811950	119123285
chr4	187188290	187209768
chrX	154065871	154250827
chr16	89805008	89883023
chr15	48703186	48936966
chr10	123239370	123353331
chr4	1795661	1808989
chr17	41052893	41063443
chr17	78078385	78093130
chr17	73754136	73761217
chr7	42003927	42262852
chr9	6533016	6645499
chr3	50229158	50232388
chr19	34856171	34890941
chr20	33516630	33539655
chr2	48010372	48033999
chr17	7906365	7919848
chr7	65425883	65447170
chr2	26414118	26467464
chr10	71078703	71160891
chr2	75061707	75118068
chr1	24128952	24151905
chr12	114793336	114841703
chr19	7117066	7293902
chr21	46306282	46330697
chr17	45331227	45387570
chr17	73720783	73753636
chr20	10620145	10654178
chr19	17937551	17955226
chr12	5020544	5022032
chr11	2466328	2869233
chr4	55524181	55604723
chr17	39723524	39728244
chr18	21453008	21534612
chr15	58724231	58861026
chr7	150642452	150675001
chr11	64571805	64577581
chr16	10971187	11017160
chr3	69985873	70014399
chr2	47630330	47710088
chr14	23882062	23902941
chr15	52605892	52821003
chr11	76841680	76925741
chr17	40688290	40696256
chr9	98209193	98270643
chr17	29422327	29701173
chr22	29999987	30090791
chr18	21112165	21166307
chr10	126086510	126100740
chrX	128674416	128724247
chr12	103232952	103310908
chr4	619415	663896
chrX	18911602	19002050
chr16	30760141	30768418
chr4	88928885	88996846
chr1	11994836	12034865
chr16	8891739	8941682
chr20	44520207	44527089
chr2	128177518	128186522
chr2	128177518	128186522
chr12	7342973	7362819
chr13	48878048	49054207
chr17	62018130	62050201
chr3	38591811	38674798
chr15	48499916	48595082
chr16	56899147	56947317
chr2	44502674	44547778
chr17	42327825	42340234
chr17	70117532	70120528
chr11	17414537	17498323
chr16	71602046	71610318
chr5	135364744	135398915
chr11	2185462	2193016
chr12	6976730	6979547
chr9	135771621	135804259
chr11	88911121	89028534
chr12	48238528	48272896
chrX	10417407	10535587
chr21	45705889	45717610
chr2	189898795	190044330
chr22	37318249	37334544
chr10	64572966	64575789
chr19	45854886	45873798
chr1	24122438	24125497
chr21	38126546	38311183
chr10	6054834	6104114
chr7	142638338	142659293
chrX	153128117	153141291
chr14	74967586	75078647
chr14	74967586	75078647
chr10	82033536	82049179
chr19	15271472	15311716
chr7	87031411	87104781
chrX	22051123	22266070
chr8	144990344	145049537
chr1	227069608	227083280
chr19	17983128	18004686
chr20	43030012	43058305
chr17	36047374	36104875
chr15	25584283	25653795
chr2	234668933	234681205
chr4	74270044	74286015
chr21	27253980	27542938
chrX	76763828	77041487
chr10	105791992	105840431
chrX	107683355	107939608
chr8	143955788	143961229
chr8	143955788	143961229
chr6	32006199	32008911
chr8	72111574	72267140
chr13	113777169	113803831
chr11	46740785	46760958
chr4	155505275	155511839
chr5	37815752	37834898
chr19	11200224	11241992
chr3	129247576	129252561
chr19	38924469	39078060
chr16	2098616	2138611
chr2	113875595	113890448
chr5	140011440	140012656
chr7	150690891	150711257
chr12	117653113	117768874
chr17	26084271	26125835
chr22	37257213	37273865
chr16	31271385	31343028
chr19	5994845	6047507
chr7	100487834	100491853
chr5	159343912	159399499
chr12	112204786	112247379
chr15	101420112	101454978
chr10	45869727	45941135
chr1	116916133	116947066
chr1	160085651	160111112
chr19	36041516	36054531
chr19	41903732	41930513
chr12	2162728	2800365
chr3	53529193	53845433
chr1	181452880	181767970
chr7	81579707	82072775
chr17	37331445	37353748
chr10	18550198	18828653
chr12	49212712	49221682
chr11	62677189	62678572
chr11	46406667	46408107
chr8	27319145	27328575
chr15	78888945	78913136
chr20	61978089	61992517
chr1	154540520	154548408
chr9	131857675	131872788
chr15	75042079	75047429
chr1	60359322	60392418
chr17	61554455	61574727
chr11	113281448	113295373
chr5	160721087	160973649
chr21	34876430	34911621
chr2	85777056	85788551
chr4	157999176	158091880
chr4	158142194	158284196
chr5	152870448	153190785
chr11	105481724	105850466
chr21	30925875	31311818
chr1	37267451	37499709
chr9	140033938	140062294
chr16	9857005	10274268
chr12	13715716	14019142
chr7	86394461	86493671
chr6	33990597	34101273
chr11	88241759	88781040
chr5	178408657	178421945
chr3	6903075	7782093
chr7	126079172	126883258
chr11	106558274	106888781
chr4	156618019	156651383
chr4	156680292	156727561
chr1	228333213	228336398
chr11	113846047	113860485
chr1	19992246	20005861
chr15	99192810	99500671
chr6	160390278	160526116
chr3	49061815	49066783
chr2	182322381	182400254
chr16	31366575	31393228
chr2	160958246	161056574
chr12	53585339	53594227
chr17	68171180	68172464
chrX	43626712	43741545
chr3	154801956	154898248
chr4	156135091	156136237
chr17	79801887	79818347
chr12	20522218	20833205
chr11	64019121	64035028
chr20	9288461	9459656
chr17	1648289	1657828
chr10	118305604	118327310
chr17	7388083	7417496
chr4	57845151	57897154
chr7	75583310	75615799
chr22	39708944	39715602
chr21	35091133	35209292
chr12	89985046	90049663
chr19	11546938	11560227
chr3	10370497	10491227
chrX	152801705	152845756
chr1	203652333	203708699
chr2	64083453	64118361
chr22	38004867	38028718
chr22	50750567	50765417
chr21	38459557	38573875
chr21	43824054	43867304
chr11	6047977	6048934
chr1	11126774	11159888
chr12	132414461	132428131
chr21	45725201	45746745
chr1	68564314	68697982
chr10	8097618	8115986
chr5	94043200	94417186
chr3	160118614	160151597
chrX	54224756	54360106
chr15	56923695	56996454
chr14	93708618	93762397
chr17	42474935	42580738
chr12	32260265	32520651
chr22	39966757	40082410
chr2	183032973	183387103
chr3	9775824	9789033
chr3	29323172	30045353
chr9	95477435	95527026
chr18	3499182	3845282
chr5	1201765	1222019
chr22	20861965	20940991
chr3	13611855	13679419
chr4	1006273	1019135
chr22	38508167	38565433
chr15	68595396	68724405
chr19	8841390	8842335
chr2	106471519	106509632
chr11	6023280	6024222
chr17	7788124	7814903
chr11	55135359	55136394
chr17	17715935	17740131
chr19	39327361	39336717
chr9	130965749	131015401
chr19	10828918	10941723
chr12	121867918	122017957
chr2	55463783	55490994
chr1	204913443	204985667
chr16	1203737	1270994
chr10	131636192	131762032
chr3	101570939	101578215
chr2	159389696	159537189
chr17	74467714	74477606
chr3	50402096	50540854
chr2	198283655	198299723
chr2	64120563	64211133
chr1	154300617	154310150
chr17	37863259	37884297
chr12	56474084	56479096
chr9	128201165	128434853
chr2	128522046	128528555
chr16	24931450	25026582
chr1	26872391	26900692
chr6	166826249	167275658
chr3	183960301	183967065
chr1	111490580	111492733
chr12	7043164	7050943
chr15	85147158	85159574
chr1	53393068	53458949
chr6	130363844	130460898
chr15	83428099	83456142
chr15	88522575	88799384
chr9	114289675	114338694
chr22	32150907	32211415
chr3	185363318	185542748
chr1	117119933	117208948
chr1	171751107	171765896
chr21	40670343	40685417
chr1	14099664	14113022
chr6	158735048	158927632
chr9	73399016	73477826
chr1	115260789	115282511
chr10	13151122	13178866
chr16	20344635	20362059
chr1	225685476	225840392
chrX	73959239	73965485
chr22	26924186	26937596
chr22	26887978	26906238
chr19	14261684	14294414
chr14	64065496	64066660
chr5	130980377	131132614
chr6	7542148	7586111
chr11	46765572	46842782
chr5	131289926	131347246
chr1	9790565	9883791
chr1	9790565	9883791
chr2	73461506	73479989
chr7	121960218	122526391
chr13	42293722	42535151
chr5	864582	891867
chr22	45593056	45636584
chr1	52889606	52991952
chr3	113373790	113393725
chr1	54692803	54871681
chr20	3233217	3388204
chr14	91007711	91282639
chr6	46655865	46669624
chr1	110709551	110741066
chr10	15254913	15413051
chr3	195591051	195622170
chr1	231474129	231487352
chr20	45188660	45242334
chr9	123151513	123342256
chr7	28725767	28858896
chr1	17907090	18023875
chr6	127794425	127837759
chr5	149676776	149681936
chr6	41533498	41566674
chr19	56166470	56185434
chr5	33947252	33984688
chr4	1206027	1235119
chr10	108336978	108924284
chr7	91830049	91871449
chr3	180630473	180693926
chr15	40226396	40327285
chr6	47846038	48036391
chr7	1855705	2269768
chr16	67679149	67691421
chr17	74079728	74099773
chr17	74079728	74099773
chr15	59172197	59225764
chr14	105236677	105258980
chr4	8594560	8621344
chr11	6625501	6631842
chr1	162688853	162750036
chr10	78637626	79397400
chr4	5823486	5894696
chr11	86152320	86382986
chr1	36023791	36031264
chr2	71576084	71661937
chr16	128308	135776
chr17	42155743	42194883
chr2	74653369	74668943
chr2	95843320	95847854
chr4	1283701	1332957
chr6	117884416	117923451
chr1	62905538	62916652
chr10	97366518	97413134
chr1	249211536	249212562
chr17	61511762	61514908
chr8	124265564	124268186
chr12	58087944	58114692
chr14	102548048	102605741
chr5	131528702	131554319
chr1	91726846	91866639
chr11	113934022	114121277
chr9	79792620	80030922
chr22	41925286	41940105
chr1	207228062	207252364
chr1	53712689	53793584
chr9	2622189	2653868
chr11	67205846	67210099
chr10	49365364	49482610
chr15	62160122	62352573
chr15	60715832	60758909
chr3	10070341	10142946
chr1	154245199	154248177
chr1	31406057	31532413
chr3	183703130	183732180
chr12	78225241	78604297
chr3	123813684	124438317
chr3	123813684	124438317
chr19	36359538	36370343
chr14	21058438	21058882
chr22	40521821	40719245
chr1	44463216	44489949
chr3	44670646	44688017
chr14	65216023	65289812
chr17	4736878	4800582
chr1	93913838	94016682
chr1	154557281	154574232
chr2	100167935	100720916
chr19	14492335	14518933
chr16	55836960	55866967
chr11	850304	866630
chr1	229737935	229750229
chr1	161017504	161039414
chr4	86491694	86921875
chr5	76506750	76722379
chr11	77884817	77885600
chr1	27873814	27878626
chr17	33921049	34050718
chr16	71766960	71823382
chr14	32559875	32624154
chr6	56955051	57033267
chr1	223968554	224033382
chr9	26905508	26947043
chr1	41493865	41618346
chr12	50017373	50037975
chr12	104171606	104234934
chr7	23145645	23213917
chr7	23145645	23213917
chr4	69179816	69215471
chr8	36641928	36793438
chr3	186965120	187009420
chr9	130374682	130453136
chr16	3452004	3454988
chr1	22055054	22109450
chr12	113416413	113425184
chr2	143642936	143746435
chr11	4116242	4159613
chr15	22956056	23003040
chr2	175300843	175346684
chr3	65342052	66023983
chr3	65342052	66023983
chr9	140329365	140332737
chr3	9027202	9290635
chr11	33163125	33182871
chr7	5230050	5270578
chr20	54970608	54978783
chr17	17750948	17875627
chr17	19999964	20217378
chr17	27233200	27277978
chr1	2075777	2116448
chr8	81553600	81733829
chr1	44679425	44686290
chr2	27587266	27593181
chr12	105418201	105478214
chr4	172735731	173961251
chr1	237205821	237995947
chr1	174846632	174927042
chr9	130705470	130742416
chr2	27275826	27282337
chr2	27549541	27566421
chr9	130269123	130341216
chr15	33603246	34157427
chr7	132937857	133168798
chr2	236403330	237032766
chr7	107790354	107880508
chr7	4721939	4802095
chr1	223408293	223536767
chr7	2394556	2419132
chr3	183993941	184010026
chr1	66798072	66838361
chrX	18525216	18671664
chr4	71588290	71672376
chr12	50185621	50197827
chr17	80422231	80446033
chr17	56619175	56621547
chr3	154055487	154147404
chr16	23197592	23226790
chr3	32859572	32933303
chrX	110924446	110931207
chr2	56094207	56149575
chr20	13765714	13797856
chr11	63606978	63676709
chr14	75130422	75152318
chr16	31095110	31100130
chr2	210517894	210595121
chr17	75139678	75212646
chr22	38453816	38471139
chrX	40982881	41091777
chr14	23390112	23398434
chr15	91478554	91496946
chr3	33134325	33135687
chr9	90582376	90589361
chr19	47223858	47249687
chr12	6776879	6788686
chr13	51939887	52026622
chr22	25202292	25320241
chr12	51818771	51901222
chr11	18750480	18793505
chr6	168227812	168363262
chr5	145826912	145890205
chr20	1876093	1918214
chr16	15802667	15932109
chr11	72396708	72438173
chr19	709146	746814
chr2	166152333	166246334
chr9	18474230	18908546
chr14	64694250	64749703
chr21	43221399	43280472
chr13	58206680	58299428
chr16	1756340	1818825
chr7	151254286	151483609
chr7	5327447	5342570
chr19	10217070	10225414
chr19	10217070	10225414
chr9	8317873	8733843
chr8	75263595	75276602
chr16	50783609	50830419
chr9	135973973	136024367
chr2	44548494	44586854
chr17	80193884	80196852
chr4	1902381	1980636
chr16	3163431	3170326
chr17	18855518	18923744
chr3	99567117	99649864
chr10	73577197	73610978
chr10	27486358	27529323
chr16	8949020	8953185
chr14	52156554	52194747
chr20	35128623	35155434
chr15	34526081	34628704
chr17	40714640	40717986
chr7	150783828	150819874
chr4	175564936	175749962
chr9	106857665	106901596
chr11	10819362	10828842
chr15	93444467	93492310
chr17	77071026	77082431
chr15	91073303	91185372
chr2	212248339	213403254
chr19	39078387	39108535
chr12	394621	498257
chr3	42132961	42265229
chr1	8415146	8716356
chr6	146207826	146276458
chr1	27939424	27950427
chr4	110355025	110460831
chrX	123156477	123234447
chr16	55690606	55736258
chr5	1394849	1443312
chr22	43820991	43901496
chr17	28525473	28548976
chr17	28525473	28548976
chr5	127419646	127522323
chr1	28856378	28864519
chr11	33307960	33375114
chr2	75276558	75426060
chr3	133465284	133497464
chr17	42284609	42295597
chr19	50713622	50813047
chr4	83740226	83803089
chr12	124809947	124979797
chr2	175427274	175450301
chr1	161199471	161206355
chr10	104155716	104162133
chr3	9691267	9743657
chr7	35242041	35293231
chr2	98340499	98355961
chr16	4902918	4930133
chr17	38175781	38209851
chr14	56078766	56150821
chr15	83213341	83240247
chr7	4189009	4308382
chr13	101257247	101320994
chr13	49884949	49957046
chr13	49580326	49781531
chr5	140896417	140998481
chr1	247582102	247611806
chr1	10698998	10753946
chr16	3777718	3929917
chr2	219525710	219528109
chr2	98986438	99013718
chr19	47177779	47219627
chr10	88428448	88492733
chr12	57866299	57871445
chr1	8384389	8404073
chr19	12125659	12146354
chr3	142720470	142775292
chr1	35331683	35370984
chr19	17716862	17799008
chr17	7748872	7756839
chr8	142221540	142238365
chr2	241938254	242027816
chr16	84043388	84075762
chr3	96533467	97467545
chr6	107389907	107420489
chr7	1510212	1543596
chr10	11504439	11574231
chr3	9470622	9517775
chr4	15477556	15603048
chr15	54305100	54919311
chr15	41961092	42059478
chr19	3611920	3626760
chr17	9480012	9546515
chr3	185867878	186038248
chr17	1369019	1395781
chr17	74712767	74722557
chr11	62567793	62572828
chrX	122744786	122866872
chr19	46273745	46285610
chr2	165946659	166032904
chr16	67691508	67694123
chr17	49708944	50235146
chr20	62339932	62367271
chr10	72357808	72360658
chr9	95738538	95797871
chr17	5185781	5286518
chr1	64240088	64608341
chr8	53536341	53598029
chr1	22816441	22852889
chr14	31364616	31495391
chr18	52895455	53254347
chr7	100849561	100860555
chr5	112362998	112824111
chr17	27901719	27916396
chr11	57558950	57583780
chr16	2326674	2376467
chr7	150553558	150558297
chr17	909319	1012308
chr12	109577210	109704167
chr12	104609580	104742199
chr17	31340982	32483551
chr17	40024062	40070126
chr22	51176663	51183635
chr22	41865150	41924617
chr10	43882084	43883332
chr3	41265559	41280833
chr22	39883352	39884954
chr1	160259946	160312960
chr3	40567331	40574581
chr4	72102293	72432764
chr10	24508724	24835253
chr17	2240982	2282814
chr10	52751138	54053660
chr6	46821728	46874499
chr6	31606907	31619540
chr12	6961343	6975241
chr11	64494773	64510338
chr11	6232735	6245746
chr5	132087707	132112829
chr16	4242153	4292068
chr11	78369102	78780989
chr3	132036300	132075722
chr9	129641690	129643193
chr6	38142760	38565870
chr8	22078865	22085870
chr18	33691009	33704627
chr17	58756818	59469486
chr4	6027954	6114577
chr17	19581998	19619868
chr9	119460021	119461983
chr5	80546951	80562077
chr2	130831816	130878088
chr3	4558175	4887909
chr17	10424596	10451237
chr8	104513114	105264048
chr19	1108218	1132196
chr8	21777281	21862599
chr2	173686692	173916495
chr17	2699821	2935713
chr4	39827104	39978197
chr9	125611905	125659788
chr3	43344695	43390049
chr7	4947026	4998648
chr14	105781255	105861009
chr18	47808962	47813959
chr1	52254907	52344287
chr4	8372674	8418248
chr5	137275913	137354800
chr11	45955518	46105770
chr14	69341575	69445773
chr2	101624282	101767715
chr7	76109826	76134918
chr3	130279208	130394241
chr15	22833524	22872546
chr4	146058581	146095860
chr1	236849973	236925919
chr2	233599907	233721570
chr5	58270490	59189449
chr3	168802696	168862787
chr15	70342435	70389137
chr2	131519645	131522231
chr6	112430639	112575352
chr12	109041178	109096725
chrX	99551274	99663595
chr18	7567816	8406160
chr14	79746634	80328307
chr10	133918312	133980537
chr4	42414932	42658890
chr1	40525018	40537205
chr2	219503061	219521152
chr7	141408558	141430120
chr1	10093728	10240014
chr3	38495813	38524823
chr8	146106899	146115734
chr12	117178302	117287253
chr15	42551146	42565596
chrX	153577216	153599613
chrX	153295817	153363122
chr13	41885664	41932642
chr11	19372499	20139804
chr19	39936530	39967039
chr6	159187945	159239125
chr8	56854418	56922669
chr19	10531440	10578297
chr21	46591571	46642112
chr14	105334787	105361295
chr13	113623693	113751173
chr11	17757549	17803281
chr2	40342392	40657420
chr16	69600204	69729274
chr1	107691215	108023462
chr1	21546447	21605927
chr4	6925116	7032119
chr17	75277617	75494740
chr14	47311133	48143792
chr13	111767873	111944679
chr12	50570846	50642534
chr16	50322090	50349416
chr16	29883019	29910340
chr1	22970516	22974276
chr16	1496631	1524975
chr16	30484158	30532986
chr3	153993959	154042205
chr3	189349304	189612010
chr8	131792635	132052579
chr8	131792635	132052579
chr16	4015775	4165443
chr4	2877642	2930250
chr4	2932564	2935650
chr12	132681651	132905789
chrX	71800851	71933728
chr1	94884034	94944106
chr4	2822344	2835561
chr9	135906398	135933367
chr8	38645100	38705541
chr1	231042650	231114576
chrX	39911361	39937182
chr17	4402342	4440237
chrX	41379672	41782241
chr16	72088551	72094789
chr14	23242818	23282607
chr1	3607469	3649643
chr4	54327073	54440169
chr5	82779337	82876253
chr22	29724809	29763232
chr13	113832511	113862948
chr16	4555525	4559757
chr16	89167089	89220615
chr13	37422812	37453826
chr7	44154383	44161652
chr7	69064639	70255982
chr9	131669443	131678650
chr1	154197599	154235628
chr1	33402888	33430286
chr7	21941939	21956434
chr10	67680087	69407271
chr2	202153377	202216127
chr11	61520216	61553615
chr2	54014347	54045106
chr12	56711392	56726878
chr7	128470691	128498577
chr4	113825649	114302627
chr16	30078575	30081533
chr1	12049225	12071622
chr14	51026983	51099057
chr16	51171022	51175841
chr16	89696818	89704630
chr16	89696818	89704630
chr3	195778812	195803970
chr17	422367	617949
chr2	112896232	112945083
chr2	65540634	65593740
chr15	38782754	38856829
chr15	42067473	42117634
chr11	77034343	77103565
chr18	12449636	12657865
chr17	7094026	7120466
chr19	11094827	11172492
chr7	100473211	100486170
chr14	103852366	103969564
chr11	76370647	76376998
chr3	75986644	77695206
chr8	23290438	23307413
chr19	16024541	16045218
chr16	68009667	68014283
chr13	95092151	95131509
chr2	61297485	61349297
chr17	40612912	40673138
chr15	74911537	74922224
chr11	73357653	73372647
chr1	1114595	1133227
chr13	99447001	99630163
chr12	53910920	53994784
chr19	17212527	17322594
chr6	33388041	33419579
chr6	33388041	33419579
chr4	154191537	154256118
chr1	113217534	113243129
chr3	48445892	48466020
chr4	7968716	8160416
chr16	75661792	75678326
chr16	57793060	57805562
chr11	47280767	47290247
chr5	74675170	74807669
chr18	42281311	42456718
chr12	118457561	118469083
chr15	74425095	74427333
chr21	47269999	47361620
chr2	192141621	192288686
chr15	29346087	29409336
chr14	70512663	70527571
chr12	56557472	56583245
chr9	131329019	131395613
chr2	71693972	71913622
chr16	58498334	58545480
chr19	16308837	16345246
chr17	49043632	49198017
chr6	165746513	166075501
chr4	122800890	122872835
chr19	10244342	10305575
chr11	67259503	67271651
chr3	155198756	155393828
chr3	38049263	38065924
chr12	54764039	54785028
chr9	140343845	140353554
chr11	118916304	118926872
chr3	18390661	18462459
chr2	99136511	99204071
chr3	52558485	52567753
chr1	216680280	216850820
chr8	42012205	42026579
chr7	129074313	129122910
chr3	12942481	13114514
chr9	136629183	136857400
chr3	186268938	186282118
chr3	189675700	189713168
chr10	73846705	73848086
chr7	98445678	98467484
chr3	101504440	101540798
chr16	85682243	85706145
chr1	90048209	90058602
chr16	14530573	14721187
chr1	90398627	90401204
chr4	7765491	7873805
chr16	3187281	3191348
chr10	99344460	99371416
chr1	61548463	61920992
chr20	44650404	44686244
chr11	66026065	66034427
chr4	54244005	54325616
chr14	53325094	53417286
chr5	153432622	153433273
chr2	74588625	74607164
chr5	179674397	179707561
chr10	116581837	116659273
chr9	93606180	93657882
chr3	194080026	194084099
chr3	171830269	172115265
chr16	4475882	4505569
chr4	15341818	15444423
chr12	97301389	97345831
chr2	9347233	9543456
chr1	18958097	19071423
chr6	131179275	131277625
chr7	95434041	95726905
chr6	122720882	122753365
chr1	118420585	118462980
chr2	55459960	55462713
chr2	55518846	55646215
chr5	142150326	142602011
chr2	48668092	48741883
chr6	128291371	128841503
chr2	37334415	37374949
chr1	40027369	40041623
chr2	50149081	51255411
chr1	180601337	180853202
chr8	9912026	10285822
chr15	41796193	41805907
chr8	105502900	105601125
chr22	35713916	35743202
chr2	202625525	202633608
chr20	48522155	48525027
chr9	5629309	5769330
chr13	38211039	38357470
chr18	21594835	21712538
chr9	35546518	35561379
chr1	179076852	179112179
chr7	8153552	8275556
chr20	50015223	50179168
chrX	17653686	17750584
chr8	144898689	144904065
chr19	13215748	13227213
chr1	249144408	249152713
chr2	128396855	128432598
chr11	61178414	61196707
chr3	13522827	13546183
chr17	4643843	4649285
chr12	59266353	59313263
chr12	59266353	59313263
chr19	50195509	50216862
chr1	171810796	172376981
chr21	39755324	39947624
chr19	32843736	32873989
chr19	12812159	12831791
chr19	3522987	3534834
chr19	3522987	3534834
chr19	35491382	35517045
chr1	17735585	17765010
chr3	132948155	133114830
chr1	202565884	202574900
chr12	112130513	112194277
chr12	121746282	121784798
chr2	113300071	113333306
chr19	10781281	10795141
chr17	7976088	7990760
chrX	9621626	9684286
chr6	33286519	33289702
chr1	17312715	17338233
chr2	122098436	122363471
chr11	129939872	130013343
chr11	129939872	130013343
chr11	118443262	118471429
chr2	17846765	17927213
chr16	4674961	4738909
chr2	97372992	97405777
chr16	3074327	3077658
chr18	46145936	46385930
chr16	28986472	28995620
chr3	49946446	49967319
chr9	130501024	130511566
chr14	78285321	78399734
chr1	109514051	109566134
chr17	42928641	42964118
chr17	19679661	19770730
chr2	105883839	105924758
chr17	27041660	27045285
chr17	76045143	76100926
chr2	228846432	229046314
chr11	46665841	46693882
chr11	128838801	129062093
chr11	83170860	85309740
chr11	58891660	58893775
chr3	57310577	57326061
chr1	113933655	114226636
chrX	152954029	152960669
chr15	52058638	52100651
chr12	47471216	47472785
chr1	155006512	155023344
chr10	134147028	134188746
chr17	42397368	42400930
chr15	91428275	91438788
chr12	113663050	113733881
chr18	5290856	5293245
chr11	129734619	129762744
chr17	6589525	6616652
chr11	72288427	72353420
chr12	124155787	124192260
chr12	113266123	113334585
chr12	80169708	80328711
chr6	4892318	4954290
chr16	15758635	15818108
chr19	2978231	2995002
chr17	7591966	7606804
chr10	50943273	50966638
chr16	56396820	56459239
chrX	144903943	144906481
chr11	34133614	34167739
chr11	14479369	14520474
chr15	89056181	89074936
chr3	16926534	17131404
chr8	95140467	95206913
chr11	118484551	118527533
chr19	2997921	3045786
chr15	65954188	66048788
chr12	6421392	6437311
chr1	101361818	101440413
chr17	79009054	79089639
chr2	220026630	220034706
chr17	71334725	71640227
chr18	55989671	56063501
chr2	187465061	187542019
chr15	92397138	92715092
chr19	10713206	10754061
chr2	42396751	42557347
chr12	44902716	45270508
chr12	44902716	45270508
chr10	99116850	99160988
chr22	51007766	51016344
chr11	65421848	65430303
chr8	28625662	28747399
chr5	59893579	59995920
chr12	100751169	100813937
chr3	25760950	25824881
chr16	27215413	27232051
chr15	75664319	75722716
chr9	112141835	112225714
chr3	12531299	12574220
chr1	150900190	150936840
chr10	6186960	6274905
chr21	33043711	33104005
chr9	140513480	140678602
chr9	139222151	139252672
chr15	79254485	79382840
chr1	21924212	21946525
chr16	74485953	74640992
chr19	19256605	19261544
chr11	15994354	16362794
chr3	78648062	79067611
chr4	15972689	16077529
chr8	99135565	99170499
chr19	39406245	39421376
chr2	159922422	160086129
chr2	128699579	128784737
chrX	153524212	153558038
chr16	67978742	68002456
chr16	1840600	1843653
chr15	74702964	74726259
chr12	48057287	48096623
chr21	37833273	37833993
chr21	47879044	47966959
chr18	72342975	72632668
chr12	72233561	72316984
chr17	12569505	12666961
chr2	86669170	86719242
chrX	53221925	53254071
chr10	61802448	61900125
chr15	90328579	90349814
chr5	150481008	150527462
chr2	201450831	201535402
chr6	109765393	109775399
chr1	153965310	154127520
chr14	101004305	101034261
chr6	86322599	86350019
chr13	28963837	29068980
chr19	7911428	7928588
chr8	22852096	22874982
chr12	57858646	57865844
chr17	56320340	56345355
chr14	89029477	89078095
chr6	73331917	73905137
chr7	95750502	95951268
chr16	72153236	72184707
chr6	88853574	88854993
chr19	51125946	51140668
chr8	140743303	141461472
chr12	106760447	106903327
chr19	17865973	17899107
chr1	156776969	156786500
chr3	170781669	171177852
chr14	55034634	55255662
chr9	103064472	103114703
chr19	49472544	49496369
chr19	5785213	5791152
chr5	167719157	167896022
chr16	21695843	21771861
chr11	126301206	126870405
chr8	94930142	94935901
chr20	46287105	46386107
chr1	155917732	155948218
chr9	72046242	72132126
chr17	78519429	78938130
chrX	153031665	153044494
chrX	123514385	124097602
chr22	29664325	29696151
chr7	100187263	100198522
chr17	35879042	35969403
chr17	1619869	1640979
chr6	33154328	33160017
chr9	114986130	115060145
chr10	102747967	102750782
chr11	71146420	71155998
chr11	6416763	6432577
chr22	50528517	50599878
chr13	115089317	115091756
chr3	57994291	58156489
chr5	130762958	130970723
chr1	93580264	93602584
chr22	31835865	31884704
chr8	141542142	141645605
chr4	3465102	3494492
chr12	53817718	53824976
chr14	33408522	34270315
chr8	62415917	62602247
chr7	590066	751142
chr16	72821062	72984841
chr2	79878682	80874997
chr2	242615541	242626198
chr3	49547967	49570632
chr10	94214200	94243085
chr17	7999944	8022096
chr17	12896134	12921264
chr2	166847754	166930131
chr17	6358657	6459726
chr1	29313949	29442309
chr7	39046449	39504285
chr11	67374475	67379929
chr1	120293424	120311467
chr19	7600436	7626448
chr9	100286470	100361980
chr3	59737951	60522695
chr6	101847153	102513788
chr15	93588227	93616985
chr1	45286360	45308604
chr1	85113115	85136902
chr17	57643032	57684533
chr3	52813463	52825927
chr4	87869685	88056853
chr5	36608525	36686371
chr5	176812742	176816726
chr15	91795050	91835782
chr3	50085686	50114566
chr10	111624941	111683191
chr12	65563376	65640105
chr22	46067943	46239551
chr5	19483457	19839095
chr3	85008758	86115933
chr11	128628090	128680883
chr1	201709151	201789060
chr6	41652336	41703903
chr12	123780454	123834988
chr1	202317979	202407242
chr4	125590141	125600035
chr3	190282078	190366494
chr7	66094051	66105381
chr19	50380980	50391881
chr12	3310359	3392282
chr6	43005425	43020526
chr5	172507778	172518436
chr6	72922825	73110416
chr18	72167208	72187303
chr22	50962039	50962840
chr4	26862840	27022659
chrX	147582617	148072862
chr14	21853771	21899802
chr16	31191535	31202759
chr11	9042591	9113075
chr12	176048	284199
chr12	53645516	53647972
chr6	90642126	90718563
chr12	50794793	50869647
chr19	18545722	18548789
chrX	130407769	130420648
chr2	130910127	130939174
chrX	2406675	2408760
chrX	70460765	70473105
chr17	4872050	4890924
chr9	34179012	34251530
chr2	145147017	145274917
chr5	6714096	6755058
chr5	6714096	6755058
chr6	35378864	35393856
chr10	5435479	5446755
chr10	73199588	73492174
chr19	38089348	38104164
chr2	200136933	200320760
chr12	133360611	133398714
chr15	73345016	73595037
chr19	36269933	36279331
chr4	2272451	2420050
chr16	640291	677622
chr19	3224737	3293332
chr19	53643560	53657000
chr5	132158487	132161832
chr17	73234359	73240783
chr7	114066566	114329981
chr19	2841570	2853950
chr2	220426605	220435954
chr12	53701272	53715249
chr12	53721929	53729430
chr3	3192548	3221371
chr4	30723044	31144471
chr22	19026377	19109719
chr16	88008721	88110267
chr6	25280023	25619811
chr3	31703563	32022671
chr8	38271145	38314964
chr1	165173116	165324796
chr20	46250991	46282161
chr20	3208432	3219783
chr15	51741180	51914742
chr9	129376728	129458730
chr9	77339528	77502564
chr12	110221425	110252601
chr14	91700296	91701394
chr9	14737393	14776251
chr11	126133810	126138699
chr2	36943513	37041504
chr12	52056601	52201213
chr2	209136243	209169748
chr2	162481028	162834244
chr11	64532925	64545864
chr5	49962929	50137902
chr12	57490354	57502061
chr6	158464347	158517396
chr10	89264672	89311942
chr7	82996901	83119525
chr10	104263909	104378828
chr3	142168270	142297546
chr20	2774835	2781218
chr3	156395486	156422920
chr9	119187894	119414034
chrX	142716410	142718924
chr11	46722663	46727413
chrX	129139207	129190111
chr22	26565635	26776261
chr10	34400096	35103923
chr12	56522103	56537646
chr6	42532057	42587244
chr16	68349882	68391127
chr19	43371285	43383733
chr1	154956461	154965266
chr12	862731	1017958
chr16	15690549	15733090
chr7	99564625	99573643
chr22	20119470	20134754
chr9	88903591	88968114
chr13	25254881	25285660
chr19	35822943	35837600
chr2	68270020	68274442
chr2	48035256	48132859
chr2	48035256	48132859
chr22	20073486	20097631
chr7	99704868	99717369
chr17	15995168	16097883
chr9	286508	464219
chr3	46712473	46730930
chr8	42146238	42188497
chr19	9266692	9272109
chr20	58518998	58520150
chr7	137761264	137801408
chr17	38230741	38249635
chr13	20567212	20660154
chr12	30783793	30829853
chr7	128597308	128694824
chr20	61510584	61542964
chr20	62571328	62582179
chr20	51802184	51873102
chr5	6600038	6633092
chr13	49822173	49866918
chr6	135239552	135271191
chr15	49284440	49338496
chr12	53874965	53881175
chr2	32390969	32445782
chr16	67572349	67580366
chr4	15607345	15656910
chr1	197237542	197447009
chr3	184033584	184052696
chr5	138643104	138665084
chr7	100029048	100031177
chr1	29563156	29652173
chr1	29563156	29652173
chr3	15711776	15777004
chr16	70514912	70557434
chr19	49661123	49714755
chr6	393152	407598
chr6	393152	407598
chr14	37717093	38016176
chr13	36348778	36429665
chr1	6845590	6931825
chr14	95556950	95599795
chr10	13361141	13380800
chr10	21823573	22030912
chr11	35282440	35339053
chr2	220404104	220406739
chr3	150645722	150690495
chr5	139781552	139851897
chr11	118307227	118392887
chr16	89999925	90002212
chr2	74782758	74784241
chr8	26371841	26513222
chr8	107460250	107763169
chr18	31432805	31803217
chr14	24787621	24803858
chr8	92972469	93074780
chr1	151265327	151288957
chr10	35299238	35360245
chr3	9834805	9876505
chr11	66384191	66393954
chr20	34240445	34243244
chr12	69980595	69995105
chr6	43395716	43417829
chr15	48051995	48063982
chr8	22022918	22058716
chr15	71185233	71341951
chr15	90378746	90456067
chr15	90378746	90456067
chr16	1388550	1398483
chr17	17150411	17179473
chr2	162036173	162092029
chr2	32449541	32481844
chr3	49146390	49156578
chr17	74865111	74944920
chr19	19145018	19168437
chr3	99979862	100042512
chr7	73922410	74016760
chr8	42608321	42623573
chr16	69143298	69149169
chr22	24431965	24574164
chr4	151186873	151935794
chr10	104018695	104142093
chr5	158585677	158636911
chr19	36507059	36523259
chr3	123003454	123135114
chr8	141669564	141900836
chr7	150759074	150773454
chr2	220154947	220174054
chr7	98628206	98741403
chr19	45754846	45805968
chr6	109308746	109330663
chr6	83806696	83877886
chr19	4361596	4400365
chr17	79477715	79479380
chr2	206988908	207018402
chr1	120478041	120612020
chr19	5623216	5668302
chr17	56634371	56729362
chr2	179170911	179260286
chr9	35089088	35095562
chr20	17208007	17462715
chr1	110882027	110888976
chr1	110882027	110888976
chr12	52435676	52452728
chr10	127408376	127452041
chr18	77455267	77513790
chr6	30856506	30864804
chr7	101459310	101892322
chr7	73097955	73112216
chr4	96025575	96075824
chr10	102732669	102744650
chr14	105886372	105930900
chr2	203242197	203424669
chr12	99139516	99223035
chr11	118235795	118267155
chr1	154680451	154842440
chr7	18201947	18706150
chr13	36124649	36245128
chr1	247200750	247241898
chr19	46850353	46893603
chr1	32042749	32052580
chr14	72431508	73029175
chr7	73507579	73535631
chrX	47006880	47045998
chr10	75574772	75634219
chr19	49977896	49983856
chr13	42622909	42803287
chr4	39290380	39367861
chr4	166795056	166951625
chr20	57266820	57290382
chr17	704188	767290
chr10	99639439	99790229
chr1	160061612	160068262
chr15	67841518	68099088
chr11	65479738	65486652
chr7	121513553	121701274
chr3	2613187	3097904
chr4	6325028	6537046
chr12	120126036	120313972
chr9	34552068	34568979
chr11	75277394	75283128
chr19	42595703	42636563
chr16	30773866	30785435
chr19	50180537	50191502
chr11	117160281	117166263
chr20	31368129	31395709
chr15	63618483	63673919
chr7	44259660	44365020
chr12	81653410	82148000
chr11	58714560	58723500
chr7	142988651	143000880
chr2	135676424	135712118
chr10	3111573	3178771
chr9	131222837	131262534
chr10	62631239	62671300
chr5	112312630	112349181
chr18	29847833	30050391
chr5	67588998	67593429
chr10	75545636	75561277
chr17	74734434	74774434
chr20	33303125	33370158
chr2	102314542	102507711
chr6	13364974	13365838
chr6	30153652	30166880
chr14	105676887	105739151
chr6	84265871	84417646
chr16	56839424	56878521
chr11	926021	1010625
chr1	16268463	16273555
chr22	38245456	38284471
chr1	205210659	205241252
chr12	123414457	123444782
chr19	40739778	40761165
chr11	34501764	34527296
chr12	2967803	2983644
chr19	39395733	39399472
chr5	36166735	36182133
chr7	75167492	75368238
chr9	6012289	6015607
chr11	9161321	9286616
chr4	170557079	170641148
chr16	11038574	11220137
chr13	33692372	33760159
chr16	67719279	67719618
chr6	33259878	33264547
chr13	45008761	45010182
chr2	242169015	242207063
chr2	241656780	241737169
chr10	30727867	30749765
chr7	98478773	98609978
chr10	63809238	63852789
chr14	75348656	75357929
chr10	72972742	73059034
chr3	49924739	49941042
chr19	3366634	3462767
chr8	131066976	131373953
chr12	122757421	122864999
chr11	6470257	6486925
chr3	49349799	49377457
chr17	79935522	79975198
chr14	96968929	96999008
chr16	29989093	29999301
chr11	61286098	61348292
chr12	62654195	62798155
chr1	200943222	200992511
chr15	51207647	51294859
chr5	133984766	134028783
chr20	60074490	60512001
chr1	154983395	154989161
chr1	155165631	155177667
chr20	24988397	25038738
chr6	44355560	44414448
chr1	43766794	43788393
chr1	85484805	85511043
chr1	114636407	114696394
chr7	137597572	137686451
chr8	145582953	145584675
chr2	31133766	31360952
chr10	27400905	27443139
chr2	106710481	106810697
chr12	101988848	102079410
chr15	65935310	65946417
chr17	4053270	4060376
chr20	56227108	56265474
chr17	8379121	8526564
chr3	138374230	138426117
chr9	27548233	27567118
chr12	41302234	41365315
chr20	47675000	47712975
chr16	89334885	89383427
chr19	42471088	42497583
chr17	18148451	18161790
chr2	25602187	25875529
chr17	48638820	48704112
chr20	62165046	62168667
chr11	19246204	19261668
chr10	121590985	121632096
chr1	100614923	100634072
chr11	67007678	67022526
chr1	1247238	1257333
chr10	76602615	76790804
chr11	67171673	67177011
chr5	126667000	126793010
chr1	165370499	165389179
chr5	73930540	73932310
chr1	155147867	155156666
chr10	135093269	135116445
chr11	1411514	1481953
chr2	62095826	62115642
chr2	85843318	85875931
chr3	179519615	179754387
chr19	19230738	19249237
chrX	49061596	49089771
chr20	31035398	31172692
chr19	50902108	50921204
chr1	65775428	65878708
chr9	676972	745235
chrX	10162988	10201624
chr1	11866319	11900280
chr20	32981617	33095599
chr8	42275320	42329908
chr5	136957786	137056191
chrX	46466386	46618464
chr17	4614016	4624334
chr1	110168025	110173774
chr1	156095994	156109630
chr22	20100296	20104429
chr17	4071072	4167025
chr16	22314289	22345021
chr19	6772818	6857118
chr6	130761567	130763043
chr9	27948848	27950669
chr1	151337018	151345117
chr3	172472320	172538027
chr20	34761699	34817262
chr12	96368009	96386548
chr17	48624569	48633023
chr19	16466515	16582756
chr3	27418254	27525617
chr13	77522693	77532120
chr11	40135919	40137842
chr16	3022953	3029658
chr10	5948064	5979243
chr7	56148746	56156634
chr21	44270158	44299605
chr19	35739925	35758762
chr20	48429459	48504473
chr11	110070336	110150417
chr12	75437516	75601763
chr9	130548427	130551822
chr12	132195774	132284033
chr12	23687152	24048957
chr2	102625037	102641134
chr2	11881545	11964917
chr1	155023862	155034978
chr19	2102171	2151333
chr11	96123813	96125388
chr11	63449108	63525673
chr16	58554861	58633241
chr6	15468795	15520482
chr17	9548949	9632307
chr1	168054768	168104159
chr4	57333801	57368027
chr11	46418999	46569930
chr20	33866999	33872290
chr7	100451819	100462946
chr13	49064246	49096075
chr5	98192083	98262090
chr1	78245340	78340749
chr6	43044621	43128619
chr17	68128228	68129485
chr12	109921356	109928399
chr6	52129385	52149447
chr6	42974779	42979024
chr14	59730195	59835577
chr6	131895432	131949189
chr15	59323021	59387099
chr1	214169878	214209177
chr5	10354010	10433796
chr20	4155702	4168054
chr20	4155702	4168054
chr10	32096585	32197783
chr1	110581339	110596534
chr5	146981323	147051369
chr16	28109858	28192313
chr10	104162956	104176795
chr3	48493134	48506953
chr18	64172524	64239441
chr2	27805979	27844328
chr21	41384960	42218587
chr16	87636752	87638024
chr19	55602839	55628911
chr16	49525185	49764778
chr1	156437436	156453084
chr2	74881503	74907336
chr1	226108154	226111810
chr3	12598649	12623752
chr5	147774339	147821710
chrX	55029485	55033868
chr3	63996343	64009095
chr12	29423382	29486727
chr2	172546665	172604399
chrX	54959835	55020440
chr15	40093332	40212227
chr6	160221339	160241549
chr1	205306526	205312732
chr5	145969509	146460829
chr19	42830395	42880927
chr5	168093458	168727713
chr5	168093458	168727713
chr1	153932573	153935191
chr6	44216366	44221335
chr2	242435076	242447450
chr19	4153744	4171966
chr1	62921084	63153935
chr9	138594104	138684007
chr10	32557990	32635843
chr10	106074165	106075809
chr8	145745109	145746862
chr21	45919665	45987767
chr3	49133461	49142166
chr19	15072809	15083722
chr16	31045784	31051124
chr12	6679841	6715539
chr3	129150343	129158676
chr10	116853509	116931104
chr3	52489657	52514535
chr11	64359028	64369023
chr20	13695520	13763786
chr9	139336206	139372067
chr17	45734378	45759770
chr19	5692042	5720143
chr1	235628935	235667552
chr8	133790074	133858168
chr19	51645626	51656324
chr11	73007563	73008550
chr13	23904274	23939320
chr20	31946848	31984870
chr10	69682687	69832865
chr11	62393286	62414071
chr1	244217103	244218672
chr5	122135511	122165343
chr5	113798788	113831879
chr3	9822040	9833150
chr7	104758284	104909290
chr2	219892194	219906234
chr5	37292001	37371079
chr5	15928012	15937295
chr9	32405504	32450109
chr19	45543470	45574103
chr12	32832297	32896344
chr12	62860987	62982673
chr11	125465810	125490705
chr15	83328311	83378458
chr7	99690554	99696699
chr7	99690554	99696699
chr19	41743869	41765809
chr5	141242712	141249169
chr2	111395540	111435572
chr1	6640669	6649272
chr20	60847198	60869013
chr18	77156224	77287577
chr14	105517330	105521757
chr3	184019357	184026678
chr6	99322153	99374864
chr1	149876565	149878442
chr7	73646435	73663370
chr17	61600774	61623263
chr5	64859264	64883223
chr8	101270783	101300402
chr3	129159173	129239108
chr14	24540191	24546939
chr7	142562434	142568657
chr20	44979032	44984506
chr20	5919180	5924625
chr20	36361331	36500415
chr13	84453551	84455642
chr19	10655412	10663743
chr14	73437589	73491216
chr4	159593608	159629679
chr11	116717111	116798073
chr4	66189831	66535460
chr7	45632393	45703974
chr20	45927460	45985414
chr1	33985117	34630698
chr16	30017506	30021543
chr9	3225041	3395588
chrX	5810857	6069507
chr12	133195402	133198558
chr19	45458312	45496155
chr19	8645776	8657046
chr16	3139091	3140252
chr7	106508006	106545832
chr11	64621804	64645936
chr11	120531027	120856969
chr14	24028957	24033013
chr4	82010861	82064094
chr9	33922501	33927882
chr20	49507941	49520533
chr1	36807355	36826933
chr1	28303792	28384537
chr1	25757589	25824957
chr1	9300054	9324928
chrX	130192360	130222759
chr9	137979835	138012024
chr11	63953296	63971598
chr11	11863732	11977722
chr9	128061200	128125025
chr16	87364893	87377344
chr2	10924383	10960990
chr9	127563326	127572691
chr7	99778179	99811638
chr22	31090047	31302326
chr9	82187705	82340059
chr1	172502575	172579399
chr2	20451345	20512176
chr2	42806318	42980539
chr8	146054472	146068553
chr1	155720374	155823571
chr8	103266529	103424462
chr8	116426250	116680110
chr20	37117075	37203610
chr20	32319827	32379323
chr9	139306965	139317716
chr10	64927804	64979644
chr10	70482261	70551023
chr8	125565232	125740196
chr20	62290755	62327211
chr21	17102712	17250794
chr14	36017736	36278041
chr14	69520573	69619695
chr2	230632269	230744795
chr8	27957441	28047242
chr14	71197096	71275888
chr14	72054589	72205878
chr14	91925102	91975991
chr15	40580915	40599873
chr7	36429635	36492209
chr7	938557	995043
chr5	473493	524437
chr5	71616209	71654254
chr3	39942307	40299657
chr16	304412	315021
chr17	1478897	1531168
chr16	1836802	1838715
chr16	28893822	28915025
chr16	66757624	66785494
chr1	176826746	177133812
chr12	22602693	22697084
chr6	155054556	155154529
chr1	180945705	180962558
chr12	126128663	126139256
chr16	27472670	27561211
chr13	113140306	113242294
chr1	157963466	158064910
chr15	40861536	40866460
chr6	89322437	89673128
chr15	71839748	72069713
chr15	52230352	52263942
chr6	111621218	111737580
chr16	447222	450342
chr6	3273288	3410491
chr16	8987854	9030470
chr13	31711454	31735719
chr6	44222442	44224615
chr11	71714572	71746989
chr11	581512	611777
chr6	109197377	109294717
chr12	101295563	101520848
chr13	79894755	79979909
chr16	77225382	77232205
chr4	185678278	185724668
chr9	88162023	88356877
chr9	96214197	96326822
chr4	104027378	104119476
chr4	25379049	25420004
chr4	73941947	74088744
chr8	75925189	75944477
chr9	130026270	130155533
chr5	126859171	126889577
chr8	144657007	144660488
chr2	3593374	3605772
chr4	93225807	94693649
chr9	130648750	130660260
chr9	115336360	115422349
chr7	99621237	99631820
chrX	11156982	11445715
chr2	74213530	74329303
chr20	3767778	3785608
chr8	11660341	11696118
chr10	99211432	99216648
chr1	15874836	15894672
chr1	196197353	196577439
chr1	85537624	85598681
chr6	93953143	94129059
chr17	57697492	57771213
chr5	10973564	11565069
chr17	40441429	40462687
chr9	90113992	90322279
chr17	62226328	62291577
chr16	2273614	2285235
chr5	177565120	177575033
chr1	102269793	102312529
chr19	16611603	16628112
chr19	6739772	6751222
chr22	42018008	42059819
chr16	71682792	71748698
chr14	95028052	95035932
chr3	1189692	1445102
chr3	131254038	131756453
chr19	6495174	6502722
chr4	20255438	20620632
chr19	44721945	44740983
chr9	2029022	2192739
chr6	31847860	31864979
chr15	91418970	91425108
chr7	100171874	100183723
chr7	100171874	100183723
chr2	160176775	160335230
chr1	160314379	160328061
chr14	24898507	24906491
chr6	64389920	64423604
chr2	225630437	225811668
chr19	18989734	19004339
chr20	49203768	49307665
chr5	138117613	138269512
chr5	118407264	118582914
chr4	144106603	144136144
chr21	34915398	34929857
chr19	49458185	49464931
chr10	15559156	15761770
chr3	15045421	15084515
chr2	61108975	61149670
chr2	163027488	163099837
chr1	230193813	230415204
chr11	68171826	68216538
chr9	137293530	137328460
chr6	161488262	161537902
chr5	176516603	176524677
chr4	88084670	88116691
chr6	149691133	149730855
chr16	29841870	29859310
chr3	182733225	182812390
chr1	65099825	65157244
chr15	81166220	81241265
chr3	38738839	38835501
chr11	644549	695047
chr20	53092485	53111509
chr5	218470	256535
chr1	32193020	32222822
chr16	88643531	88697707
chr4	675746	682916
chr19	8528492	8553738
chr1	38327986	38397384
chr19	18943018	18976972
chr4	8271695	8297444
chr19	16940231	16989538
chr19	52803665	52826111
chr1	150337190	150444447
chr11	45944433	45950396
chr16	81075891	81078575
chr16	19567051	19711798
chr12	49491454	49500469
chr5	132032325	132073111
chr11	62369773	62379929
chr12	123470573	123519137
chr4	121616265	121843763
chr4	138442182	138453242
chr1	234350244	234458989
chr6	43022177	43027119
chr5	134094628	134164396
chr11	66052107	66056456
chr19	5917620	5978093
chr11	66130906	66139062
chr19	9639055	9646886
chr19	10683741	10697907
chr12	56992401	57011314
chr6	82881141	82950203
chr11	67925154	67942511
chr19	14626751	14627769
chr5	137419816	137427229
chr11	76157982	76261190
chr19	19576154	19616283
chr5	148521658	148637967
chr19	41771220	41812470
chr15	29993798	30261042
chr11	113669961	113711478
chr19	42506266	42569922
chr5	149900816	149932894
chr7	77648631	79082636
chr15	40750663	40758329
chr15	42452951	42500351
chr15	77906385	77908230
chr15	50853874	50978730
chr1	41454295	41475917
chr12	1137069	1590056
chr10	70946242	70968791
chr14	50251353	50319471
chr22	40798179	40805763
chr3	112968649	113005709
chr17	41561405	41603966
chr9	100193229	100258165
chr3	3170724	3189838
chr2	1795638	1983549
chr2	190313536	190340143
chr12	123320097	123341795
chr9	84199112	84303155
chr13	110843972	110959374
chr12	49621736	49667010
chr3	73432515	73618313
chr3	141205925	141331155
chr22	31322789	31363875
chr17	7623052	7646929
chr17	73205928	73231774
chr17	30921562	31203890
chr3	101443520	101484395
chr1	183899362	184006491
chr16	11773050	11836586
chr1	24969817	24998777
chr16	4801630	4815979
chr16	84684473	84695739
chr20	42223338	42275623
chr22	18062710	18073002
chr19	1026660	1037899
chr17	38333308	38350040
chr17	29815260	29858750
chr19	39847533	39874370
chr9	134454883	134615217
chr3	50316544	50324633
chr3	57743378	57913115
chr1	10459174	10479806
chr3	184098106	184107210
chr3	47447252	47454675
chr11	4621505	4623495
chr7	158823306	158937463
chr2	222290747	222436968
chr1	151258767	151263685
chr16	19871821	19896916
chr22	50167880	50217965
chr12	4598972	4645360
chr19	42775935	42799343
chr2	197066000	197184545
chr7	130353853	130370048
chr7	73245531	73246161
chr19	50354585	50363536
chr8	41800298	41906495
chr4	5170058	5500810
chr18	76829410	77137383
chr18	74534563	74680295
chr2	216226277	216300525
chr4	146684258	146859559
chr15	57511719	57574785
chr15	65347236	65360173
chr11	43380504	43467515
chr11	64557008	64570621
chr18	39535256	39661101
chr16	4855236	4897266
chr14	45431624	45542764
chr16	14234463	14355301
chr5	150838353	150859619
chr8	1791565	1905429
chr16	19183933	19278398
chr14	71374567	71576652
chr18	25532116	25616512
chr5	175665511	175772448
chr1	67000041	67208778
chr8	145755805	145830999
chr18	72923831	73000596
chr16	23702151	23724508
chr18	22642675	22807221
chr16	28834580	28848098
chr1	78031324	78105156
chr3	148847510	148890009
chr10	95517901	95557543
chr16	46741615	46766558
chr16	53190001	53358807
chr3	113251868	113346555
chr19	18642978	18652780
chr1	23037475	23240063
chr2	209302528	209358384
chr12	111890615	111991994
chr14	24617644	24629782
chr5	76028413	76029328
chr3	195965558	195997402
chr11	26210723	26681991
chr13	26043158	26594123
chr6	36765424	36807153
chr1	229763380	229795044
chr12	49934785	49951736
chr9	33030493	33038901
chr1	202698163	202777433
chr3	53212438	53226282
chr19	54385748	54410290
chr9	36066846	36123042
chr10	129763259	129881170
chr8	61653991	61778492
chr20	23345020	23351078
chr6	3083348	3113573
chr1	36349022	36385310
chr3	48557179	48594149
chr12	95867955	95907680
chr1	190067147	190423905
chr5	24487771	24491778
chr4	68424527	68472075
chr8	144695079	144699604
chr9	132565491	132572515
chr8	124796732	124824944
chr9	131465194	131482761
chr1	153747973	153752478
chr4	1341879	1379749
chr20	21284176	21369976
chr22	22020388	22049779
chr20	50400803	50418947
chr9	116638660	116812447
chr7	107664483	107763609
chr5	52856492	52978960
chr7	140218506	140302197
chr7	99103667	99129872
chr10	102762295	102766925
chr4	843460	925975
chr15	75941443	75949556
chr7	105098236	105148959
chr10	28342993	28527533
chr7	135366310	135412244
chr16	2089924	2097824
chr16	67263538	67281313
chr9	94488875	94712245
chr20	34065728	34099455
chr20	1276883	1286698
chr20	44995998	45017838
chr9	134001091	134108874
chr10	88197299	88277826
chr10	15820990	15879259
chr10	13693904	14050151
chr9	102988358	103062956
chr11	47861779	47869972
chrX	108887257	108926715
chr11	47594481	47600210
chr18	56585519	56651698
chr9	33290570	33369976
chr11	72532712	72540435
chr3	64507846	64673333
chr6	44102321	44122620
chr11	66190234	66193460
chr11	770896	774104
chr6	42789760	42833184
chr3	111261095	111325668
chr17	42849687	42857122
chr2	27478179	27498051
chr3	127800210	127842567
chr20	62187016	62187973
chr1	201952590	201974844
chr17	73906803	73934230
chr1	215741028	215793960
chr1	32542393	32568274
chr12	125550130	125626759
chr1	44877769	45116447
chr1	184663196	184723780
chr16	67760330	67805985
chr1	47427254	47515846
chr21	47556367	47575437
chr21	37709272	37747594
chr22	50631489	50636948
chr17	40811521	40818818
chr21	43938564	44000470
chr3	49049045	49052721
chr17	62496040	62502237
chr2	127806101	127864519
chr17	5289525	5322970
chr1	89150263	89299131
chr21	37537031	37665869
chr17	27000419	27028643
chr13	114748757	114782769
chr2	223386491	223423617
chr2	219221607	219232687
chr17	8193822	8198125
chr15	65739221	65808030
chr2	25505256	25536853
chr1	65300244	65351947
chr15	78764133	78790485
chr15	91447437	91463017
chr6	105177536	105307517
chr17	80009807	80015003
chr2	197705957	197777732
chr17	59533851	59560877
chr17	73472770	73495415
chr17	12693155	12890425
chr17	52978226	53014595
chr19	49507512	49519099
chr7	5529437	5553305
chr11	17111284	17191288
chr17	41132593	41143733
chr19	3186028	3207686
chr2	39971546	40006379
chr1	36748164	36769618
chr2	11323562	11426730
chr8	71025866	71128980
chr7	137075965	137531608
chr2	72406463	73053039
chr5	176938791	176942985
chr3	105377813	105587082
chr2	164466061	164468308
chr2	9568954	9613146
chr19	36883642	36900691
chr15	64693013	64747263
chr19	39138385	39220072
chr19	572634	582577
chr3	51624436	51697436
chr14	92597328	92628088
chr1	249106098	249108927
chr8	25042423	25128389
chr8	35401965	35648081
chr1	24746037	24795675
chr20	35627161	35684630
chr20	36758620	36793600
chr16	2493796	2507021
chr10	103371047	103436192
chr10	29747175	29843987
chr16	53468468	53524212
chr1	156220377	156252471
chr1	38032455	38061423
chr20	398463	411074
chr16	67282917	67304826
chr16	74942801	75018915
chr5	71482449	71501066
chr7	2946271	2998140
chr16	56485524	56510117
chr7	87563780	87825806
chr1	153701110	153745746
chr7	21468338	21550887
chr2	220492714	220506450
chr1	175292492	175372356
chr1	94639424	94697167
chr1	16451709	16475533
chr1	44010746	44087674
chr7	135269611	135333304
chr8	145722577	145727286
chr19	37580020	37621138
chr6	28539687	28547163
chr11	16800544	17035948
chr12	67675693	67706610
chr2	204307321	204360076
chr1	247471174	247492880
chr17	1670204	1680740
chr15	31793785	31947449
chr2	112813168	112873720
chr16	66918187	66919777
chr14	76429654	76447236
chr2	39025440	39090579
chr3	36869765	36986300
chr14	30046443	30396718
chr14	42355828	42368135
chr10	75562472	75568146
chr12	57648555	57704211
chr10	118434291	118609079
chr12	69083327	69136242
chr17	46128480	46137003
chr15	41853335	41870474
chr11	62361346	62365155
chr1	1271521	1284445
chr17	48916928	48918380
chrX	24712078	25014067
chr19	9720875	9727754
chr19	15364367	15383910
chr17	56051833	56062620
chr19	15533886	15543515
chr2	73172223	73298834
chr17	59944917	60004005
chr19	4304743	4323554
chr17	61700119	61771137
chr17	65074367	65214920
chr12	113737581	113770683
chr12	120972614	121014469
chr19	37903498	37905082
chr19	38827874	38861432
chr19	42572863	42585449
chr16	24741162	24835128
chr2	3193104	3381460
chr16	57507288	57513419
chr18	5956218	6311624
chr13	103249388	103330666
chr8	126036858	126093976
chr1	70181900	70587570
chr9	19276172	19372171
chr9	35162280	35404030
chr3	47859567	47891610
chr11	65647325	65651089
chr10	104404374	104417111
chr5	54552315	54603401
chr19	18747864	18780055
chr5	37379469	37752675
chr19	41822437	41828620
chr19	306689	334534
chr12	64238596	64536452
chr14	93897375	94173250
chr18	59854738	59972767
chr11	10772959	10800652
chr11	62284215	62303570
chr12	118588801	118693372
chr6	148593492	148869694
chr1	235295027	235324541
chr17	27401787	27493958
chr8	687807	1649572
chr7	55086970	55270458
chr4	954407	967270
chr15	43427807	43476784
chr4	55124935	55147848
chr12	46123619	46287508
chr16	20944475	21161640
chr11	67057827	67069803
chr9	109685664	109773311
chr19	3959098	3969733
chr9	15587618	15971834
chr19	58258426	58268419
chr19	58489668	58512687
chr14	94674852	94744980
chr20	44690938	44698898
chr19	8586411	8642193
chr2	8870849	8967223
chr3	38888184	38991853
chr3	47058582	47165993
chr3	183368144	183397074
chr8	16884788	16976284
chr3	52582078	52715758
chr7	80374209	80551596
chr1	35824536	35885278
chr1	110026575	110034690
chr1	84335644	84417894
chr1	150300907	150325455
chr7	14188755	14880888
chr13	101707646	102051477
chr3	134322420	134369802
chr11	67811685	67818286
chr16	70721830	70817349
chr11	75146551	75160989
chr12	130881905	130963558
chr10	858865	931661
chr3	183903995	183911486
chr17	37368544	37373397
chr3	183432950	183528371
chr9	113637700	113734397
chr6	87928331	87971519
chr20	33433231	33460618
chr21	45497597	45523412
chr4	160025314	160279291
chr19	1407772	1434911
chr19	30934469	31134457
chr16	718199	723606
chr13	50108257	50141415
chr21	22370881	22910278
chr17	39911995	39928106
chr17	43530655	43559850
chr8	53025757	53126817
chr8	142138806	142204332
chr9	126143710	126692184
chr18	46570424	46956764
chr15	81426670	81439656
chr19	58083486	58085055
chr21	32492685	32532851
chr2	29416089	29446362
chr18	44526179	44627376
chr3	186760491	186793591
chr8	21946764	21960442
chr2	153512819	153573953
chr7	140426293	140624503
chr3	193333483	193409916
chr3	12626012	12660220
chr12	57944054	57976962
chr5	149495325	149515289
chr17	1746102	1800469
chr10	43600536	43622202
chr1	182811701	182856569
chr4	24529546	24586016
chr5	31267580	31318141
chr7	72984836	72990901
chr7	134870902	134896254
chr22	26057617	26118417
chr8	123963750	123966264
chr22	41489008	41574960
chr22	21062334	21213013
chr22	33670412	34157463
chr2	24881546	24990992
chr8	139144835	139380226
chr8	22463286	22477195
chr11	122756557	122830153
chr8	113236999	114449083
chr7	117351590	117511990
chr7	94157532	94185070
chr11	11292690	11643140
chr7	111368329	111846193
chr13	20978267	21099933
chr7	99699337	99704505
chr6	70386049	70500214
chr6	157431613	157529025
chr20	35521334	35580046
chr17	80197851	80231257
chr22	50941819	50945483
chr16	89574825	89623335
chr3	69104587	69129504
chr2	60679699	60780405
chr5	149602272	149669188
chr5	72144220	72201237
chr17	16946162	17088208
chr7	4823048	4831016
chr10	105361572	105437953
chr3	47029537	47050810
chr11	3697388	3803347
chr16	68264128	68269948
chr5	176562171	176722460
chr22	50885570	50913269
chr3	173322388	173999093
chr1	10292386	10436645
chr19	4694631	4719918
chr1	227181968	227504883
chr1	155307450	155491310
chr17	72435915	72445506
chr19	6415034	6424712
chr6	117002497	117053486
chr14	26917164	26949263
chr6	42847648	42854202
chr22	46973158	47078352
chr17	2593887	2614955
chr6	160327987	160328965
chr13	72014786	72440907
chr7	55980368	56007699
chr20	3669157	3687775
chr10	24873340	25010828
chr1	153902772	153917620
chr2	131594526	131803762
chr2	124783227	125671865
chr3	194126647	194182919
chr7	6204574	6212555
chr7	22162023	22233279
chr5	154172232	154193656
chr19	11310172	11373116
chr19	13906462	13941864
chr12	50040444	50100963
chr12	120427672	120530965
chr11	117350612	117667794
chr11	62343604	62358957
chr11	64662444	64684607
chr11	30900130	31349827
chr3	45435945	45589022
chrX	11883307	12739977
chr17	79526284	79603956
chr20	62378282	62422110
chr1	114483005	114516134
chr7	7612106	7646723
chr19	10982378	11032433
chr19	5032901	5111847
chr3	38038627	38048546
chr7	72856525	72936263
chr11	134201955	134244952
chr3	64084726	64184603
chr16	74657825	74695347
chr12	111655705	111786129
chrX	47092442	47107329
chr2	121554896	121748251
chr2	73302648	73339905
chr2	235943646	235962460
chr2	135011974	135206418
chr12	112280537	112331374
chr19	12848319	12858918
chr2	69703000	69870172
chr13	21357860	21476877
chr9	94973088	95051701
chr6	10529144	10626840
chr6	100838236	100911344
chr6	144904592	145172133
chr2	48573353	48602582
chr3	61547961	62278982
chr19	54962521	54970085
chr4	146560291	146576586
chr7	100279310	100285861
chr18	2920290	2960838
chr9	131493615	131517844
chr14	102431028	102516900
chr6	30569325	30577721
chr17	40265666	40273322
chr16	21208800	21222868
chr11	27076977	27149000
chr11	64374667	64481171
chr16	12070663	12229438
chr11	8715642	8772247
chr1	178820263	178834911
chr22	50714132	50729013
chr7	5662490	5800700
chr2	234343076	234378106
chr12	21953977	22089608
chr6	70926599	70992755
chr1	156905791	157016207
chr1	78163001	78211147
chr4	186288333	186299340
chr16	56518672	56553774
chr16	81390395	81411201
chr1	232534872	232651085
chr11	70118278	70228252
chr17	56569023	56592367
chr11	69832214	70034110
chr2	149216327	149270510
chr2	32582313	32842971
chr18	8705658	8828944
chr11	118769123	118780648
chr22	46759119	46933067
chr2	239974792	240274394
chr22	42564658	42611311
chr9	35792405	35809442
chr1	112318698	112525348
chr15	52414953	52446229
chr2	162849792	162930491
chr6	26225382	26225793
chr20	62037996	62103816
chr17	42271630	42275438
chr11	125221201	125301288
chr2	39212964	39351870
chr18	54339746	54694438
chr4	123091802	123283402
chr14	92336567	92413573
chr16	58030420	58032169
chr11	63883739	63885764
chr13	88327643	88330520
chr5	37107703	37247800
chr8	121160081	121382606
chr8	105393425	105479148
chr15	77406497	77474268
chr15	66190271	66420741
chr12	56737172	56750355
chr14	89082161	89258847
chr7	128412593	128415835
chr20	2903904	3018779
chr5	123973592	124080682
chr9	111936833	112082726
chr11	9801964	10315616
chr1	11167541	11319466
chr14	105715048	105717009
chr1	171481227	171560986
chr19	1250295	1257271
chr3	48675637	48700067
chr1	109792701	109816671
chr19	11565340	11591423
chr2	46525050	46611799
chr8	28573576	28608383
chr2	27719771	27746306
chr11	71936028	71949397
chr16	70286623	70316666
chr9	139902380	139922592
chr1	226549160	226595630
chr11	67034170	67052921
chrX	1505494	1510902
chr3	49711834	49720775
chr5	64887595	64920101
chr12	110719594	110788110
chr6	69348567	70098783
chr19	47813152	47824087
chr4	15780037	15850225
chr16	66413240	66437072
chr16	22358285	22385630
chr12	48367189	48398104
chr13	110960250	111164538
chr21	47401764	47423927
chr21	47531390	47552466
chr3	99509526	99514980
chr11	1774732	1785089
chr11	61067607	61100440
chr18	28574140	28622626
chr18	29027840	29056223
chr16	67226130	67232026
chr20	62119650	62129116
chr19	3976551	3985378
chr5	137801450	137803770
chr14	103802197	103807389
chr12	11803061	12043980
chr5	127595146	127873296
chrX	48649516	48652571
chr22	23437882	23465618
chr10	101157303	101190322
chr2	241375335	241405707
chr19	6380291	6393006
chr5	176308073	176323160
chr22	35777166	35789591
chr4	185309911	185350218
chr17	48133803	48165699
chr12	54790076	54812982
chr3	37493865	37860480
chr10	33190497	33224486
chr7	20371429	20449620
chr12	26492329	26985714
chr6	33589379	33663557
chr14	105609031	105634757
chr20	49620575	49626875
chr1	210856622	211307287
chr4	55946107	55991460
chr2	26151846	26204786
chr13	98628950	98674076
chr7	107564395	107643330
chr3	49158658	49170300
chr1	182992851	183111925
chr1	225591004	225611777
chr2	136545893	136594739
chr8	23155555	23225864
chr11	46880533	46939930
chr12	12274059	12419669
chr5	109026118	109202699
chr19	3778180	3789345
chr1	31186428	31196398
chr11	65365761	65381227
chr11	102706856	102714277
chr11	102814994	102826434
chr16	58060254	58079350
chr19	40697938	40721199
chr16	88718932	88729488
chr17	10531969	10558381
chr14	23851248	23876432
chr17	10293770	10323544
chr22	36678713	36745281
chr7	103767294	103848352
chr11	59344049	59383137
chr9	118916451	119158895
chr5	140855683	140890740
chr17	8044385	8054024
chr12	98987756	98995306
chr6	33380040	33383651
chr20	39766281	39803149
chr16	81819594	81991603
chr6	105726018	105850766
chr16	23847496	24226137
chr3	169940457	170020915
chr19	14544333	14582596
chr15	52338657	52357197
chr17	19282213	19286544
chr19	797497	810826
chr12	7060675	7070083
chr15	75761109	75871117
chr19	5206784	5286151
chr20	25228814	25277158
chr14	58766572	58838707
chr18	20516814	20606203
chr12	56915807	56982796
chr10	48381904	48390877
chr12	21623127	21652504
chr13	34392315	34410432
chr3	186507757	186522502
chr15	60789653	60919573
chr16	2012098	2014626
chr19	2757340	2769066
chr16	31494457	31501856
chr13	30088616	30110325
chr1	27426797	27480825
chr14	70242998	70263872
chr10	119001204	119036777
chr10	50818786	50820385
chr5	131630309	131679528
chr3	47629698	47823287
chr11	121323040	121500272
chr17	45973652	46005190
chr2	54753555	54895706
chr11	57093880	57102595
chr8	73921121	73958372
chr15	39874058	39887570
chr19	2785660	2813274
chr11	8060420	8123166
chr22	19318962	19418999
chr10	75757965	75877927
chr10	17271421	17279270
chr7	73731876	73818178
chr9	100887055	100919942
chr1	228109218	228135588
chr2	61705954	61761032
chr3	49592035	49702272
chr11	107880074	107975111
chr17	34136573	34173949
chr3	58490950	58520833
chr16	338121	397025
chr7	90894195	90896139
chr7	72848337	72850113
chr6	26033403	26033796
chr6	26020717	26021128
chr6	26027168	26027480
chr12	132379546	132405906
chr12	93169786	93322842
chr12	68050906	68052493
chr4	144435077	144474337
chr15	65489068	65502093
chr17	40834847	40850928
chr19	49631130	49653395
chr3	62385080	62860704
chr7	39990240	40134579
chr5	140767451	140890740
chr5	140767451	140890740
chr11	6643009	6662844
chr2	169780131	169874635
chr8	9413449	9634246
chr22	36907033	36922168
chr19	10225789	10230535
chr16	84088053	84135388
chr3	125166622	125239016
chr17	10204267	10267847
chr15	90931573	91043340
chr3	119526097	119536059
chr21	47655181	47705200
chr3	183853173	183862731
chr6	4021659	4060850
chr15	63901279	64067822
chr3	179371013	179501929
chr7	123324572	123388788
chr6	37321940	37358534
chr5	9043008	9380058
chr10	93683833	93788690
chr11	74977206	75062651
chr11	76795932	76834916
chr1	45266135	45271350
chr12	107386564	107486739
chr8	27255101	27316026
chr17	80037018	80054321
chr5	137891725	137911007
chr17	18128996	18146135
chr6	2890396	2900845
chr9	4490679	4585558
chr11	65651444	65655889
chr8	8643531	8750568
chr19	48972764	48982467
chr18	67991904	67993512
chr4	68688054	68749651
chr11	93517679	93545230
chr22	39101960	39126709
chr2	158272188	158300532
chr1	147083635	147096760
chr22	23523147	23657709
chr19	13049493	13054727
chr19	531931	541552
chr2	238233416	238305460
chr6	75796262	75912508
chr19	19327762	19360720
chr12	113495997	113534744
chr17	7129183	7137581
chr3	183873423	183888543
chr3	134514473	134977962
chr3	184280023	184299410
chr7	100401082	100424652
chr17	65821840	65978404
chr13	92051300	93518692
chr19	47421932	47503945
chr1	245017751	245027609
chr10	32304456	32344901
chr4	147560292	147561960
chr15	55497704	55527132
chr14	24734820	24740321
chr19	41257313	41271072
chr22	42229274	42301664
chr11	36511387	36523065
chr11	101323685	101454234
chr3	13860440	13921313
chr15	28356908	28566579
chr8	17157370	17270801
chr1	41249765	41304195
chr11	76061907	76091880
chr19	42392153	42410938
chr22	39746015	39777919
chr17	79651096	79668648
chr19	40316354	40322507
chr11	117076712	117100560
chr11	113604415	113644388
chr10	79552197	79686278
chr19	18704375	18717466
chr1	206858574	206905436
chr3	139076704	139108392
chr8	73479969	73850326
chr4	118975065	119176867
chr20	30897580	30919122
chr13	100153860	100215012
chr12	49224251	49239565
chr19	46318817	46357753
chr17	8925690	9143285
chr19	16686837	16738754
chr1	178310730	178442374
chr18	55102948	55143955
chr15	65621246	65670126
chr21	43639372	43716502
chr10	75506590	75530853
chr16	89238239	89261563
chr2	15732057	15771030
chr19	46287500	46296014
chr5	169064330	169509862
chr3	50712694	51418990
chr12	14766050	14849382
chr1	32757770	32798645
chr22	38822799	38824137
chr12	57881873	57910364
chr16	16043608	16235138
chr15	59429578	59664699
chr7	103113258	103629803
chr21	45527297	45550653
chrX	1712355	1720487
chr9	131105411	131122770
chr5	179728563	179780217
chr4	10077001	10118290
chr20	4837617	4913208
chrX	70338604	70362068
chr17	60023828	60142566
chr11	65729251	65746501
chr1	168250328	168282240
chr9	133710833	133761070
chr11	57003335	57004478
chr17	26900543	26902550
chr17	3828715	3867585
chr16	88943383	89043215
chr11	119077127	119170491
chr17	77752034	77758841
chr18	49867157	51057023
chr7	143088549	143105898
chr3	89156898	89528652
chr2	28616587	28635315
chr1	147230269	147231346
chr6	26156618	26157278
chrX	153214797	153236291
chr12	58162778	58165866
chr2	232319901	232329064
chr18	18531344	18690871
chr20	36012556	36031782
chr11	120973374	121061515
chr4	108535404	108641335
chr10	112327574	112364060
chr5	176910644	176923513
chr11	45907371	45927272
chr9	101052865	101471019
chr11	64812742	64825993
chr19	868100	891131
chr6	13622593	13711737
chr8	145515439	145537993
chr2	227659725	227663454
chr15	74467199	74468486
chr17	76967657	76973273
chr12	81110842	81112830
chr6	170591961	170599227
chr4	1985045	2010686
chr15	23810929	23812453
chr5	137515369	137523102
chr19	59056124	59061920
chr7	121716542	121773780
chr3	50127867	50155889
chr19	14519747	14524032
chr1	40723943	40758341
chr22	30730582	30752781
chr17	43299491	43323963
chr4	103553213	103682051
chr8	48873704	48889338
chr2	136598404	136633935
chr5	56111400	56189507
chr6	136878895	137113295
chr19	6213052	6279795
chr17	10395732	10419959
chr5	171471885	171615046
chr17	80710069	80900339
chr12	115109645	115121005
chr13	19748002	19755887
chr1	27022894	27107247
chr14	103400048	103523510
chr17	60705163	60769812
chr20	50217749	50384908
chr22	46652457	46659219
chr9	140135812	140138008
chr1	145576078	145585622
chr18	47310216	47339854
chr22	39795807	39826227
chr11	61487627	61511961
chr19	49404053	49425681
chr2	157182255	157186698
chr12	133201282	133263901
chr11	64693206	64701316
chr1	57111060	57173386
chr2	109336062	109400357
chr20	42086673	42089703
chr9	35697787	35725691
chr14	39502442	39565322
chr19	16629969	16653189
chr11	9406310	9466741
chr1	79115880	79129496
chr20	47538426	47649736
chr8	68111168	68255522
chr10	134000567	134018434
chr17	1554095	1587865
chr11	119180595	119187811
chr19	40477109	40487212
chr19	45504837	45541048
chr1	43392711	43424322
chr19	18555561	18632865
chr8	136470109	136659327
chr12	58191664	58209823
chr11	122928441	122932032
chr5	1052474	1112106
chr17	4903541	4927446
chr1	120254645	120286663
chr16	30712145	30751054
chr6	43266096	43272463
chr20	33814541	33862412
chrX	95940057	96854316
chr6	143074243	143095875
chr11	747481	764845
chr22	21336660	21351637
chr18	12329563	12377081
chr3	122786011	122880807
chr5	176759086	176778648
chr12	106632801	106641629
chr12	120565652	120632500
chr11	65819855	65836216
chr15	72118920	72338904
chr5	80256557	80521589
chr16	24551947	24583766
chr21	35467497	35469654
chr14	50585061	50698001
chr11	66453341	66488711
chr10	105127746	105147980
chr8	87386279	87479122
chr20	40709518	41818373
chr10	79737235	79789165
chr12	108910749	108913252
chr13	114240152	114294582
chr5	14143834	14508531
chr22	45564058	45580536
chr14	21820831	21852086
chr12	130647487	130649233
chr12	51748162	51773565
chr6	108192907	108279213
chr8	125487350	125499885
chr12	64803815	64841911
chr3	48508084	48508999
chr5	177027211	177036696
chr1	6324656	6453459
chr5	446320	467013
chr3	52263049	52273032
chr17	38296801	38325874
chr9	136898711	136918599
chr17	61864409	61895758
chr8	145540216	145550299
chr1	39549890	39951466
chr1	77752643	78024355
chr9	129851217	129871010
chr1	150230523	150237059
chr17	71281568	71282639
chr1	87012802	87046028
chr9	37512543	37541765
chr11	33398197	33689700
chr9	125719338	125865492
chr22	43435781	43471592
chr7	119914686	120387912
chr17	40312057	40332963
chr3	195000056	195163576
chr19	10597327	10610709
chr2	1637975	1748227
chr11	77930317	77991908
chrX	69510308	69640115
chr18	59713088	59828586
chr5	16666800	16935917
chr20	62221441	62250750
chr12	108127986	108154292
chr1	220324592	220445679
chr16	70560559	70605716
chr17	40353755	40384145
chr12	124197112	124242579
chr20	62612598	62664346
chr16	69345414	69358212
chr11	64863722	64879059
chr3	51428830	51431503
chr8	145618532	145634542
chr16	22237050	22295317
chr21	34113819	34143979
chr3	127771395	127788505
chr17	45810820	45822732
chr9	140069393	140082984
chr12	72666423	73056975
chr14	77743718	77787024
chr1	108679274	108742760
chr2	183790429	183902827
chr14	35222713	35343810
chr16	72130056	72146396
chr2	46985669	46987280
chr2	96940749	96971175
chr10	1118095	1175284
chr19	49793379	49814604
chr3	128598534	128631450
chr3	126062569	126071765
chr8	124333373	124408597
chr7	145813968	148112708
chr19	50270390	50310015
chr1	156810664	156828413
chr5	149569890	149589178
chr4	73148852	73434479
chr5	178540867	178772329
chrX	28807460	29973937
chr9	99212561	99252320
chr22	32783978	32808143
chr14	50235186	50249671
chr22	31722876	31741588
chr16	67907164	67918051
chr6	43304895	43337103
chr7	127292427	127732110
chr3	101370009	101395758
chr5	132216750	132272881
chr16	89642305	89663029
chr12	6932914	6936369
chr6	47200500	47277247
chr11	60658637	60673854
chr19	54646714	54659145
chr15	52155081	52201007
chr22	37887196	37915207
chr11	2426166	2444266
chr2	31457487	31489570
chr19	48219869	48244689
chr3	130398158	130464062
chr2	54093225	54197921
chr15	85325906	85345624
chr3	108324253	108409744
chr19	5587253	5622726
chr1	44413272	44433354
chr7	156931966	157060449
chr3	5229490	5257603
chr19	47856287	47885370
chr19	34791378	34843860
chr15	35148992	35261814
chr16	5009324	5064971
chr12	108917233	108954930
chr16	30970052	30995344
chr12	7283244	7310677
chr8	59720305	60031546
chr17	78109288	78120760
chr1	55317905	55352792
chr11	73019683	73078825
chr11	72549835	72852922
chr12	106460579	106532431
chr15	80696857	80886039
chr9	131707965	131709582
chr18	77875425	77896692
chr7	97736489	97834804
chr15	101717592	101791661
chr13	96234487	96294283
chr1	204192597	204242855
chr1	155883911	155904164
chr16	89940075	89977646
chr10	323264	735518
chr10	106401085	107023132
chr4	85594020	85781744
chr12	117583891	117628261
chr4	48501438	48636427
chr13	33222909	33349190
chr16	23478910	23521732
chr6	37403405	37447921
chr15	62939509	63132809
chr19	47933345	47969660
chr19	38572205	38696880
chr17	37618324	37687569
chr6	43152048	43192183
chr16	18820890	18937363
chr3	129275154	129325482
chr17	3910183	4046189
chr4	141543348	141677199
chr3	52529429	52558372
chr16	87443885	87525844
chr3	16358334	16535376
chr1	16011053	16060429
chr19	47569612	47615841
chr20	8113298	8862496
chr7	11415420	11871572
chr13	113344730	113532608
chr10	53457458	53459309
chr8	100026016	100221896
chr6	34857179	35056386
chr8	28928020	29120551
chr12	49162373	49177217
chr18	2656074	2802550
chr1	55534717	55680786
chr14	104201490	104313644
chr12	53442927	53457666
chr6	96969749	97001379
chr19	19431668	19466591
chr12	116399070	116714936
chr2	98373561	98612125
chr9	131709998	131768957
chr8	144873332	144897542
chr5	54603841	54720600
chr1	12294323	12569078
chr14	31570135	31675142
chr5	36953798	37064125
chr6	43479904	43484545
chr7	97846701	97875458
chr12	132445164	132562218
chr9	140149817	140167380
chr8	11142397	11180297
chr8	11142397	11180297
chr7	32908956	32919216
chr8	95500933	95565675
chr21	43309232	43373757
chr6	132618291	132722565
chr10	11963296	12077422
chr7	24839801	24932091
chr19	54621658	54634863
chr20	33590948	33680584
chr7	115850761	115897536
chr2	27667298	27712520
chr1	160187381	160213798
chrX	21857852	21900773
chr1	60280789	60338637
chr19	4007758	4037873
chr1	114940269	115053697
chr8	54628523	54754250
chr7	916282	935059
chr2	96071306	96078705
chr16	85711817	85722504
chr5	32355865	32444764
chr17	16320982	16340203
chr7	95115283	95167071
chr3	128968552	128996267
chr19	41284280	41292868
chr1	1152891	1164152
chr6	139456533	139498242
chr17	18022114	18082184
chr8	27491717	27528868
chr3	100945812	101039216
chr22	41832314	41833349
chr3	121339422	121345757
chr4	89378420	89427029
chr22	24891371	24921762
chr3	52939151	53003144
chr16	2806365	2820868
chr20	61287806	61303245
chr12	12966301	12982488
chr20	34389444	34535549
chr2	36583435	36775844
chr3	48711976	48723240
chr17	27370243	27383323
chr4	38682246	38698884
chr10	127512126	127541812
chr5	137688484	137771389
chr10	28822508	28908535
chr11	65634388	65639825
chr15	45424164	45457099
chr3	52255232	52259545
chrX	153688523	153701028
chr11	64591944	64612041
chrX	118723314	118739958
chr10	87362029	88126149
chr15	41272420	41388508
chr3	122399730	122447444
chr12	103981254	104160114
chr19	2037737	2050850
chr22	41716664	41753433
chr9	139390522	139440238
chr1	36274017	36319206
chr10	104678237	104836937
chrX	106046083	106117195
chr6	20546581	21231270
chr8	38175473	38205689
chr2	97526362	97533623
chr19	1986486	2015702
chr14	57046632	57114215
chr7	766357	825290
chr1	3547538	3566563
chr1	36554505	36558987
chr11	67071096	67079358
chr8	95835659	95892462
chr6	79650409	79787785
chr6	79650409	79787785
chr2	86333370	86364682
chr1	245318726	245865908
chr11	65837957	66010751
chr1	28286580	28293711
chr1	220267558	220320977
chr1	201798337	201845182
chr17	57287412	57292363
chr2	69240631	69372508
chr16	46694383	46723045
chr1	2440285	2458026
chr4	68484714	68566837
chr7	66461965	66703516
chr6	486670	637818
chr4	25235785	25278809
chr12	95475295	95611016
chr1	114308601	114355034
chr3	54156740	55108233
chr12	8192428	8205446
chr9	100689665	100700418
chr8	81888778	81905462
chr2	143913059	144525741
chr12	2921926	2933359
chr2	140990754	142888298
chrX	151806656	151821744
chr7	142569459	142583381
chr8	28206235	28218641
chr16	68395108	68406084
chr7	104681399	104753780
chr7	97922832	98030164
chr5	140346351	140389522
chr5	140180782	140389522
chr5	140207676	140389522
chr5	140743897	140890740
chr5	140729827	140890740
chr5	140868807	140890740
chr5	145583328	145665593
chr1	16577164	16641913
chr9	139835379	139838535
chr15	41221866	41230232
chr1	112269589	112281864
chr19	44235747	44254893
chr19	1041360	1065424
chr14	75230192	75302114
chr9	104297705	104324704
chr22	24577487	24584404
chr19	33699796	33716609
chr2	128848931	128947316
chr3	52469618	52479043
chr5	114860004	114879190
chr2	97426736	97475254
chr19	7684471	7694413
chr17	61824240	61843535
chr3	100053635	100074112
chr1	149915755	149949445
chr1	227149086	227174438
chr17	2290194	2304006
chr1	176525458	176811590
chr1	160385627	160395168
chr10	80961389	81072506
chr6	138483223	138657623
chr20	20377373	20693123
chr19	19756230	19774475
chr14	77685156	77723069
chr1	209768328	209786220
chr22	50656164	50682888
chr19	7587636	7598681
chr21	43160997	43187201
chr5	139781552	139928822
chr19	1816064	1848357
chr20	62591240	62599303
chr6	40359681	40400852
chr6	43491605	43543601
chr1	19401325	19536742
chr18	19321544	19444627
chr7	148863342	148876893
chr17	27778566	27870040
chr17	7311574	7321118
chr18	30254619	30350554
chr2	217124034	217234983
chr4	134071295	134073986
chr16	1664640	1724046
chr2	224743387	224810001
chr19	31767452	31840125
chr15	41186966	41195539
chr6	151686655	151694772
chr4	170017669	170190363
chr20	33563297	33589991
chr3	170184842	170244725
chr19	17434325	17445479
chr19	40978528	41081475
chr16	3063363	3064017
chr16	56226147	56388965
chr2	234580580	234681205
chr19	19822160	19843767
chr6	26199078	26199471
chr5	45262022	45696195
chr17	43138697	43183007
chr19	58790447	58806902
chr22	30367048	30421790
chr1	177199012	177250664
chr14	73538349	73586513
chr10	75391687	75399775
chr20	44803144	44879933
chr19	54818697	54824289
chr16	75512538	75513726
chr1	46093927	46124759
chr17	38249335	38256347
chr20	3127421	3129716
chr17	39969286	39978660
chr4	184585020	184633797
chr1	156615846	156628926
chr14	23067215	23079854
chr3	49728598	49758738
chr17	74387023	74449223
chr17	58120923	58156275
chr1	27217500	27226933
chr20	44577591	44600049
chr20	44567638	44576394
chr1	2985823	3350375
chrX	53111680	53117121
chr16	2903093	2908105
chr17	80015990	80022935
chr16	17202551	17564653
chr10	22045615	22292363
chr16	108338	115013
chr20	35281922	35350138
chr7	70597788	71177131
chr15	86311271	86313041
chr5	141033516	141060053
chr20	2821420	2847220
chr8	25702124	25902375
chr17	62541965	62657998
chr7	139724359	139762647
chr11	709407	726981
chr3	125249358	125313644
chr2	239155015	239186577
chr13	61985375	61989291
chr2	60983613	61024295
chr3	53902745	53916128
chr22	20229233	20255615
chr13	32605932	32869597
chr10	70661140	70706386
chr12	132629033	132636946
chr2	234835182	234923256
chr19	6441985	6459639
chr22	50297485	50307413
chr19	30164746	30165586
chr12	102140941	102224453
chr16	55359003	55364217
chr4	121957418	121966992
chr1	45469163	45476929
chr9	101569980	101611374
chr1	53192325	53287301
chr15	101464837	101609053
chr1	6585913	6614562
chr19	17666522	17692253
chr8	77616323	77776801
chr10	103825231	103827559
chr10	88696499	88717298
chr14	92047232	92195823
chr10	104228786	104235741
chr1	92764630	92852568
chr16	28916263	28936484
chr5	1463765	1523959
chr17	34901573	34945841
chr1	36397027	36521346
chr8	68864629	69143613
chr1	35900494	36020092
chr9	5787143	5833027
chr3	13359180	13461726
chr12	43748011	43945724
chr8	67546735	67579193
chr14	24868452	24886652
chr11	289816	294749
chr17	8131497	8151354
chr10	105889896	105992004
chr1	208200587	208391267
chr17	61086920	61499316
chr10	93558447	93622756
chr17	36689531	36761958
chr11	62414491	62420721
chr16	81529081	81743404
chr17	72947664	72968751
chr18	31158595	31326559
chr12	12629766	12674032
chr19	4090595	4123872
chr14	51707010	51721237
chr1	22446542	22469415
chr12	1740520	1755418
chr5	1318483	1344956
chr19	46299126	46318434
chr1	205272577	205290756
chr7	100730593	100732861
chr19	17463170	17488097
chrX	53560269	53681051
chr22	50639465	50655798
chr1	28586358	28607313
chr22	41601366	41626255
chr10	35928272	35930357
chr1	185703911	186159010
chr2	174219691	174232392
chr11	119205832	119207134
chr17	59760656	59938900
chr13	41766338	41768393
chr19	33089050	33149921
chr10	126490398	126523540
chr20	40033232	40179976
chr11	65383782	65404449
chr13	86368117	86370643
chr14	99865015	99932142
chr3	126707436	126752860
chr15	82335500	82338046
chr16	2213921	2226575
chr17	3765504	3788981
chr8	42752274	42873641
chr19	55795810	55823436
chr11	64895853	64901072
chr16	89894958	89936680
chr19	2164183	2229791
chr12	6747447	6756532
chr2	27505599	27529409
chr3	127395220	127399318
chr9	124329467	124545824
chr17	58256615	58469300
chr12	125432347	125473568
chr2	219480462	219501300
chr19	2430908	2456931
chr22	20796359	20843498
chr3	43121180	43122923
chr1	18434622	18704820
chr7	45002337	45018560
chr16	50582464	50667692
chr12	110437493	110475359
chr16	3348964	3350614
chr8	2796106	4851938
chr22	38302429	38336837
chr11	109964137	110036462
chr1	2522428	2560923
chr6	129899657	130031281
chr11	77589994	77705689
chr9	139258753	139266530
chr9	131396022	131419005
chr12	40153827	40499610
chr8	56015048	56436786
chr22	37769111	37771574
chr3	150804713	151150592
chr7	155437570	155567735
chr19	41306477	41313769
chr4	140222931	140309238
chr22	46318735	46372634
chr2	132233772	132240421
chr10	72432558	72520609
chr2	44115738	44223086
chr6	52268011	52269076
chr5	176237751	176306887
chr9	2717739	2729727
chr5	128796084	129072911
chr19	14063324	14071807
chr14	24521362	24538613
chr16	70697579	70719694
chr10	135207724	135233669
chr19	41082805	41097113
chr2	198570129	198571911
chr7	8008981	8126168
chr16	30615584	30621362
chr15	43016688	43029300
chr9	75263564	75450889
chr15	100514606	100882104
chr2	230223255	230579139
chr15	42192842	42264692
chr8	22005672	22014055
chr14	63174225	63511904
chr17	18219103	18226384
chr12	72004207	72057390
chr16	70497093	70513583
chr6	134312292	134373618
chr1	228582405	228594262
chr17	45885656	45897644
chr11	34173933	34379130
chr11	799306	804388
chr4	13571634	13629211
chr1	1266725	1269844
chr14	103996315	104001158
chr15	102194784	102264590
chr16	80638284	80838070
chr1	116655236	116675986
chr3	42727110	42733485
chr9	139607117	139618226
chr12	1675913	1703232
chr14	68189359	68200565
chr14	80963821	81382891
chr10	74653556	74692282
chrX	134481043	134495001
chr11	61026146	61062509
chr16	57144654	57181570
chr11	65601536	65620806
chrX	30849543	30877705
chr18	10454978	10488035
chr19	19649158	19656825
chr3	132400753	132441199
chr1	45249881	45253377
chr5	43245877	43280831
chr6	37605143	37664587
chr16	23400240	23464315
chr9	32630096	32635577
chr10	120445639	120514274
chr7	151833916	152132871
chr6	25727136	25727520
chr6	25726359	25726755
chr2	43871812	43992737
chr2	170684017	170938353
chr19	19387456	19431305
chr22	43600002	43739267
chrX	23352992	23412302
chr15	43037992	43170815
chr4	46043004	46125930
chr3	49210202	49213234
chr7	100082934	100091526
chr12	56636925	56652053
chr12	50898923	51138622
chr3	142985543	143567164
chr8	10755461	11058848
chr11	46625079	46637787
chr1	205760660	205779569
chr15	43237526	43398220
chr9	130670670	130678698
chr5	129240522	129521484
chr2	187558900	187627550
chr17	40733830	40761342
chr17	27055831	27069005
chr10	63170079	63212839
chr3	31574490	31677556
chr2	109065730	109124086
chr1	153920584	153930973
chr6	47749802	47791727
chr17	6926990	6930938
chr5	64447662	64769500
chr1	896073	900571
chr5	153570426	153796532
chrX	69397432	69424956
chr3	196381410	196388593
chr12	40618933	40761567
chr19	17581349	17615421
chr2	113033571	113090065
chr17	35444250	35766389
chr20	57556364	57569731
chr20	48699304	48770174
chr15	49118167	49255212
chr15	48413241	48434548
chr13	39261481	39454924
chr10	120900753	120925159
