chr12	52301287	52317145
chr14	73603214	73690399
chr22	40742503	40765371
chr2	241808240	241819917
chr2	241808240	241819917
chrX	55035487	55057410
chr8	41510743	41655140
chr5	112073581	112181936
chrX	66763862	66950461
chr6	131894365	131905469
chr9	133320093	133376661
chr15	91260576	91359396
chr13	32889644	32974405
chrX	100604437	100641179
chr19	13317255	13617293
chr15	42651698	42704515
chr21	44473300	44495945
chr7	80267831	80303736
chrX	135730316	135742549
chr12	58141509	58146093
chr11	2904447	2906995
chr17	4801065	4806393
chr5	60162280	60240897
chrX	49832242	49863887
chr4	47937993	48014962
chr17	48261461	48278992
chr7	94024206	94060539
chr2	189839098	189877472
chr9	137533648	137736689
chr19	18893582	18902114
chr3	98298289	98312455
chr9	132575220	132586415
chr13	78469621	78549662
chr19	11487882	11494990
chr2	128014865	128051720
chr6	152128816	152424409
chr8	118806728	119124065
chr15	48700509	48937906
chr10	123237845	123357958
chr4	1795019	1810594
chr17	41052815	41066455
chr7	44183873	44229038
chr5	42423540	42721980
chr6	121756791	121770873
chrX	70443073	70445366
chr7	42000546	42276808
chr9	6532466	6645729
chr3	50229042	50235129
chr19	34856100	34893318
chr5	142657498	142783251
chr2	48010283	48034092
chr22	21128400	21142008
chr1	196621172	196716634
chr3	120347018	120401086
chr10	71078602	71161638
chr2	75061253	75120486
chr12	114791734	114846247
chr7	155592673	155605157
chrX	133594194	133634698
chr10	100175954	100206692
chr16	67465023	67471456
chr19	7112275	7294425
chr2	173292313	173371187
chr17	45331192	45391109
chr20	10618331	10654647
chrX	8496914	8700178
chr12	5019070	5027422
chr13	23755117	23899301
chr19	48618701	48673601
chr15	58724189	58862043
chr7	150642048	150675409
chr10	54525139	54531412
chr11	64570985	64578188
chr11	64570985	64578188
chr7	116312249	116438431
chr3	69985742	70017483
chr3	37035008	37092337
chr2	47630294	47710362
chr1	236958591	237067281
chr11	47352956	47374253
chr14	23881948	23904869
chr15	52599479	52821247
chr1	171604556	171621828
chr9	98205261	98271548
chr7	74188308	74203720
chr17	29421944	29704695
chr22	29999621	30094587
chr10	102505338	102589701
chr11	31810573	31832563
chr13	100741346	101182689
chr4	619361	664571
chr7	44102325	44105166
chrX	77359744	77384792
chr16	2138708	2185899
chr4	88928786	88998929
chr1	155259083	155271229
chr1	201252633	201302117
chr17	15133095	15168643
chrX	82763297	82767135
chr20	44519973	44527459
chr2	128176002	128186818
chr12	7342281	7364055
chr13	48877886	49056026
chr6	49572887	49604552
chr4	111538578	111544233
chrX	38128415	38186762
chr6	16299342	16761721
chr16	23313622	23392615
chr15	48498498	48596275
chr3	170714135	170744509
chr4	90645249	90758312
chr17	70117160	70122557
chr5	135364676	135399507
chr11	2185158	2193045
chr19	55663134	55669100
chr15	63334945	63358377
chr9	135766735	135820003
chr18	29171839	29178784
chr1	45477925	45481247
chrX	48542187	48549818
chr11	32409320	32457085
chr17	28575220	28618962
chr6	36646490	36655109
chr2	189896623	190044487
chr10	64571755	64576126
chr5	118788191	118878027
chr6	137518621	137540522
chr17	38974368	38978866
chr12	52908358	52914178
chr10	82031575	82049414
chr17	2496947	2588909
chr19	15269848	15311806
chr2	223158353	223163717
chr7	107301272	107358254
chrX	22050442	22269427
chr1	227058316	227083799
chr21	33032005	33041244
chr19	1205776	1228430
chr20	43029878	43063236
chr9	27109222	27230172
chr3	24158643	24536341
chr2	215590369	215674407
chr7	92116338	92157834
chr7	19155090	19157259
chrX	30322322	30327507
chr4	74270003	74287199
chr21	27252860	27543088
chr16	88875746	88878336
chrX	76760357	77041702
chr7	117120078	117308719
chrX	107683067	107940775
chr6	32006191	32009421
chr7	73442502	73484237
chr8	72109667	72274304
chr11	46740762	46761056
chr5	37812778	37840143
chr5	37812778	37840143
chr5	37812778	37840143
chr20	57466475	57486247
chr7	27233982	27239710
chr2	176957448	176960672
chr5	63253700	63258272
chr1	161274524	161279758
chrX	103031767	103047548
chr7	6010555	6048680
chr3	129247481	129254187
chr12	121416345	121440315
chr17	7571738	7590808
chr16	2097985	2139492
chr1	115572446	115576923
chr8	30891325	31033654
chr19	48325193	48346581
chrX	110537006	110654374
chr20	34021144	34026008
chr11	5269498	5271087
chr4	88896865	88904563
chr4	74606285	74609433
chr4	123372624	123377880
chr6	31543341	31546113
chr7	45928086	45933259
chr2	217498142	217529159
chr2	217536827	217560272
chr10	44865612	44880545
chr11	2150346	2160619
chr11	112832141	113149158
chr12	6898693	6929965
chr12	51379774	51420167
chr12	102789651	102874341
chr2	33359662	33624576
chr18	60790578	60987002
chr19	5993174	6110511
chr6	160090100	160114273
chr1	172628242	172636016
chr19	41836227	41859827
chr4	39455743	39460542
chr5	159343488	159400019
chr10	115803624	115806663
chrX	115301996	115306227
chr20	32868073	32891161
chr12	112204736	112255336
chr9	38392698	38398658
chr10	45869663	45941565
chr9	75766780	75785309
chr1	116915865	116947396
chr1	160085548	160113381
chr12	2162152	2807116
chr3	53528637	53847760
chr1	181452652	181777219
chr1	167399876	167487766
chr15	32322717	32465219
chr9	131857072	131873072
chr8	67088610	67090699
chr5	131409481	131411863
chr17	38171692	38174066
chr10	135340866	135352627
chr8	59402736	59412722
chr17	61554421	61575734
chr7	50526139	50628768
chr5	79922044	79950802
chr5	141971742	142065655
chr5	161274196	161326965
chr5	161112726	161129598
chr15	26788698	27018213
chr2	171673396	171717661
chr10	26505300	26593487
chr21	34876239	34914423
chr4	157997301	158093242
chr3	51741083	51752629
chr7	86273224	86494195
chr3	6902801	7783220
chr7	126078651	126892995
chr1	228327979	228336652
chr5	74633044	74657926
chr4	175411325	175443639
chr6	78170640	78173208
chr1	23518387	23543995
chr3	88031725	88042989
chr10	92500579	92617796
chr15	99191767	99507759
chr22	37521882	37545956
chr7	128032330	128050036
chr3	49061757	49066831
chr2	160956181	161056783
chr4	187148660	187179625
chrX	43625856	43741696
chr3	154797460	154901493
chr7	24323808	24331481
chr5	32711426	32791826
chr17	79801041	79818411
chr5	102091008	102365420
chr7	87132332	87342611
chr11	64019001	64035395
chr3	145787226	145878971
chr17	7387684	7417933
chr2	25383728	25391449
chr4	101944574	102268683
chr12	57125363	57146107
chr6	57182427	57513376
chr1	186640922	186649555
chr17	38465431	38513895
chr3	25469753	25639423
chr12	53604352	53625993
chr15	66790352	66797193
chr12	112842992	112847409
chr8	74202476	74205868
chr1	24018295	24023325
chr16	89627089	89630950
chr17	37004112	37009974
chr19	49118587	49122435
chr19	17970718	17974128
chr3	101399934	101405562
chr17	41150435	41154976
chr8	99053948	99057773
chr11	8704338	8711419
chr19	55897299	55903453
chr3	52027537	52029911
chr5	40825363	40835324
chr2	217363566	217368809
chr17	72199816	72206794
chrX	118920466	118925593
chr14	50085247	50087344
chr21	35014806	35210802
chr12	89981825	90103143
chr19	11546455	11561783
chr3	10365706	10547270
chr12	16701305	16761148
chr5	135468533	135518421
chr20	57226338	57254582
chr8	74698453	74791097
chr3	130612927	130735556
chr5	176047082	176057535
chr2	64068102	64118694
chr11	117070009	117078181
chr1	151778546	151798572
chr8	97154560	97173034
chr22	50430239	50451194
chr1	175913966	176176422
chr21	36160097	36260996
chr10	61005892	61122307
chrX	13789057	13956757
chr12	120634501	120638914
chr17	46970148	46973233
chr12	54058953	54070114
chr2	64751461	64820139
chr12	30862486	30907885
chr10	8096650	8117161
chr2	69623257	69664567
chr5	94041241	94417349
chr3	160117437	160152741
chr17	45286393	45301045
chr22	42334740	42343156
chr5	115177631	115249778
chr18	45335327	45457243
chr18	13611462	13652753
chr1	65886334	66101111
chr4	146403956	146480328
chr3	9773418	9789699
chr12	76745576	76953551
chr3	29322561	30051877
chr7	150935865	150945780
chr18	3496029	3845358
chr22	20861896	20941906
chr17	29643427	29648640
chr7	44646225	44716181
chr11	809966	812876
chr3	13590624	13679904
chr5	176853676	176868354
chr6	105404981	105531207
chr11	75110561	75117951
chr12	32943688	33049711
chr17	7788113	7816073
chr19	39327009	39342987
chr7	23286393	23314727
chr10	58117198	58121034
chr2	159313463	159537941
chr3	50400043	50541065
chr2	198283519	198299817
chr22	29083730	29137808
chr14	73741923	73925252
chr17	37844346	37884911
chr12	56473891	56479401
chr4	152020779	152025794
chr16	48394441	48399798
chrX	102611433	102613390
chr1	13911954	13944452
chr1	26872332	26901516
chr6	166822851	167276013
chr1	111489811	111506544
chr12	100463685	100536652
chrX	71491891	71497098
chr17	28804425	28854610
chr12	7033621	7051484
chr15	85144239	85159842
chr4	39046450	39127853
chr6	130339725	130462583
chr7	11013498	11209245
chr1	174968570	174981163
chr3	185360917	185542830
chr2	68961942	69053965
chr1	117117029	117210355
chr7	112063228	112117258
chr21	40668362	40685558
chr22	31892521	32014574
chr22	24129152	24180196
chr9	73398775	73483968
chr1	115259536	115300605
chr18	23596216	23670577
chr10	124913917	124924881
chrY	2709642	2735309
chrX	128937263	128977575
chr7	135071821	135194850
chr14	55405666	55493817
chr1	225674530	225840825
chrX	73952690	74145287
chr2	136871918	136873805
chr10	111969988	112047123
chr11	85668217	85780126
chr11	67165653	67169329
chr5	130977406	131132710
chr1	156278758	156308083
chr6	7541903	7586947
chr13	113863926	113921422
chr2	220110200	220115059
chr11	46764597	46867831
chr19	58898635	58906171
chr8	30643131	30670334
chr4	170907752	170924928
chr1	9788983	9884023
chr1	9788983	9884023
chr2	73461435	73480133
chr16	1961475	1968416
chr11	24518598	25104184
chr3	49052920	49056013
chr10	16555732	16563878
chr1	112162410	112259313
chr12	69004678	69065681
chrX	138808506	138914400
chr2	3622849	3628510
chr7	35840666	35944917
chr10	105062552	105110897
chr7	28725749	28865511
chr2	174937174	175113260
chr17	76210333	76221716
chr12	49952084	49960222
chr11	132284874	133402396
chr16	53524951	53537121
chr6	41514118	41570122
chr19	56166400	56186082
chr3	71247032	71633129
chr4	1205232	1242918
chr10	27035524	27149887
chr6	43474702	43478084
chr19	54704725	54711515
chr6	99990262	100016690
chr4	153241695	153303681
chr18	12948009	12987530
chr3	180630457	180700541
chrX	125297481	125300272
chr6	47824408	48036566
chr9	79634570	79635869
chr7	1855430	2272580
chr15	59171248	59225878
chr10	94586587	94819247
chr13	37583448	37633825
chr14	105235685	105262085
chr1	197881593	197904608
chr11	6625003	6632101
chr1	162602253	162757195
chr1	162602253	162757195
chr10	78629359	79397566
chr4	5822490	5894813
chr19	39616425	39673456
chr2	71558911	71662191
chr16	30205195	30208882
chr19	49999690	50002965
chr6	45296066	45518819
chr17	57774668	57784791
chrX	133507341	133562820
chr20	55926597	55954258
chr5	68660569	68665651
chr4	166248820	166264316
chr2	174765502	174828608
chr16	29471233	29476287
chr5	114506798	114515991
chr6	117881431	117923674
chr14	45366477	45376460
chr3	122078437	122102078
chr1	166038535	166136238
chr1	167905920	168045074
chr5	56775844	56778638
chr11	113931228	114127487
chr6	145946440	146056656
chr1	53708035	53793742
chr1	67873492	67896085
chr11	67202980	67211280
chr15	60711807	60771341
chr16	66836780	66864879
chr19	39923776	39926589
chr15	83205500	83209208
chr19	42364324	42376993
chr8	56985612	56987065
chr20	60962158	60963576
chr12	78224673	78606790
chr10	33486548	33623595
chr5	179125967	179158642
chr3	123813553	124445172
chrX	19552094	19817891
chr14	74551658	74668196
chr8	90945558	90996895
chr1	29519168	29557446
chr22	40440837	40731812
chr3	30647993	30735634
chr6	110421021	110500873
chr17	4736634	4801356
chr1	93913674	94020218
chr5	81569138	81574173
chr5	149822197	149829302
chr18	34823002	35145761
chr5	148872544	148931002
chr2	100161880	100722045
chr16	55836762	55867008
chr15	48623625	48635570
chr17	8339201	8371481
chrX	109437413	109561313
chr11	47487488	47574684
chr9	74480067	74526109
chr10	79793620	79800455
chr11	118886426	118889053
chr5	76506504	76724081
chr5	63801841	63908146
chr15	64656502	64673640
chr17	37894604	37903538
chr17	33914340	34053432
chr16	71762902	71842737
chr11	13299336	13408813
chr1	25226001	25291501
chr2	38970740	38978503
chr7	143050492	143059806
chr12	50017343	50038448
chr3	122627928	122746610
chr1	38259518	38266805
chrX	118108580	118152318
chr9	130374555	130454978
chr6	10396909	10412624
chr8	103661011	103665971
chr12	98909367	98944129
chr17	30677175	30708904
chr13	99097438	99229361
chr1	19923472	19956314
chrX	100663209	100669121
chr11	4116028	4160162
chr1	101337946	101360398
chr1	40361099	40367589
chr5	138678162	138705406
chr11	33162976	33183026
chr2	44396013	44458611
chr17	27232267	27278536
chr8	67625015	67774257
chr2	10262865	10271541
chr2	27587218	27593205
chr5	16473161	16617106
chr8	95653401	95719694
chr3	40498829	40510078
chr22	19437433	19466716
chr12	56510416	56511751
chr2	27548720	27579631
chr7	132937833	133168951
chr7	107788093	108096880
chr7	12726527	12730583
chr7	2394461	2420380
chr11	6260318	6265709
chr18	158556	214629
chr1	66797790	66840262
chrX	18460343	18671749
chr4	71587680	71674336
chr2	204732493	204738688
chr5	170814852	170834129
chr16	28722737	28747051
chr2	111296064	111334799
chr12	6456012	6484729
chr3	160801670	160823137
chr17	56618944	56621689
chr16	23194065	23228204
chr1	28199054	28213186
chr2	105974168	106015508
chr1	110752935	110776666
chrX	40944697	41095832
chr14	23389737	23398585
chr6	168227590	168365790
chr17	41717756	41739290
chr5	145826895	145891524
chr16	30128157	30134541
chr16	15796991	15950885
chr2	166095923	166248814
chr7	94285681	94299007
chr3	98234326	98241746
chr13	58205877	58303445
chr11	117049458	117068158
chr7	151253212	151511945
chr8	80676244	80680002
chr9	8314245	8733946
chr4	146019462	146050676
chr16	50775996	50835846
chr10	48737039	48827934
chr9	135973108	136024597
chr1	243287729	243418583
chr9	3824126	4300068
chr2	27008923	27017457
chr16	31483472	31489279
chr3	99566566	99833345
chr2	238395893	238463965
chr7	144149033	144533146
chr8	102209279	102217901
chr17	40714165	40718295
chrX	135067593	135129428
chr9	106856907	106903700
chr12	69864167	69973573
chr11	10818600	10830473
chr15	93443553	93492464
chr2	212240441	213403352
chr19	39078280	39108593
chr1	8412463	8877699
chr3	158787107	158984096
chr1	27938574	27953108
chrX	123094409	123236506
chr1	32739721	32751766
chr14	74181824	74253911
chr1	154127783	154155694
chr17	28521336	28562715
chr8	134048972	134114846
chr11	33278926	33378569
chr5	126984773	126994322
chr3	133465236	133515485
chr12	6437936	6451242
chr1	12227047	12269277
chr3	25639395	25705863
chr6	3153899	3157778
chr6	3153899	3157778
chr17	40761700	40767256
chr18	657652	673578
chr17	42282407	42298250
chr1	23685940	23696329
chr5	65440127	65479443
chr12	124808960	125052158
chr2	175424301	175547627
chr1	101455178	101491340
chr1	234740014	234745271
chr2	219135241	219137670
chr6	136579431	136610984
chr12	46576845	46662826
chr10	104154334	104162286
chr17	27082997	27169808
chr7	35242041	35293711
chr11	111652918	111742305
chr17	56078279	56084607
chr6	44191331	44201879
chr13	115000371	115038198
chr4	57302425	57330744
chr2	213864421	214016336
chr22	29190547	29196557
chr14	36985601	36989437
chr17	41605213	41623708
chr5	140894587	140998567
chr1	10696660	10856703
chr16	3775054	3930121
chrX	2746970	2800859
chrX	19007424	19140586
chrX	119657712	119694817
chr1	108113782	108231121
chr19	54041398	54083523
chr4	88571431	88585509
chr6	24495196	24537435
chr10	88428267	88495829
chr2	231280915	231410321
chr3	141043027	141168634
chr8	67474409	67525453
chr17	73780886	73821880
chr16	52470328	52581055
chr10	70173820	70231730
chr15	41952602	42062138
chr3	185864989	186080023
chr17	1367479	1395980
chr11	62559601	62572912
chrX	122734419	122866902
chr8	48685671	48872696
chr2	165944035	166060560
chr17	5185578	5289660
chr8	86089388	86126753
chr1	64239687	64609068
chr8	53535017	53626995
chr18	9136778	9285983
chr14	31363009	31495585
chr10	104503704	104576019
chr10	126672885	126849599
chr18	52889415	53255423
chr5	112357802	112824150
chr11	57529273	57587012
chr14	89622520	90085509
chr2	219128851	219134860
chr17	906758	1012342
chr18	66382452	66722426
chr12	104609556	104744085
chr17	40023170	40075204
chr17	1959603	1962981
chr3	41240995	41281934
chr13	108859789	108870697
chr3	196769430	197025447
chr17	61909440	61920045
chr4	72052975	72437800
chr22	38879442	38902316
chr10	52750647	54058110
chr11	115039955	115375133
chr6	31606804	31620167
chr12	6961313	6975796
chr4	40425296	40631881
chr20	42544769	42698256
chr5	132086510	132112931
chr11	78363873	79152074
chr10	47157988	47173994
chr9	129622917	129648157
chr14	99947745	99978777
chr17	58755211	59470192
chr4	6027925	6202276
chr19	36706007	36729670
chr2	70674415	70780958
chr7	150065910	150071128
chr2	130831107	130886795
chr3	4535031	4889190
chr1	229566991	229569841
chr17	10424464	10452975
chr8	104512837	105268322
chr14	104163953	104181788
chr6	143999101	144152322
chr2	86371058	86422585
chr4	39824482	39979531
chr6	76311595	76427997
chr5	31400600	31532200
chr1	52254881	52344399
chr14	69340844	69446019
chr1	23631180	23670777
chr1	182610952	182653722
chr15	78832746	78841604
chr11	14299465	14380073
chr1	236849798	236927931
chr2	233562040	233725315
chr2	158592957	158731511
chr3	168801294	168864093
chr15	70340128	70390256
chr12	109038884	109096774
chr14	79745722	80334634
chr5	79703882	79779198
chr18	30517369	31020704
chr4	42410389	42659122
chr17	4442198	4458679
chr8	81398460	81438500
chr8	24772499	24776606
chr19	53115629	53141608
chr3	38495380	38534633
chr15	58881007	59041906
chrX	153576898	153603002
chr13	41885402	41932854
chr19	39936221	39967310
chr2	158383278	158454072
chr13	37006631	37017007
chr1	116378997	116383324
chr6	159186779	159240400
chr8	56792393	56926728
chr2	68511302	68547081
chr4	39699755	39784412
chrX	53262057	53350548
chr16	69599868	69738557
chr7	139246315	139477797
chr2	180306708	180611237
chr10	103866245	103880125
chr14	47308825	48144157
chr13	111766965	111947542
chr17	45195068	45266661
chr19	34663408	34720193
chr16	29882479	29910871
chr11	125495030	125546150
chrX	47494918	47510003
chr2	203879597	204089917
chr19	45971253	45978437
chr12	19592425	19675161
chr1	16693736	16724640
chr8	57073467	57123832
chr3	189349177	189615065
chr8	131792546	132053155
chr1	224572847	224622499
chrX	14547419	14749934
chr4	2845570	2931789
chr10	111767741	111895323
chrX	119560002	119603204
chrY	15015909	15032390
chr1	94883944	94944279
chr3	167453508	167543357
chr9	131446071	131458675
chr2	55774427	55844757
chr1	206138490	206155151
chr9	127908851	127952082
chr11	10326619	10328944
chr1	244571795	244615211
chr1	156711900	156722240
chrX	41374186	41782287
chr19	55644065	55660574
chr1	3607235	3652765
chr5	82767562	82878121
chr1	151512784	151556059
chr22	29723668	29784559
chr15	75074420	75095538
chr3	128886669	128902739
chrX	129198848	129244866
chr13	113831849	113862983
chr13	37418967	37494375
chr1	1309115	1310587
chr7	69063460	70258492
chr5	56471274	56560506
chr19	47724080	47735924
chr2	196521681	196602424
chr12	54624729	54653370
chr1	11734536	11751616
chr1	33402049	33430410
chr12	133614094	133639885
chr19	7701995	7712759
chr12	56710006	56727502
chr4	113739260	114304892
chr5	141689994	141704586
chr12	6759466	6772285
chr5	38474769	38556748
chr16	55515468	55540603
chr16	51169892	51184508
chr19	34112858	34264411
chr16	89679715	89704841
chr3	33429827	33481897
chr4	115519962	115599381
chr18	32173298	32409288
chr8	70379015	70573147
chr2	65537984	65593912
chr9	15464063	15510968
chr15	42066681	42120053
chr11	77033061	77185139
chr17	7090505	7120946
chr19	11071705	11172949
chr19	45394510	45406946
chr7	44143943	44154159
chr3	51705267	51738339
chr16	11961984	12009813
chr17	40610895	40674597
chr1	154934773	154943223
chr1	1109259	1133316
chr11	120894810	120961485
chr8	144661897	144679585
chr3	115342356	115440330
chr6	33387841	33421466
chr4	154074229	154260469
chr11	47279546	47290584
chr18	42260037	42457384
chr12	118454507	118470039
chr11	101981177	102104155
chr6	135502445	135540310
chr1	1215815	1227405
chr14	70510931	70546934
chr12	56556142	56583267
chr9	131314865	131395941
chr11	532241	535576
chr11	3379156	3400376
chr7	128379412	128413454
chr4	99800426	99850284
chr4	174252526	174255509
chr7	32524949	32534895
chr4	108968703	109090088
chr7	128864870	129070052
chr14	23495059	23504429
chr19	10244021	10305629
chr17	9813922	9929602
chr4	16503163	16900268
chr2	231578262	231685790
chr14	54863724	54886936
chr9	101867394	101916474
chr15	100106188	100256693
chr3	38048986	38066011
chr11	118914898	118927916
chr5	88014057	88199922
chr17	42987039	42992868
chr4	74301937	74321891
chr5	2745958	2751791
chr10	104847794	104953029
chr10	97803339	97820627
chr9	136627015	136857446
chr1	91966407	91991321
chr3	28373180	28390315
chr1	85784167	86043883
chr3	143691922	143711210
chr1	89990387	90063420
chr1	87380317	87564128
chr6	18224090	18264761
chr20	44650324	44688789
chr5	61714710	61924409
chr4	54243807	54327029
chr14	53323990	53417768
chr9	34989741	34998425
chr9	135854080	135867074
chr2	74588281	74607438
chr5	179673019	179719083
chr9	93564100	93660831
chr3	194075977	194090472
chr14	31343764	31359824
chr16	4475868	4506776
chr4	15341611	15447791
chr1	28929361	28969579
chr8	134249417	134309495
chr1	17300996	17308078
chr1	18957339	19075360
chr1	33116808	33151812
chr6	131160486	131384385
chr6	122720695	122754264
chr1	218518677	218617961
chr16	57988578	58005032
chr5	137673245	137685418
chr6	8073592	8102781
chr2	37326352	37384123
chr1	40026487	40042462
chr8	42249278	42263455
chr8	101928750	101965223
chr8	105501463	105601486
chr8	28747911	28910779
chr8	40388108	40755345
chr9	129567318	129600489
chr12	31433517	31479084
chr9	131843389	131852717
chr13	38136721	38172905
chr5	137203548	137223540
chr1	179068464	179112211
chr6	41902670	42016632
chr20	50003499	50179378
chr14	24836116	24848807
chr12	54685894	54694799
chrX	114827862	114885181
chr1	224301812	224349749
chr19	1609290	1652614
chr19	12810014	12834746
chr19	3522953	3536755
chr19	3522953	3536755
chr1	211432707	211489727
chr1	150190716	150208460
chrX	119738553	119755014
chr2	32092891	32236077
chr2	113300041	113337395
chr12	110813271	110841535
chr19	10765021	10796441
chr19	10765021	10796441
chr16	67516473	67517450
chr2	33701715	33789798
chrX	137696887	138287185
chrX	137696887	138287185
chr10	90694830	90751154
chr6	33286334	33290736
chr15	43695258	43785354
chr2	122095351	122407038
chr2	17845078	17935077
chr5	179233392	179265078
chr2	208576363	208620898
chr11	18344113	18388592
chr11	33880121	33891424
chr7	86781768	86825641
chr10	75196190	75255782
chrX	102930425	102941627
chr10	103544206	103578201
chr15	74922898	74988365
chr8	99956669	99964328
chrX	153991138	154005964
chr4	106603783	106629846
chr10	69644938	69678147
chr6	153291669	153304714
chr5	55033888	55112985
chr1	109512835	109584724
chr3	107241808	107530186
chr17	33419239	33446777
chr1	41157375	41237275
chr17	19674142	19771249
chr2	105880870	105946192
chr17	27041298	27045286
chr10	12171675	12211957
chr10	71907044	71930270
chr2	38789110	38830070
chr11	83166215	85338388
chr1	113933136	114228545
chrX	152953380	152962043
chr19	15337729	15343779
chr11	43333545	43366079
chr6	134490383	134639250
chr17	7146909	7155053
chr11	27676439	27742326
chr11	128328659	128457453
chr18	32556990	32723434
chr11	22688156	22834601
chr12	80167347	80329240
chr15	49414923	49447796
chr1	32830233	32860042
chr11	14535455	14541932
chr6	4836331	4955778
chr11	9596233	9611532
chr16	15737238	15820210
chr11	14479057	14521357
chr11	89933596	89956217
chr3	16926447	17132096
chr19	2997641	3047633
chr17	40128452	40169180
chr6	56322793	56819628
chr1	50574591	50669444
chr15	65951460	66084631
chr8	82569148	82598560
chr12	42850558	42877417
chr4	37246364	37451085
chr2	187464931	187545628
chr3	170077410	170114637
chr15	67418079	67487507
chr7	31726828	31748069
chr7	140156014	140179305
chr11	65421071	65430387
chr15	96869274	96883487
chr5	59892738	59995993
chr10	51565198	51590734
chr3	25760434	25824934
chr7	92234234	92465887
chr3	142315234	142432506
chr12	69202803	69244466
chr13	41506054	41556418
chr15	75661719	75748156
chr22	41763458	41795330
chrX	70503484	70521018
chr2	178095030	178128859
chr12	10851687	10875922
chr21	33043312	33104431
chr1	26210669	26232910
chr13	108921976	108960832
chr19	47634091	47713893
chr19	19040009	19051161
chr4	4269427	4291748
chr6	35541366	35696360
chr16	28875163	28885526
chr11	15987994	16430402
chr3	78646388	79068609
chr11	102660649	102668891
chr19	42801186	42806776
chr12	20848265	20906320
chr10	129894922	129924687
chr3	121613247	121663035
chr5	72251867	72386349
chr3	119540167	119813294
chr10	114710005	114927437
chr9	6757972	7077263
chr10	61786055	61900498
chr4	122589100	122618135
chr6	86317501	86352604
chr5	96502449	96518951
chr19	7895103	7929862
chr1	51819934	51887767
chr8	31496760	32631564
chr12	57853567	57866051
chr10	3818187	3827401
chr15	44854893	44955860
chr21	34001068	34100250
chr17	47074746	47133507
chr12	106751887	106903976
chr19	17858552	17899370
chr1	19197923	19217385
chr7	106847079	107204365
chr3	170776202	171178194
chr14	55034329	55260033
chr9	103064365	103114853
chr2	201717731	201729284
chr22	17597186	17602250
chr7	13930853	14029291
chrX	123509752	124097666
chr22	29664256	29696511
chr5	107194735	107717799
chr6	28352514	28367524
chr7	149169884	149194900
chr14	24583985	24594451
chr3	157813693	157824209
chr9	114980714	115095899
chr12	6833452	6841031
chr11	68228219	68382802
chr15	40987371	41024538
chr3	57994148	58157978
chr3	114033346	114102489
chr2	242523819	242556907
chr12	110890290	110906526
chr8	74332603	74659075
chr5	130759613	130970922
chr1	93544839	93604633
chr7	150750901	150754984
chrX	132669772	133119621
chr8	141530254	141645732
chr7	138516125	138666135
chr11	64513860	64528187
chr16	72816783	73092920
chr14	23527772	23564823
chr4	103422515	103538459
chr7	73113539	73133999
chr10	119302256	119309057
chr10	94211440	94257521
chr17	6354582	6459875
chr1	29213611	29446553
chr7	39017508	39508200
chr19	45910591	45927175
chr4	78978476	79367787
chr7	127937737	127983962
chr5	172659111	172662209
chr6	101846860	102517958
chr5	892998	909047
chrX	69675026	69725340
chr15	93586635	93617216
chr1	45285516	45308925
chr22	37865100	37882422
chr3	50284341	50296794
chrX	154006958	154033760
chr1	45340198	45452267
chrX	70364690	70391051
chr6	80714365	80752244
chr15	91643486	91845795
chr12	120532902	120554557
chr12	65563362	65642135
chr5	19471404	19988309
chr3	85008139	86123579
chr11	128563966	128683162
chr20	36145818	36156278
chr12	123773655	123849394
chr10	123716605	123734732
chr3	190231873	190369303
chr15	44119199	44160610
chr3	149235021	149421060
chr7	72716512	72722823
chr14	69726874	69821183
chr6	139692943	139695499
chr6	88182691	88222054
chr6	72922595	73112847
chr1	54231150	54303969
chrX	21392535	21672807
chrX	21392535	21672807
chrX	16804588	16862642
chr14	21853357	21924282
chr16	31191430	31206192
chr16	75262078	75299905
chr12	175932	287621
chrX	38008591	38080124
chr6	90636246	91006562
chrX	70315700	70323382
chrX	130407479	130423280
chr9	125883895	126030865
chrX	70459473	70475047
chrX	100474774	100519491
chr9	23690101	23821818
chr2	145141647	145277686
chr5	6713544	6757157
chr6	35310334	35395955
chr1	33327868	33336513
chr10	85954292	85979377
chr6	170863456	170881947
chr20	30640044	30689659
chr8	22019310	22021992
chr1	226124302	226128920
chr8	103216728	103251059
chr2	200134227	200322662
chr1	151672533	151689279
chrX	17818168	17879418
chr20	37434339	37551667
chr7	114054869	114333820
chr1	64088886	64125916
chr1	29063451	29096287
chr7	116165062	116201239
chr12	51487538	51566918
chr12	53701243	53715394
chr10	21068901	21463020
chr4	30721990	31148422
chr6	31132113	31134947
chr16	87985039	88110922
chr8	38268660	38326153
chr19	55476651	55512506
chr10	103338638	103348014
chr20	46130630	46285616
chr20	46130630	46285616
chr12	21788275	21810776
chrX	149531583	149682443
chr11	111608600	111637113
chr11	126132832	126138790
chr11	66790263	66818334
chr14	61201478	61436683
chr2	36923849	37041937
chr12	51985016	52206648
chr22	19467348	19508135
chr2	162480925	162841780
chr7	97480988	97501720
chr12	57489190	57505145
chr12	24962957	25102035
chr16	28943291	28950663
chr10	89264649	89313218
chr10	104263728	104379225
chr10	93806448	94003036
chr3	141663269	141868386
chr3	142168076	142297575
chr4	39500374	39529059
chr4	155484131	155493915
chrX	119384666	119392253
chr11	117015002	117047610
chrX	142710594	142723920
chrX	105855207	105922669
chr10	76969927	76991206
chr10	34398488	35104224
chr10	34398488	35104224
chr6	42531766	42588089
chr19	43370615	43383865
chrX	53963112	54071569
chr17	37408915	37557879
chr5	139226365	139422884
chrX	117480068	117583924
chr11	47199072	47207985
chr12	54892561	54942027
chr20	33890380	33999776
chr2	70883915	70994847
chr7	90032774	90045268
chrX	146993436	147032645
chr1	171669299	171711205
chr21	30671242	30718469
chr2	68268261	68290136
chr2	48034058	48133637
chr7	99704692	99717481
chr17	15994883	16097953
chr15	68908877	69020145
chr9	273045	465255
chr1	36197712	36235579
chr8	42128819	42189968
chr9	129724503	129979724
chr9	14081846	14314140
chr3	136649343	136670448
chr4	128802047	128820379
chr1	52838500	52870095
chr18	46446222	46477335
chr2	148687964	148778306
chr17	38219217	38250120
chr13	20532866	20663255
chr5	55230922	55290791
chr1	70671378	70718735
chr12	56708278	56710130
chr3	155544308	155572216
chr20	30252260	30310671
chr1	24290836	24306817
chr16	67596428	67673080
chr7	128594238	128695165
chr2	231921580	232037541
chr15	33010204	33026866
chr1	205055269	205091106
chr1	156119734	156147535
chr1	206643818	206670222
chr16	30194922	30200397
chr9	95218486	95244788
chr19	50410081	50432761
chr20	61509094	61557857
chr22	18593574	18614499
chrX	41193414	41210921
chr5	6599351	6633157
chr17	44107281	44302733
chr2	109223602	109303702
chr17	4854413	4860424
chr3	52742459	52804956
chr8	110346575	110358183
chr19	50432399	50437193
chr3	184032393	184053141
chr5	138609789	138667366
chr7	100026412	100031741
chr1	29563033	29653312
chr12	57910370	57914300
chr1	46049712	46084565
chr22	18900293	18924066
chr6	2948392	2971801
chr13	36342788	36429804
chr17	74730196	74733413
chr9	33265046	33282068
chr5	157212754	157286153
chr10	13359427	13390293
chr10	21823160	22032559
chr20	56964284	57026157
chr1	92145899	92351708
chr11	35272751	35441605
chr11	118307206	118397547
chr6	53362138	53409899
chr6	88299852	88377169
chr8	26371546	26515691
chr5	146770370	146889631
chr1	150547033	150552086
chr14	50110272	50154932
chr6	106534210	106557813
chr5	126112827	126172712
chr6	136663418	136847720
chr8	92967199	93107706
chrX	16862463	16887986
chr1	151264279	151299892
chr10	35297478	35379542
chr1	167298306	167396577
chr1	21132784	21503390
chr11	66384100	66397405
chr11	66406173	66413939
chr1	42642218	42801551
chr11	64948843	64979477
chr12	27677138	27848497
chr2	86830515	86851000
chr8	22022884	22058995
chr17	17149937	17184012
chr17	47866042	47912388
chr17	61905080	61909379
chr5	86690090	86708747
chr1	33473586	33502484
chr8	80523351	80578393
chr19	35783063	35804710
chr16	69139555	69151563
chr10	104005288	104142653
chr4	170313959	170533734
chr10	112631685	112659764
chr20	58152563	58422766
chr20	35201866	35222353
chr8	141667998	142011381
chr1	156669397	156675576
chr1	150702663	150738254
chr1	68150883	68154017
chr1	212475199	212535195
chr2	220154344	220174123
chr1	109941663	109969070
chr17	28707495	28796675
chr1	36065141	36107127
chr14	23776041	23780960
chr19	45754528	45808542
chr8	22545171	22549877
chr2	74120134	74146992
chr6	83874591	83903619
chr17	79476996	79479825
chr20	6748332	6760893
chr1	120477735	120612276
chr12	56347888	56359846
chr2	27600101	27603311
chr20	17206751	17465223
chr1	110881998	110889299
chr4	155456156	155471552
chr9	99791958	99801925
chr14	54416453	54423543
chr1	185087232	185126230
chr1	45976722	45988562
chr3	23851944	23933131
chr7	129470571	129592800
chr22	29950796	29977102
chr2	70142240	70170077
chr6	30856464	30867933
chr7	101459286	101901513
chr4	95679105	96079599
chr7	148504474	148581383
chr14	105886163	105937066
chr2	203241049	203432472
chr12	99137751	99288552
chr18	47795215	47807893
chr7	18126447	18708466
chr1	204485533	204527248
chr1	211831597	211848963
chr13	36050945	36246873
chr22	30687978	30722930
chr1	111136201	111174062
chr19	46850343	46894232
chr10	98981935	99052394
chr14	72399938	73033238
chr7	102987970	103002914
chr7	5085490	5109118
chr10	75572258	75634313
chr17	7476142	7482324
chr4	39289075	39367982
chr4	166794388	166952111
chr8	133133107	133459509
chr10	60094765	60130508
chr1	164528420	164821068
chr1	109852196	109935757
chr9	72999512	73029573
chr10	103529865	103540126
chr13	28194879	28241548
chr11	34642639	34684835
chr1	209958961	209979487
chr12	49396056	49412559
chr1	243663025	244006886
chr1	235330216	235490802
chr15	72491369	72523531
chr15	66161828	66184327
chr3	47603727	47621730
chr12	100867643	100958192
chr4	6322307	6565526
chr14	75408532	75422467
chr18	12785476	12884236
chr11	75273297	75283828
chr12	9092956	9102241
chr6	36321864	36355446
chr19	50180527	50191704
chr20	31350190	31397162
chr2	201676632	201692061
chr15	40453269	40513324
chr17	5336096	5342475
chr19	49141202	49149444
chr15	37181404	37393512
chr7	50344311	50472799
chr10	115439670	115490664
chr1	160160364	160171676
chr4	122737598	122745038
chr19	30302897	30315219
chr12	49082240	49110490
chr2	135676391	135716912
chr8	66626568	66754299
chr9	124964860	124990712
chr2	23971533	24149993
chr9	131218430	131263571
chr18	29843484	30050845
chr10	6469104	6622263
chr8	124510128	124553446
chr5	67588404	67597649
chr10	75545363	75561551
chr20	33302577	33370207
chr2	102314168	102511152
chr20	34289268	34330182
chr8	61429468	61536203
chr6	12716998	13288069
chr6	84262603	84418820
chr16	56815740	56884198
chr12	56595962	56615485
chr6	53132201	53213748
chr1	84629987	84704181
chr18	33709861	33760520
chr1	16268363	16302596
chr17	55163134	55198705
chr15	80352017	80430735
chr15	64388180	64436430
chr19	40736223	40791252
chr6	20403844	20493945
chr14	62164339	62214977
chr12	2966845	2986340
chr12	2966845	2986340
chr19	39390305	39399529
chr5	36152212	36184421
chr15	85523697	85682373
chr15	41625078	41673244
chr6	37137927	37143204
chr7	75162618	75368259
chr9	6011024	6015624
chr11	67160775	67165883
chr22	30972611	30987897
chr3	105085752	105295744
chr3	110790662	110856407
chr4	170541728	170644824
chr13	33691684	33760228
chr1	26437652	26452046
chr14	35178318	35183799
chr11	119225924	119252400
chr1	46654354	46685977
chr11	95523661	95565857
chr13	45006278	45011384
chr2	191894301	192016322
chr17	48939583	48945339
chr3	185632345	185655802
chr2	242166705	242212249
chr19	50922194	50934571
chr2	241653183	241759636
chr14	20923384	20925926
chr7	106809447	106842967
chr7	98476154	98610864
chr10	63809115	63856703
chr11	120107346	120190654
chr14	69254378	69260133
chr2	69546911	69614359
chr9	110047049	110094475
chr4	71768085	71853885
chr10	72972326	73062621
chr12	111157615	111180696
chr19	3366580	3469215
chr14	39735501	39820397
chr12	122756015	122907216
chr3	142442875	142526730
chr3	42530790	42579060
chr5	68389840	68400567
chr6	46188472	46459707
chr6	46188472	46459707
chr14	96968712	97001934
chr12	56367732	56390467
chr17	40276996	40307007
chr16	29985188	29999714
chr12	62654184	62810169
chr1	200938517	200992842
chr2	242045513	242088887
chr14	69865408	69929107
chr16	54965110	54968397
chr3	68040685	68594772
chr2	189156600	189460653
chr6	44355442	44418162
chr3	23958035	23962468
chr6	134273311	134311570
chr2	27070862	27173219
chr1	114631913	114696491
chr4	57898424	57976551
chr10	102047905	102089985
chr4	154265800	154336247
chr7	130131898	130146138
chr17	38444130	38460909
chr15	65935216	65948598
chr1	43824651	43828874
chr20	56223451	56265742
chr17	8377541	8534043
chr3	138371539	138426463
chr3	55499742	55515426
chrX	153194677	153200490
chr2	169312781	169631644
chr20	47662848	47713486
chr6	31620180	31625987
chrX	47420603	47431307
chr19	42470733	42497619
chr21	40177106	40196879
chr5	137841783	137878925
chr5	137841783	137878925
chr2	25600111	25896446
chr17	48638075	48704835
chr22	21903735	21978323
chr1	43829071	43833385
chr20	57608199	57617841
chr1	115125470	115212670
chr7	79765099	79855497
chr10	76586357	76792382
chr14	67708151	67802778
chr1	165370158	165414363
chr5	73923233	73936553
chrX	153626405	153630680
chr1	155146324	155157446
chr19	50879713	50886645
chr19	49843851	49865673
chr9	36572891	36677679
chr19	55670028	55678090
chr2	62095261	62115806
chr20	42875947	42909587
chr8	130851838	130952057
chr20	31030861	31173135
chr17	1963136	2169479
chr17	8108051	8113893
chr19	50887579	50921275
chr1	65775225	65881554
chr1	38158187	38175391
chr9	470294	746103
chr20	21686301	21699119
chr20	32951078	33099578
chr8	42273992	42358749
chr11	118618471	118661651
chr12	50497790	50505096
chrX	46458685	46618553
chr5	179041178	179050672
chr17	4613926	4624792
chr1	156095960	156109872
chr12	56119106	56123457
chr17	37913970	38020565
chr17	73996986	74002079
chr4	83956335	83996971
chr4	124317949	124324910
chr19	6772718	6857372
chr17	45922273	45928529
chrY	15360264	15591913
chr9	27937614	29213599
chr3	172468515	172539264
chr12	96366439	96390122
chr13	77522645	77532773
chr11	40135758	41481202
chrX	21958826	22012955
chr5	33440801	33468196
chr16	3022808	3030447
chr13	26828265	26979375
chr21	44269335	44299649
chr19	35739904	35758867
chr11	110066285	110167339
chr17	74034865	74068598
chr9	130548312	130553071
chr12	122326695	122356203
chr2	122513226	122525429
chr12	57923833	57940975
chr12	23682437	24715425
chr2	102608421	102641288
chr4	176554087	176923842
chr16	2588021	2653189
chr6	44794462	45345671
chr1	51434377	51440306
chr13	28535054	28543452
chr19	17927320	17932328
chr16	58553854	58663730
chr14	23594503	23624667
chr5	64813592	64858995
chr6	15249085	15522273
chr17	40985413	40995777
chr10	35415928	35501881
chr15	91509269	91537765
chr4	57333782	57369847
chr13	111367783	111373421
chr1	153634263	153643469
chr20	33866708	33872520
chr20	33866708	33872520
chr10	112679361	112773423
chr5	98189688	98264711
chr19	13056675	13064456
chr6	43044551	43129453
chr12	49578577	49582863
chr1	226418849	226497204
chr2	39476406	39664426
chr9	123578330	123605200
chr11	8245855	8290334
chr12	123745522	123754830
chr16	69872639	69975642
chr12	93964164	93970521
chr6	52128812	52149540
chr6	42952307	42980080
chr17	4699458	4701790
chr17	30771527	30810337
chr12	121675494	121734512
chr19	49990864	49995565
chr14	59655384	59838121
chr14	57266622	57277197
chr1	214161315	214214853
chr10	74451888	74647452
chr20	4129474	4168374
chr20	4129474	4168374
chr10	32094325	32217804
chr1	36602172	36615087
chr5	146965000	147162291
chr2	207938860	208031580
chr13	76123637	76180156
chrX	131337052	131353475
chr2	27805908	27846084
chr1	19542153	19578018
chr2	183580983	183659191
chr16	49521441	49891830
chr1	156433518	156460479
chr3	63996226	64009170
chr10	124750321	124768203
chr11	67273967	67275633
chr12	52404275	52409673
chr1	32479468	32509478
chr5	145969066	146461083
chr19	42829786	42882917
chr5	168088744	168728143
chr5	168088744	168728143
chr1	153931585	153936013
chr17	57970481	58027935
chrX	15843928	15872936
chr16	84733605	84813528
chr18	40323191	40695650
chr12	6679247	6716545
chr14	93389494	93401630
chr1	27561122	27635127
chr3	129149789	129158791
chr10	116853123	116931125
chr17	66508570	66529572
chr20	13694971	13765565
chr10	50572110	50604135
chr17	45728430	45762871
chr1	200011718	200146543
chr11	278406	285388
chr5	78669646	78809659
chr2	114648174	114719131
chr1	224544580	224567154
chr12	71833577	71980090
chr10	101948056	101989353
chrX	78003216	78012609
chr13	23902968	23949647
chr1	244211954	244220778
chr5	113697766	113832193
chr22	38914952	38964414
chr6	17615267	17707156
chr9	104161132	104172936
chr3	9821647	9834695
chr7	104756820	104939226
chr2	210867361	210886984
chr7	99667595	99680200
chr5	37288238	37371208
chr5	15501546	15939902
chr2	165536697	165698586
chr9	127279553	127533590
chr10	49514719	49647403
chr2	220114431	220119462
chr2	148602085	148688391
chr7	99690350	99699020
chr7	99690350	99699020
chr4	77035816	77069550
chr4	128982466	129030056
chr20	42295753	42345122
chr5	141242216	141249192
chr2	111395104	111435640
chr20	49126919	49201778
chr5	68665886	68710628
chr5	1877540	1887293
chr22	20103626	20114878
chr22	24951966	24970939
chr3	69024375	69062835
chr6	167412884	167455906
chr3	184018368	184026838
chr6	5998231	6007751
chr1	149874869	149878543
chr6	159455512	159463385
chr7	73645831	73668729
chr14	81641795	81687303
chr8	27667140	27695334
chr8	54958926	55014507
chr14	73075741	73360809
chr9	36833265	37034265
chr12	56864735	56881945
chr5	179382066	179498759
chr1	200374078	200379164
chr9	139756570	139760760
chr15	69706687	69740766
chr17	11924193	12047145
chr7	74470619	74489638
chrX	53401069	53449677
chr17	47481413	47492244
chr14	24605402	24608171
chr18	5392384	5540423
chr2	97001503	97042829
chr17	16284092	16286054
chr20	44441282	44445591
chr6	53883767	54082884
chr17	18231186	18266864
chr7	158423860	158497495
chr1	33979597	34630831
chr9	3218296	3526001
chr17	27952955	28257246
chrX	48886236	48900883
chrX	5808082	6146908
chr12	110928887	110939916
chrX	118708525	118718386
chrX	48553944	48567407
chr19	45458249	45496599
chr14	63838081	64010095
chrX	129473892	129507331
chr14	35761522	35786685
chr14	99635623	99738534
chr8	92221723	92410383
chr2	209100950	209119182
chr10	64893087	64914784
chr11	77726760	77757237
chr7	106505726	106549425
chr2	18059113	18114225
chr2	235401684	235405725
chr11	64073349	64084215
chr17	58520518	58603603
chr20	49505454	49547974
chr1	1716724	1822526
chr1	28303780	28415121
chr1	25757387	25826700
chr12	57057132	57082068
chr9	137979513	138013026
chr11	63952743	63972015
chr11	9482558	9550071
chr9	128024104	128129486
chr1	171227061	171255117
chr9	133569146	133580281
chr9	82186879	82341797
chr2	20448497	20550605
chr2	42721249	42984086
chr9	37485944	37503694
chr1	240938813	241520530
chr2	136343921	136482839
chr3	142025451	142166879
chr8	103264500	103424928
chrX	128580482	128657467
chr8	116420723	116680240
chr21	30428646	30445969
chr20	37101485	37207501
chr2	204193116	204296892
chr10	64926984	65029003
chr2	232646440	232673963
chr10	70480995	70552134
chr2	234745347	234763181
chr8	126444450	126450645
chr14	36007561	36278501
chr14	57936017	57960575
chr14	69517636	69619914
chr2	230628552	230786725
chr14	71787192	72207926
chr14	91923851	91976654
chr7	36429470	36493400
chr15	44829344	44855001
chr7	32997051	33046540
chr10	103912145	103923627
chr3	63819545	63849481
chr5	75843233	76003957
chr20	48807119	48809227
chrX	70586206	70685855
chr16	28891363	28915787
chr6	108489226	108510013
chr1	220701477	220837803
chr12	22601516	22697476
chr13	45907605	45915318
chr13	113139324	113242467
chr1	114522095	114524875
chr1	161195849	161200536
chr6	89319615	89673337
chr6	111620235	111804914
chr6	3269206	3445247
chr16	8985953	9030496
chr15	44162961	44486644
chr13	31709109	31736041
chr12	14518615	14655864
chr12	3918026	3982565
chr6	41757633	41863113
chr6	151773600	151791236
chr13	79893002	79980390
chr6	36853727	36896740
chr9	20341666	20621937
chr9	4792943	4861066
chr9	88161453	88356944
chr13	111545038	111567416
chr4	104026967	104119500
chr4	25378884	25420120
chr8	75912389	75946793
chr4	78634540	78740522
chr9	37800550	37867661
chr13	73629113	73651676
chr19	18390503	18392432
chr9	35099774	35103128
chr6	111195986	111216916
chr1	47681961	47697387
chr4	129730854	129796379
chr2	26680070	26781624
chr2	74212036	74335303
chr20	3767597	3786762
chr5	137620957	137667493
chr2	183982241	184026408
chr6	31698357	31705095
chr1	196194908	196577570
chr6	93949737	94129277
chr17	57697255	57774317
chr5	149432857	149466117
chr17	40440515	40463961
chr16	2273591	2285743
chr10	127700959	128077046
chr19	19740284	19754466
chr16	71678826	71749743
chr10	96305544	96361856
chr6	111303240	111349466
chr9	2021944	2193624
chr11	111779343	111783937
chr15	91414769	91426687
chr7	100171633	100183752
chr5	133861359	133918917
chr15	66629007	66649054
chr7	130295817	130353588
chr4	76649760	76735439
chr11	125439372	125454579
chr1	160313172	160328739
chr5	77656440	77776562
chr12	56360613	56366573
chr6	64345706	64435904
chr5	118406781	118584822
chr5	158122927	158526924
chr11	118978053	118989254
chr10	133747954	133773338
chr21	34915343	34931372
chrX	44732433	44972024
chr12	111872665	111889427
chr19	49458131	49465055
chr14	21989230	22005255
chr22	45739943	45809480
chr2	61108708	61158747
chr4	81189421	81212171
chr22	40322607	40369725
chr1	22148736	22263803
chr18	19192274	19213481
chr9	137271140	137332431
chr6	161412800	161538412
chr4	184427250	184433582
chr5	176513915	176525145
chr16	78133550	79246564
chr6	43140133	43149244
chr3	121350245	121379750
chr3	19988588	20026667
chr7	134331604	134364568
chr2	16080671	16087126
chr1	64971583	65158736
chr2	136663450	136743254
chr18	23806408	23971649
chr2	170655811	170668574
chr1	32192717	32229941
chr1	36560839	36590823
chr12	1020901	1099207
chr19	18942767	18979039
chr19	7968761	7979363
chr1	46769369	46782448
chr6	42192668	42419962
chr5	56215429	56247950
chr12	6957991	6960450
chr1	45205508	45233439
chr1	82165454	82459616
chr12	8798538	8815422
chr1	244816427	244872335
chr5	89688073	89705573
chr16	81070802	81080955
chr4	82347546	82393061
chr1	45118918	45140153
chr5	115779250	115910519
chrX	54094756	54209687
chr5	132028322	132073238
chr12	53400239	53435999
chr5	134094468	134166811
chr19	5916149	5978151
chr11	66129991	66139917
chr19	10683346	10697988
chr19	14625580	14628749
chr12	66218239	66346316
chr11	71640091	71708643
chr6	108532425	108582244
chr11	76156061	76264075
chr12	69633348	69668138
chr12	69753522	69784650
chr6	110931180	111136672
chr19	37178513	37212238
chr1	97187339	97289295
chr19	39109827	39127594
chr19	39818998	39826683
chr6	133562494	133853266
chr5	148521293	148640002
chr12	93772353	93801922
chr11	113668596	113746294
chr5	149877340	149937773
chr5	154238186	154256352
chr7	77646371	79082983
chr12	108955238	108963160
chr15	77905368	78113242
chr9	35682004	35689922
chrX	150151807	150159244
chr1	41454190	41478237
chr15	64979772	64995480
chr8	103838584	103876391
chr2	237073878	237077029
chr14	50248800	50319506
chr20	60718824	60757570
chr19	54972911	54974961
chr15	31619037	31727868
chr2	205410197	206484886
chr11	392595	404908
chr7	24613070	24733812
chr1	145525029	145543868
chr2	27237621	27250087
chr9	84198597	84304462
chr13	110843087	110959504
chr12	56512049	56521298
chr3	73431581	73618666
chr22	50691329	50700112
chr3	150126084	150184209
chr17	30921219	31204142
chr3	39093506	39138155
chr2	165348926	165425005
chr1	78409739	78444756
chr1	24969792	24999772
chr20	18004795	18039832
chr7	26706686	26897342
chr7	148892637	148923334
chr16	30087314	30096697
chr12	96649275	96663602
chr14	21945353	21967314
chr14	21945353	21967314
chr18	12307667	12326615
chrX	154444549	154468122
chr8	21900263	21906320
chr16	71481499	71496150
chr15	77713229	77777945
chr7	27282420	27287449
chr2	222282746	222438922
chr2	33808726	33824366
chr16	20744985	20753140
chr13	48611861	48615638
chr16	19870292	19896956
chr17	5374573	5389498
chr20	57034156	57090455
chr17	2207236	2228558
chr22	50166930	50221521
chrX	154842246	155012121
chr1	54492353	54518877
chr6	36461668	36515256
chr2	47387220	47403762
chr8	41799566	41909505
chr4	5053206	5502716
chr2	216225587	216300791
chr5	10250032	10266524
chr4	140414127	140477373
chr4	146678778	146859975
chr15	57511627	57582051
chr12	76442368	76478465
chr18	61209601	61236562
chr11	32605376	32627810
chr12	46751970	46766556
chr11	85955794	85989852
chr18	39535198	39667794
chr15	90118817	90171254
chr11	124636393	124670302
chr8	11561710	11617511
chr14	34393432	34420280
chr3	169805371	169899521
chr1	33086420	33116533
chr18	25530929	25616605
chr5	173315351	173388983
chr1	66999275	67216822
chr3	155838336	156256541
chr18	22641887	22932130
chr16	28834319	28848553
chr1	78028100	78149083
chr18	19230861	19284735
chr3	148847424	148891519
chr10	95517692	95557916
chr16	53088902	53361409
chr3	113435304	113465096
chr5	151040656	151066476
chr12	12764809	12798042
chr12	111890017	112037477
chr11	119286185	119293272
chr6	27114139	27114634
chr3	195961238	196014597
chr3	49396577	49449409
chr17	40962151	40976300
chr9	33025270	33039905
chr1	202694312	202778598
chr9	110247132	110252050
chr3	151986717	152183569
chr6	35995584	36079013
chr19	1086572	1095374
chr3	53195522	53226733
chr17	65334031	65362693
chr1	231376957	231413719
chr20	32676114	32700049
chr1	145413277	145417543
chr20	49551391	49575101
chr1	78445867	78483648
chr2	74379654	74406006
chr14	101193228	101204561
chr12	95867927	95909615
chr1	190066787	190445117
chr4	184365788	184370217
chr4	128702950	128761888
chr4	68424444	68473055
chr8	23386468	23432976
chr8	75146934	75233775
chr15	41601470	41624789
chr3	160559936	160796690
chr5	57877978	58155221
chr9	16409500	16870668
chr9	116111820	116133502
chr20	21284135	21370463
chr12	108079818	108106939
chr5	145492596	145562213
chr9	35104113	35111449
chr5	82373365	82649579
chr20	50398869	50419060
chr4	119643977	119757281
chr4	86933448	87275797
chr10	74694519	74714564
chr7	105096947	105148967
chr10	28339921	28591993
chr9	86582997	86595130
chr16	2089820	2097835
chr7	105253920	105319602
chr10	88195012	88281549
chr11	47738045	47788893
chr9	111629796	111696404
chr9	102861524	103064457
chr16	69166551	69202924
chr11	47861052	47870096
chrX	152912656	152916781
chrX	108884563	108976486
chr13	80910110	80914243
chr18	56530155	56653712
chr11	102921414	102962889
chr6	55921387	56112378
chr6	88223655	88299705
chr11	66188474	66194177
chr14	78183941	78227499
chr3	57124009	57204345
chr6	42928491	42931618
chr3	115521220	116164334
chr3	148747913	148804320
chr6	42979750	42981721
chr6	31583010	31584792
chr19	1941170	1981337
chr6	123100860	123104041
chr3	150264573	150303803
chr2	9543603	9563307
chr3	45730887	45786901
chr6	34204649	34214008
chr3	127799652	127842655
chr20	50700549	50721827
chr1	100818061	100985833
chr1	215740646	215795149
chr1	32537631	32568464
chr1	184659370	184723992
chr3	49895421	49907339
chr16	238988	279448
chr16	67756972	67840463
chr1	77333164	77533231
chr17	4843386	4848517
chr21	45553564	45561297
chr3	101292937	101313309
chr21	37692494	37748930
chr17	62494371	62502984
chr17	66032075	66042970
chr15	58430579	58478110
chr17	5288152	5322982
chr15	59951344	59981519
chr15	68346913	68483802
chr1	89149955	89301938
chr1	89149955	89301938
chr1	85731458	85742315
chr17	74002925	74023387
chr17	26989222	27029697
chr17	18174741	18218308
chr19	58740279	58775010
chr2	208394685	208441649
chrX	15518929	15574642
chr2	25504320	25564794
chr1	65298911	65432619
chr1	109419606	109477167
chr10	70847358	70864561
chr17	40852292	40897058
chr17	59529782	59562471
chr17	73472617	73496533
chr3	38080698	38165516
chr19	49497143	49519227
chr3	176737131	176914266
chr17	30264025	30328057
chr11	108027941	108093365
chr11	17108121	17229533
chr14	77924209	77935815
chr12	124069098	124083129
chr19	3185927	3209573
chr2	110300375	110371543
chr2	11319884	11485563
chr10	12207328	12237890
chr8	71022016	71316452
chr2	74756531	74760683
chr2	72403112	73053162
chr3	105374304	105587225
chr2	164459120	164592518
chr19	53267416	53290044
chr13	102373204	102963036
chr10	26986629	27035727
chr3	48784018	48885307
chr19	39138288	39222229
chr16	67880835	67906470
chr8	17089020	17104366
chr9	4985085	5129948
chr14	91314204	91526985
chr3	51572734	51702676
chr11	86013281	86056985
chr6	99845925	99873184
chr20	36149651	36152092
chr8	35401909	35654058
chr8	13942353	15095940
chr2	24272610	24286551
chr20	35624751	35724400
chr20	54944445	54967271
chr20	1093905	1152890
chr10	95351592	95361270
chr16	2479447	2508855
chr16	53468382	53525560
chr1	38032416	38061538
chr18	44383180	44497470
chr5	68530712	68573257
chr16	68021296	68028194
chr5	71475613	71505392
chr8	75736768	75767264
chr1	153700525	153747284
chr7	21467700	21554440
chr1	16450831	16482564
chr3	32567465	32612350
chr17	57785014	57919616
chr7	93535878	93540577
chr7	135242664	135333501
chr7	86825477	86849903
chr17	39991936	40004620
chr15	64457723	64648372
chr11	16798843	17035961
chr5	90664447	90675914
chr12	96051582	96184542
chr6	55618450	55740388
chr7	30951467	30965131
chr17	1666098	1680859
chr10	72191691	72207707
chr2	68385019	68403370
chr14	76429403	76448338
chr10	75561673	75571356
chr10	88715515	88723015
chr12	107168459	107283094
chr17	18923968	18950270
chr17	19807614	19881141
chr17	26873725	26879642
chr17	27206356	27224751
chr10	124768521	124817806
chr12	69080757	69139589
chr14	90724282	90741773
chr14	100437758	100610573
chr17	41878178	41910514
chr17	46125720	46138907
chr11	62360685	62368722
chr12	57482896	57489259
chr17	48911944	48919714
chr11	94148735	94227010
chrX	24712034	25015103
chr2	88367343	88412903
chr17	53343582	53402548
chr11	119981993	119999561
chr17	56048912	56065615
chr17	59942727	60005343
chr19	4304594	4323833
chr17	61699776	61773665
chr11	125773222	125798738
chr17	67498402	67550006
chr1	33789226	33896696
chr8	26247928	26270643
chr17	73841779	73851416
chr16	57505833	57513669
chr8	76319883	76479069
chr18	29202208	29264544
chr8	91013704	91065861
chr8	102504666	102681954
chr9	35162005	35405332
chrX	136648285	136659850
chr1	119425669	119530966
chr1	151227209	151239936
chr4	23793643	24474528
chr3	47844627	47891683
chr5	54551882	54603522
chr11	82868172	82898493
chr17	1933405	1946725
chr17	76170171	76183133
chr1	235294497	235324565
chr22	39526776	39548685
chr17	27398139	27507416
chr7	55086709	55270769
chr21	38739074	38898660
chr4	55095459	55148145
chr12	46123488	46287701
chr8	82711817	82754420
chr18	21033250	21063104
chrX	48398101	48420997
chr8	30441941	30515135
chr3	33318933	33429584
chr3	47057925	47205603
chr15	25101717	25223870
chr1	109234931	109245550
chr3	52579382	52719615
chr3	88108404	88193810
chr1	35734309	35887659
chr11	65627903	65633910
chr1	150293916	150325704
chr6	62389865	62996130
chr13	101706127	102068859
chr7	17830384	17980117
chr12	56401287	56432219
chr10	18834489	18940516
chr19	1452982	1473243
chr10	852853	977645
chr3	183903862	183911795
chr9	113635542	113801278
chr6	87865282	87975661
chr2	70436575	70475760
chr4	160025202	160281302
chr20	43595152	43708662
chr17	39910860	39942963
chr8	53023397	53322316
chr1	16725137	16763919
chr21	32490735	32533253
chr3	186756505	186796341
chr2	223725753	223809357
chr3	186330848	186339107
chr7	140419136	140624729
chr3	12625099	12705616
chr12	79978658	80084361
chr3	124480794	124620265
chr14	24547870	24584158
chr4	185548849	185570601
chr5	68462976	68474072
chr8	128747679	128755197
chr5	131817300	131826465
chr5	149493401	149535408
chr5	133530022	133561245
chr5	40759490	40798279
chr5	141004428	141016416
chr17	1733298	1803376
chr10	43600179	43623062
chr8	15397771	15618176
chr1	182808481	182857117
chr4	24529097	24586177
chr9	86595719	86618989
chr12	77158037	77247481
chr22	39081547	39097408
chr5	31193792	31319487
chr14	103986003	103989167
chr20	453141	524434
chr8	18384812	18744567
chr8	106330665	106816767
chr22	41488595	41576081
chr8	20103675	20131046
chr2	24714122	24993571
chr8	22477930	22526634
chr8	22462554	22479027
chr11	82612777	82645701
chr4	26322849	26436753
chr11	74303626	74354121
chr5	174151584	174157899
chr19	52704448	52732771
chr14	60062693	60076857
chr15	64208342	64338684
chr8	15965389	16043781
chr17	80196894	80231576
chr9	843288	969090
chr2	32288624	32382706
chr3	69103880	69129524
chr2	60678301	60780633
chr3	133319081	133380785
chr3	133543082	133614691
chr5	149599053	149669693
chr5	162864576	162872022
chr5	72112487	72212568
chr14	64855070	64926743
chr9	16203932	16276311
chr9	77230449	77308093
chr11	3696248	3818784
chr16	68262935	68270030
chr5	176561229	176727214
chr20	30598240	30619983
chr14	73704213	73741331
chr19	6413112	6424822
chr6	117002373	117063030
chr14	26912295	27067239
chr14	53173917	53195308
chr5	176784924	176799597
chr13	72012097	72441342
chr3	194123405	194207731
chr11	134248401	134282136
chr3	45430067	45590899
chr16	67063051	67134961
chr17	26833365	26865918
chr11	2965666	3013559
chr17	46673112	46682348
chr17	40465341	40540460
chr8	145691719	145699585
chr12	25358179	25403863
chr1	114472465	114520491
chr1	33735293	33766320
chr11	124746077	124751367
chr7	72854735	72936623
chr5	179921378	180005358
chr6	111981534	112081120
chr2	121493443	121750229
chrX	15579155	15619083
chr12	112280031	112340026
chr6	153019080	153049320
chr2	203738983	203776396
chr2	128056243	128145551
chr2	210636555	210864020
chr11	111896131	111935128
chr11	114166058	114184258
chr1	21066758	21113800
chr14	37131064	37148567
chr9	94972488	95055979
chr6	100832884	100912332
chr3	142668005	142682850
chr2	48541820	48606434
chr3	61547244	62283284
chr9	131492064	131534206
chr17	4848946	4851825
chr14	102430909	102522780
chr3	57231865	57261643
chr1	92545901	92650280
chr1	231499501	231558033
chr6	70924763	70992900
chr3	191857178	192445330
chr1	110145712	110162238
chr3	66429220	66551446
chr5	43444353	43483967
chr1	78161671	78225537
chr4	186285025	186317078
chr17	56566897	56595241
chr2	148778659	149274540
chr11	118766844	118796635
chr22	46757070	46933517
chr2	239969863	240322714
chr9	33110639	33167157
chr6	117608515	117747105
chr17	76352858	76355748
chr5	171288552	171433642
chr1	226249531	226259720
chr22	36956903	37099797
chr6	169615879	169653941
chr6	26113397	26124154
chr17	42269172	42277252
chr11	125104932	125303285
chr2	39208689	39352009
chr18	57567227	57571537
chr2	220283098	220291456
chrX	107068964	107174867
chr7	27146628	27192202
chr16	58028579	58034576
chr2	191833874	191878897
chr7	84624868	84816372
chr20	52183609	52210378
chr12	56735380	56753891
chr14	24630473	24635774
chr9	111934253	112083339
chr7	64342890	64391359
chr9	32455299	32526194
chr1	11166591	11322608
chr1	171454668	171562650
chr14	65002622	65009955
chr6	74225472	74230755
chr11	62327067	62341363
chr12	124104952	124118233
chrX	24073072	24096927
chr2	119599746	119605224
chr19	40325097	40337019
chr2	88422500	88427581
chrX	132434130	132549517
chr6	1610149	1614132
chr17	42634851	42638630
chr1	89318315	89357250
chr6	114254191	114292312
chr7	75931989	75933609
chr11	111783457	111784817
chr17	38599701	38613977
chr1	86046443	86049633
chr8	109213444	109260946
chr1	226548391	226595794
chr11	67033943	67054027
chr7	17338275	17385771
chrX	1505044	1511006
chr1	161192081	161193418
chr5	64885516	64920160
chr12	49329505	49351270
chr11	3848207	3862189
chr12	57031958	57039768
chr8	20054891	20079207
chrX	152760437	152775004
chr6	7726331	7881961
chr20	55743808	55841697
chr1	40222853	40254537
chr12	92534053	92539622
chr12	4382927	4414519
chr9	35609978	35618410
chr3	48198635	48229907
chr16	66400593	66438687
chr16	61681153	62070342
chr14	23586514	23588464
chr20	3764497	3767387
chr1	154947156	154951727
chr9	91926109	91931618
chr12	48366749	48398259
chr21	47401683	47424962
chr21	47518025	47552762
chr20	61448401	61472511
chr2	98262524	98264846
chr7	129906702	129929638
chr3	148545597	148577974
chr4	166300159	166419699
chr5	76248869	76265296
chr22	38686696	38714089
chr16	58191810	58232010
chr6	132269315	132272512
chr11	1773984	1785157
chr12	91534260	91576594
chr8	6782218	6783598
chr17	48050129	48052323
chr18	28569330	28622708
chr18	28898122	28939209
chr5	139712427	139726188
chr3	52082934	52090587
chr16	67226057	67232821
chr20	62119366	62130436
chr19	3976053	3985461
chr5	137801167	137804992
chr2	73518056	73520676
chr3	186501365	186507686
chr14	103800573	103811362
chr19	852302	856243
chr1	205577070	205601139
chr12	7023743	7032860
chr12	11802607	12048311
chr22	45898762	45959242
chr11	64888101	64889606
chr5	127593600	127873938
chr11	69585789	69590109
chr15	49715438	49780972
chr13	22245211	22278637
chr14	45584801	45603684
chr13	41129803	41240778
chr6	116252311	116382054
chr18	60994958	61034439
chr4	144258028	144395718
chr9	89559276	89562421
chr1	89518001	89530891
chr19	3094359	3123997
chr9	80331012	80646727
chr9	127640553	127703362
chr17	73314156	73401759
chr11	118964583	118966175
chr4	100869244	100871432
chr5	176307869	176326347
chr12	54674509	54680871
chr7	26229546	26240366
chr17	46605887	46608373
chr17	46668618	46671141
chr2	176981505	176984665
chr5	132387704	132442141
chr2	198351307	198364564
chr2	198365102	198368173
chr9	117781853	117880436
chr20	30193091	30194313
chr2	8822185	8824591
chr1	23884416	23885992
chr2	219919145	219925643
chr5	35856992	35879705
chr7	41724711	41742688
chr4	185308882	185395704
chr10	33189245	33247158
chr12	26488284	26986127
chr6	33589098	33664339
chr14	105607331	105635113
chr1	59246462	59249719
chr19	12902299	12904129
chr11	30031276	30038577
chr1	210851655	211307490
chr3	122140748	122233786
chr13	50273455	50366818
chr3	160212794	160283359
chr13	98605928	98676550
chr7	107564243	107643606
chr1	225589203	225615740
chr22	38071642	38075809
chr11	46878267	46940101
chr12	12268958	12419978
chr12	91496405	91505271
chr6	114178523	114184652
chr4	120976777	120988003
chr17	79876145	79885611
chr15	43809805	43823809
chr19	3777970	3801797
chr2	66662256	66801001
chr5	79950470	80172634
chr1	76262566	76378927
chr12	120779132	120806967
chrX	64887520	64961793
chr4	4861391	4865663
chr12	81101412	81103253
chr17	10531848	10560626
chr14	23851195	23877482
chr17	10293638	10325267
chr11	17741117	17743683
chr1	203052256	203055140
chr7	10971569	10979780
chr2	182541193	182545244
chr6	41040712	41070142
chr17	47572654	47592370
chr1	236139129	236228390
chr20	21491654	21494702
chr1	115247089	115259392
chr7	103766787	103848461
chr11	59341870	59383247
chr8	101715143	101734316
chr9	118916069	119164600
chr6	32152509	32157979
chr13	53417023	53422775
chr20	56136165	56143177
chr20	5095598	5107268
chr7	100199985	100205798
chr17	8043789	8055722
chr20	52824625	52836500
chr12	53689325	53693234
chr3	149682690	149688682
chr6	33378790	33384216
chr5	134363423	134369918
chr20	30780306	30795546
chr20	39766182	39806266
chr16	81812895	81996290
chr6	118869458	118882879
chr14	39644457	39652424
chr1	38509500	38512465
chr5	145718401	145721291
chr2	28974695	29025806
chr1	28157292	28178187
chr1	203444933	203460480
chr10	94449711	94455404
chr9	71627419	71629029
chr7	106685149	106802256
chr17	64298730	64806861
chr3	169940211	170023765
chr22	22113945	22221935
chr15	52311415	52359572
chr17	19281810	19286857
chr22	50702141	50708809
chr15	66679249	66783882
chr7	42956459	42971773
chr14	58711560	58738722
chr20	60711788	60718450
chr6	170844207	170862395
chr17	36908993	36920478
chr1	151372048	151374413
chr9	127115743	127177721
chr6	32821968	32827628
chr16	67968408	67970753
chr11	47440325	47447990
chr17	38137059	38154212
chr16	74330711	74340186
chr19	38865210	38874464
chrX	107327436	107334772
chr11	236975	252984
chr14	24612573	24615819
chr19	797451	812312
chr12	28115253	28124955
chr12	7060518	7070479
chr3	157154638	157161422
chr22	37621309	37640309
chr17	56769962	56772695
chr5	167913475	167946306
chr14	58765272	58840594
chr18	20513290	20606449
chr2	161128661	161350318
chr6	31919863	31926748
chr12	21621843	21654569
chr13	34392285	34411637
chr3	186507688	186524271
chr19	14072341	14117132
chr1	192544902	192549154
chr1	192605276	192629441
chr14	21269386	21271003
chr15	60780482	60919729
chr7	7676148	7758238
chr17	79670396	79674547
chr16	2012058	2014827
chr1	151955390	151966335
chr8	97506040	97624018
chr8	41119480	41166992
chr4	154701742	154710235
chr6	36562138	36573377
chrX	80457600	80554046
chr2	103236011	103327814
chr3	47626758	47823383
chr12	50479124	50494490
chr17	38781213	38804070
chr15	101821714	101835453
chr20	2442287	2451435
chr12	96252729	96260883
chr15	45315392	45369383
chr11	121323022	121504472
chr3	181429712	181432224
chr6	21593981	21598850
chr17	45973601	46006323
chr1	155978838	155990742
chr11	57093461	57103366
chr8	23699441	23712319
chr20	60549853	60640937
chr6	91223297	91296791
chr20	62694550	62703700
chr1	23707401	23751241
chr6	134210250	134213395
chr12	3068562	3149842
chr6	35441373	35464856
chr8	73921098	73960358
chr6	50786583	50815332
chr20	55204361	55214339
chr15	39873279	39891667
chrX	47441834	47446188
chr3	12194567	12200412
chr3	169684594	169716161
chr2	217724180	217724787
chr20	39657461	39753127
chr1	186280783	186344385
chr12	104324187	104341704
chr22	19318220	19419256
chrX	47053227	47074527
chr5	133707259	133727799
chr5	138940923	139008019
chr17	4172553	4269970
chr16	1359636	1377018
chr12	109535976	109548797
chr19	46010736	46030241
chr10	75757873	75881121
chr10	17270239	17279592
chr14	97263718	97347946
chr12	49359122	49365518
chr2	61704983	61765491
chr14	100705480	100749125
chr20	43514345	43537173
chr22	32340520	32353590
chr3	147127151	147134506
chr3	44690223	44702283
chr2	113973573	114036498
chr2	208627321	208634630
chr21	16333555	16437321
chr1	228612545	228613061
chr7	90893747	90900641
chr2	202898577	202903164
chr7	72848107	72850450
chr6	26124399	26124918
chr1	149858467	149858961
chr6	26216427	26216916
chr6	27775256	27775707
chr6	27782799	27783267
chr6	26251841	26252303
chr6	27861202	27861669
chr1	149856008	149858232
chr6	27798951	27799338
chr12	93164412	93323071
chr18	9914012	9960018
chr10	135043720	135045062
chr12	68042524	68059186
chr1	117602947	117650075
chr4	144434854	144478639
chr22	38219388	38221492
chr17	58677553	58743641
chr11	314039	315272
chr2	172778970	172848600
chr17	77806954	77813239
chr2	178257500	178408562
chr5	54720681	54830792
chr4	96083654	96470124
chr8	9413421	9639856
chr13	110405041	110438930
chr22	36906901	36925213
chr8	117654368	117768062
chr1	32687184	32697205
chr12	120899474	120907551
chr17	10204181	10276323
chr2	207308255	207485851
chr19	47990893	48018320
chr13	48516790	48575409
chr1	167510249	167522999
chr7	138145003	138274741
chr5	170846650	170884630
chrX	76709643	76712769
chr15	90931473	91045471
chr3	155588438	155661809
chr17	30814010	30818271
chr3	119500947	119537334
chr19	40353962	40440533
chr3	183853145	183863099
chr6	4021533	4065217
chr8	145698794	145701232
chr4	41746098	41750742
chr7	123321996	123389057
chr10	93683526	93791194
chr13	20761608	20767077
chr2	216176781	216214487
chr6	41889236	41900784
chr12	12870301	12875303
chr12	107385141	107487327
chr12	56665482	56694114
chr14	67827044	67853233
chr8	37888051	37917883
chr17	80036213	80056112
chr11	61560382	61564710
chr3	172165332	172166246
chr14	54941202	54955698
chr5	137889444	137911090
chr6	32808493	32812456
chr2	65313987	65357240
chr22	21383006	21386850
chr4	41258944	41270472
chrX	47511194	47518579
chr3	137483156	137485176
chr16	2039970	2044276
chr10	105253461	105352303
chrX	40507556	40594794
chr14	32798503	33306890
chr10	121410891	121437331
chr7	26191817	26226757
chr3	179280713	179306195
chr12	52345482	52390862
chr10	104433487	104474154
chrX	69488183	69501690
chr12	103351451	103354291
chr1	147013270	147098017
chr10	88516375	88687726
chr7	134464384	134655480
chr19	13049422	13055303
chr16	49311827	49315749
chr2	238232660	238322807
chr6	75794041	75915769
chr15	78632694	78640567
chr11	108535795	108811654
chr2	172964165	172967628
chr17	7128660	7137836
chr3	183873164	183891402
chr12	9067104	9094063
chr3	134514101	134979309
chr7	100400186	100425145
chr1	220141941	220219847
chr14	69846844	69865016
chr3	185764102	185826878
chr5	44300348	44389522
chr13	92050874	93519490
chr16	81115549	81130000
chr19	47364253	47508334
chr14	38058756	38064454
chr19	46367583	46377055
chr1	245013601	245027827
chr17	46684593	46688379
chr12	54422223	54424607
chr17	80477607	80562478
chr10	32297942	32345353
chr2	149632795	149883273
chr2	169983618	170219044
chr20	62795804	62873606
chr18	55267887	55289068
chr16	68119272	68263162
chr1	43148088	43169476
chr4	147560044	147563626
chr15	55495163	55562597
chr1	76251940	76260771
chrX	20168028	20285027
chr19	41257107	41271294
chr22	42229108	42303309
chr3	128445025	128533641
chr6	31588491	31605548
chr5	137523338	137549012
chr15	59397344	59417244
chr3	51967444	51975920
chr11	76060999	76092176
chr19	33072095	33078359
chr17	79651040	79669151
chr19	40315989	40324802
chr11	113603908	113644414
chr3	139076247	139108489
chr9	126774046	126795580
chr2	170440860	170497916
chr1	52607760	52812306
chr2	129023053	129076442
chr17	8924826	9147317
chr15	83517734	83621472
chr1	178310585	178447985
chr18	61056422	61089709
chr9	22002901	22009304
chr5	169064278	169510386
chr9	127243514	127269678
chr10	48425784	48439165
chr1	32757683	32799227
chr21	40714240	40721014
chr20	47980413	48099205
chr12	21917888	21927640
chr1	160051327	160060353
chr12	57881850	57910435
chr14	23305793	23316967
chr5	114539708	114598574
chr19	18263972	18281342
chr16	23690209	23701688
chr21	45527279	45551063
chr11	47459314	47470688
chr16	1993974	2004690
chr10	102106989	102124583
chr1	35648536	35658746
chr3	38207027	38296975
chr5	179727697	179780336
chr4	10075962	10118423
chr20	4833003	4982156
chrX	70338445	70362300
chr17	60019965	60142639
chr18	214519	268047
chr11	65729204	65747608
chr9	133710640	133763062
chr15	35082430	35087750
chr4	94749903	94752115
chr19	45251964	45263301
chr16	88941265	89043615
chr11	119077048	119178859
chr17	1323986	1359526
chr22	21271694	21308035
chr17	27573876	27581512
chr18	49866566	51062269
chr17	48067368	48072588
chr7	96649707	96654143
chr7	96634864	96640352
chr20	32263282	32274191
chr7	143088221	143105949
chr16	14014010	14046205
chr20	45523481	45817492
chr11	69624735	69634184
chr16	86612154	86617084
chr14	75745530	75748933
chr2	28615724	28640184
chr18	19749549	19782491
chr2	190920425	190927455
chr6	30509153	30524266
chr1	27719125	27722318
chr7	107110501	107116129
chr7	124383938	124405846
chr22	38201235	38203439
chr6	26055967	26056698
chr6	26156556	26157343
chr8	122624355	122653680
chr6	31783319	31785719
chr6	31795514	31798031
chr9	127997131	128003622
chr18	48556582	48611412
chr1	43803488	43820137
chr2	232318241	232329195
chr1	146626684	146644049
chr2	45878813	46415129
chr2	45168840	45173210
chr2	113403515	113421402
chr20	35973101	36034453
chr11	120971951	121062199
chr16	11361713	11363182
chr18	721587	812243
chr21	37757689	37791313
chr10	112327452	112365806
chr17	54671059	54672972
chr9	101050390	101471217
chr20	39314487	39317876
chr19	4402636	4443394
chr6	13621729	13712067
chr19	34919285	34962156
chr19	34919285	34962156
chr9	107543286	107690436
chr3	120461590	120501916
chr1	26798930	26803133
chr10	124907651	124910188
chr7	27132611	27135619
chr6	31777395	31783060
chr2	227596027	227664536
chr15	74466050	74469212
chr5	156607850	156682195
chr20	60884120	60942368
chr17	76967336	76976005
chr17	35294771	35301912
chr15	74218802	74244477
chr13	36047925	36050826
chr15	66994573	67075187
chr12	81110690	81113450
chr6	99282449	99287334
chr7	151163097	151216981
chr14	21249426	21250626
chr6	170591293	170600166
chr19	45988551	46000305
chr1	29474254	29508412
chrX	139585149	139587234
chr5	140698056	140700351
chr1	109606761	109618625
chr16	69389469	69419910
chr5	92918927	92930317
chr2	223431617	223520811
chr13	93879059	95060274
chr19	14588573	14606939
chr12	58213709	58240512
chr5	131892668	131982041
chr16	3333490	3341460
chr7	105888743	105925429
chr1	22328149	22339035
chr5	151151514	151192346
chr12	94542352	94701451
chr7	121713602	121784303
chr1	47649253	47655708
chr3	50126351	50156454
chr17	79845710	79849462
chr2	99935444	99952796
chr2	71357763	71377231
chr17	39845136	39848920
chr2	162164935	162268228
chr21	34398242	34401493
chr19	12907636	12912614
chr12	56136905	56151048
chr17	61627837	61671628
chr2	152973314	153032277
chr17	40913244	40915059
chr5	139493693	139505204
chr22	30727976	30752883
chr9	36169384	36171331
chr2	85766290	85772404
chr8	48873500	48890720
chr2	136597195	136634013
chr6	136878183	137113615
chr7	15650836	15726308
chr17	36861525	36886048
chr16	56703725	56705041
chr17	10395623	10421859
chr14	61110138	61116195
chr17	59477203	59486827
chr12	115108059	115121980
chr19	29696226	29704058
chr1	27022505	27108595
chr17	60705030	60770958
chr5	139937852	139944183
chr2	170366211	170382768
chr7	83585092	83824105
chr12	49521564	49525178
chr1	145575987	145586546
chr18	2571555	2616634
chr11	13984269	14289679
chr12	53068519	53074191
chr1	113162453	113214238
chr7	116502640	116562103
chr1	27189639	27190947
chr14	24686062	24701573
chr8	24808467	24814126
chr17	37760020	37764173
chr5	134869971	134871654
chr12	104510863	104531988
chr17	44668034	44834830
chr12	86268072	86276770
chr2	157180948	157189233
chr2	201773699	201828383
chr12	56498342	56507694
chr6	132129159	132216295
chr3	178866144	178957881
chr19	9945993	9960365
chr17	1421011	1466086
chr12	133200347	133263928
chr2	105470572	105475032
chr13	79172496	79177687
chr1	57110986	57181008
chr14	61788160	62017698
chr4	87515467	87736314
chr8	117858172	117887015
chr2	109335937	109402265
chr11	6627523	6633447
chr11	18501857	18548489
chr15	69070873	69113234
chr16	75327607	75467401
chr1	201924630	201939792
chr19	3572941	3579081
chr4	1723247	1746898
chr5	52776458	52782964
chr14	39501122	39572439
chr11	9406198	9469674
chr19	12917397	12924454
chr14	75988811	76013335
chr9	100745622	100778225
chr20	47538247	47653230
chr8	68109892	68256016
chr4	151503302	151505845
chr17	1553922	1588161
chr5	43526368	43557179
chr1	110602491	110613294
chr1	110091236	110142817
chr19	45504721	45541450
chr19	18553472	18632880
chr16	24267655	24373733
chr14	57667224	57735623
chr7	23349827	23510110
chr7	23349827	23510110
chr19	12995235	12998015
chr6	96463849	96663488
chr2	162272807	162282381
chr11	122928196	122932844
chr17	4901244	4931696
chr9	125670334	125675602
chr2	74425741	74444692
chr6	41737913	41747638
chr15	65440556	65477680
chr1	117910070	118071494
chr9	92219926	92221470
chr5	32585662	32604185
chrX	95939840	96859996
chr6	143072605	143266313
chr22	35796132	35821424
chr16	69221049	69342955
chr17	1247568	1303516
chr1	203274646	203278730
chr2	118572266	118589953
chr1	118472361	118509166
chr6	41020940	41032630
chr18	12328942	12377226
chr2	9724095	9771126
chr14	75598171	75643315
chr7	99686591	99689810
chr8	67955313	67974368
chr3	50242703	50258918
chrX	48770458	48776301
chr2	43449540	43453745
chr2	43449540	43453745
chr7	27193334	27196294
chr12	54393944	54397121
chr15	72114631	72410491
chr1	170633271	170708562
chr16	24550886	24584184
chr5	133492081	133512641
chr14	50583847	50698296
chr22	38368318	38380562
chrX	47431299	47479256
chr10	105127732	105148822
chr9	102584166	102629173
chr12	85673997	85695562
chr10	103541081	103543170
chr16	56463044	56485244
chr8	87354775	87480732
chr17	35849996	35873600
chr12	75884642	75905389
chr10	79734906	79789273
chr4	147096869	147112687
chr13	95361875	95364799
chr3	120111139	120169839
chr4	666224	668065
chr1	42619080	42621491
chr6	35436177	35438557
chr2	152214105	152236560
chr5	14143450	14510313
chr13	100634037	100639019
chr22	45559805	45583898
chr10	121652241	121704169
chr12	65444405	65515085
chr1	221874765	221915431
chr9	127620161	127624236
chr1	185014689	185071735
chr3	167401085	167452680
chr12	64798171	64844905
chr13	74260225	74708066
chr7	26241062	26253227
chr17	41196311	41277381
chr7	154735399	154794834
chr14	52471526	52535777
chr9	136895426	136933148
chr10	99092253	99094486
chr9	129849626	129884914
chr4	54875955	54930772
chr20	30327092	30389603
chr6	47445524	47594999
chr17	35306253	35414171
chr15	60296509	60299643
chr1	63788237	63790799
chr11	62475147	62476673
chr17	40554466	40575274
chr3	72423743	72495774
chr7	148936741	148952697
chr6	52362205	52441858
chr4	76567969	76598341
chr1	32573656	32642164
chr20	31407759	31438211
chr7	120427373	120498198
chr10	1034373	1065872
chr13	45513383	45563606
chr17	8152606	8173804
chr1	161070350	161087827
chr1	6281252	6296024
chr7	44871576	44887686
chr1	220321634	220445795
chr17	65373396	65693372
chr6	153325593	153452417
chr16	70557718	70611571
chr17	40351194	40428409
chr7	75956115	75988308
chr21	30244512	30257689
chr16	69345252	69360842
chr5	162932624	162946360
chr12	104458308	104500302
chr3	50643919	50649205
chr1	169101768	169337035
chr3	49758931	49761384
chr3	127771279	127790526
chr12	72666149	73064538
chr2	183773842	183903185
chr9	86274882	86322873
chr14	35221936	35344566
chrX	140671795	140672860
chr2	46926075	46990268
chr6	119215315	119230336
chr7	145813892	148118090
chr14	24678820	24682694
chr4	88529680	88538025
chr12	54366909	54371427
chr2	176987446	176989665
chr18	11981505	12030876
chr1	156809854	156828909
chr22	41347381	41369313
chr15	72102893	72110594
chr11	16760193	16779887
chrX	28605562	29974835
chrX	110488326	110513711
chr22	31721789	31742332
chr6	43303807	43337385
chr12	119616735	119632551
chr3	52720047	52728513
chr8	110975864	110988000
chr7	127292247	127732645
chr17	64960822	65029514
chr22	17071640	17073700
chr5	132211086	132299326
chr10	72238522	72328206
chr8	38020856	38034011
chr1	63063190	63071984
chr11	60658018	60674057
chr12	101673882	101780396
chr19	54641477	54659419
chrX	54834778	54842448
chr3	130397777	130465673
chr2	54091205	54198130
chr2	177016277	177017954
chr22	22273797	22307220
chr6	30667583	30685058
chr1	44412621	44433694
chr19	47852571	47885961
chr12	123011795	123110943
chr17	45772629	45789429
chr8	59717970	60031706
chr2	64858754	64881047
chr5	179159822	179204284
chr1	179923944	180084010
chr3	100082274	100119933
chr9	2804151	2844095
chr17	56833214	57062540
chr10	106401047	107025000
chr12	27397218	27478892
chr3	45017735	45052963
chr13	33160588	33352157
chr1	183217371	183387515
chr2	202241929	202316181
chr13	77618791	77901229
chr19	38397847	38699009
chr3	182895828	183146407
chr17	37617738	37690797
chr22	21771659	21805752
chr15	41709301	41775761
chr22	43562627	43583140
chr3	32148111	32210201
chr4	99916871	99983960
chr16	87439853	87526630
chr8	145316947	145331183
chr9	115923285	115983557
chr12	49159976	49182872
chr18	2655724	2805015
chr1	55532031	55681037
chr6	96969681	97003152
chr12	116396380	116715498
chr2	98372798	98612411
chr20	30795682	30826461
chr9	131709977	131769375
chr8	144873094	144897943
chr5	54603816	54721407
chr14	31569322	31676999
chr5	36876870	37065921
chr9	34086384	34126696
chr8	104427613	104455681
chr11	57435585	57468654
chr7	32907783	32931372
chr10	11962020	12084808
chr3	55542338	56502495
chr16	11927706	11945399
chr17	7465235	7475287
chr19	2476124	2478255
chr19	48248802	48260315
chr19	10070236	10121180
chr18	55019787	55036162
chr19	4007733	4039384
chr2	99953851	100017789
chr1	114935411	115053824
chr11	68452011	68458643
chrX	77385244	77395147
chr17	7191581	7197958
chr7	66452666	66460573
chr14	52456263	52477412
chr16	85709803	85722560
chr5	32354455	32444846
chr7	95115254	95169545
chrX	73802810	73834459
chr2	26256952	26360323
chr7	100240719	100254071
chr19	2321519	2328585
chr1	17575592	17610728
chrX	135614373	135638958
chr15	55473003	55489139
chr16	96406	103608
chr12	14937515	14956412
chr3	52937587	53080089
chr1	214776537	214837914
chr20	34359936	34538292
chr17	27370158	27384234
chr12	29490284	29534105
chr11	77377273	77531880
chr5	141323145	141337767
chr4	120056986	120108944
chr6	24650206	24667127
chr1	91380860	91487040
chr18	48700919	48724051
chr2	45232320	45236591
chr19	39989586	39999109
chr12	54378929	54384063
chr14	61176256	61191069
chr17	10346606	10372876
chrX	118722299	118740387
chr2	101869347	101886778
chr1	154521052	154531138
chr11	35684322	35839557
chr22	41697528	41756151
chr4	79697503	79800589
chr9	139388884	139440500
chr6	82455446	82462398
chr1	118148669	118171011
chr1	100111668	100160091
chr6	10980991	11044538
chr8	38173934	38239789
chr2	97525454	97535817
chr9	33817157	33920397
chr10	94050923	94113721
chr18	29598787	29653182
chr11	67071000	67080063
chr10	102295699	102319755
chr6	10695204	10710015
chr6	79644135	79787971
chr3	62355355	62359225
chr5	76326228	76361059
chr1	220267473	220321383
chr1	201798284	201853419
chrX	51486537	51489328
chr2	69240275	69373497
chr19	14230323	14247401
chr12	27058113	27090914
chr16	46690043	46723090
chr14	74815173	74826711
chr1	229576005	229644088
chr6	485153	693139
chr5	34915815	34926101
chr8	6566162	6619024
chr11	27515964	27528316
chr1	114304453	114355098
chr3	54156578	55108584
chr8	98788015	98865241
chr12	8185311	8208113
chr10	99400442	99436191
chr2	143886987	144525921
chr10	60028921	60049346
chr2	187350986	187374088
chr2	140988991	142888585
chr20	10385427	10412573
chr6	136172838	136516712
chr7	27210223	27213939
chr12	54426833	54429145
chr16	75681670	75691330
chr8	145133574	145135551
chr7	120590830	120617270
chr15	41221537	41231271
chr5	53179771	53606403
chr1	6475291	6479979
chr7	27180670	27183300
chr2	154333851	154335276
chr8	16849689	16859854
chr14	21966281	21979482
chr19	42734341	42746754
chrX	46433199	46457931
chr2	128848773	128953251
chr6	2765626	2787186
chr12	57628685	57634545
chr5	114856604	114880472
chr19	7684410	7694431
chr4	184826459	184944679
chr1	160370353	160398460
chr3	170606206	170626426
chr16	67876222	67878098
chr14	35870718	35873955
chr12	4477392	4488878
chr11	8959118	8964580
chr17	77765930	77770876
chr15	35043232	35047199
chr14	63671160	63760226
chrX	15645440	15682928
chr1	153777200	153895448
chr6	43490071	43543775
chr6	122764495	122792952
chr18	19320752	19450914
chr4	7194264	7744554
chr18	30252635	30352986
chr4	134070448	134075043
chr4	48343545	48428218
chr19	31765850	31840342
chr19	39797205	39811503
chr4	170015409	170192107
chr5	60628084	60841999
chr12	4543307	4554981
chr1	226073981	226076846
chr14	60715938	60765805
chr8	121547995	121824286
chr5	170736251	170739143
chr12	49480438	49488584
chr6	27100094	27100574
chr6	26043454	26043941
chr6	27782079	27782555
chr5	45255049	45696482
chr17	43138684	43186384
chrX	37545043	37591383
chr11	839720	842529
chr10	71962590	71993185
chr2	216974070	217071016
chr1	11249411	11256038
chr14	88646451	88793256
chr7	92076795	92089389
chr6	31765172	31774743
chr2	176964522	176967217
chr16	3064712	3068184
chr7	44178462	44180931
chr14	73525241	73590607
chr6	139349881	139364439
chr6	100054708	100063438
chrX	100333867	100351356
chr1	46092975	46152205
chr20	22561635	22565210
chr14	51100297	51135024
chr11	44281989	44331689
chr17	39969255	39979465
chr11	12695967	12966284
chrX	72432134	72434687
chr9	70971526	71145977
chr6	27791869	27792258
chr1	27237979	27240466
chr4	174447241	174451380
chr11	130029676	130080257
chr1	101003694	101007577
chrX	102330737	102348071
chr17	74385536	74449234
chr3	93781904	93850676
chr16	838619	848074
chr5	32124821	32174425
chr3	139654026	140296239
chrX	99839932	99854882
chr2	163123583	163175194
chr7	73588685	73611426
chr12	113899837	113909676
chr19	46801632	46846690
chr7	70597129	71178584
chr12	100594592	100618202
chr4	115748918	116034776
chr12	54402768	54406553
chr2	112525216	112641770
chr6	80624530	80657270
chr7	31377078	31380340
chr1	205681949	205719310
chr9	36336396	36400266
chr2	239152684	239197251
chr3	53901092	53916179
chr1	32799439	32801834
chr13	32605910	32873262
chr14	94492685	94515276
chr17	46689707	46692654
chr17	46698517	46703720
chr16	29465821	29469540
chr10	70661070	70706603
chr17	17942721	17971719
chr12	102466880	102513892
chr12	132629001	132637013
chr8	120846215	120868134
chr12	102139276	102224737
chr22	38082349	38089481
chr19	54658898	54663459
chr16	54317215	54320699
chr8	103563816	103573246
chr14	77490885	77495051
chr1	31652591	31712734
chrX	105937067	106040246
chr13	79188423	79233290
chr4	121956767	121993690
chr4	185615238	185655250
chr1	38268616	38273880
chr6	96025410	96057328
chr9	101569951	101612363
chr1	26737307	26756219
chr3	21453709	21792702
chr1	38000049	38019894
chr15	101142793	101170414
chr8	77593481	77779517
chr4	56815110	56899527
chr8	37553299	37557537
chr1	9352952	9429591
chr10	70980087	71027308
chr17	61043595	61505064
chr4	105389464	105416051
chr3	52288449	52312665
chr10	93558182	93625232
chr17	41831105	41836159
chrX	24001836	24045303
chr10	70320093	70454244
chr12	12626215	12715797
chr19	4090318	4124119
chr17	44839871	44896058
chr14	51706964	51724373
chr1	22443805	22469590
chr2	239079042	239112336
chr1	70724681	70820405
chr20	37555059	37581749
chr16	88870196	88875666
chr6	24705088	24719382
chr13	25670273	25673392
chr11	28042165	28129703
chr19	20011754	20046384
chr2	85360514	85537510
chrX	53559056	53713664
chr1	28586028	28609002
chr16	84853590	84943114
chr10	7860467	8058594
chr1	110082493	110088470
chr19	33087911	33166086
chr20	40030722	40247016
chr11	65383246	65404910
chr15	82334118	82338359
chr1	90098678	90185092
chr5	6371986	6378660
chr17	3763608	3796347
chr17	40925466	40931617
chr12	56214768	56223371
chr11	64894750	64901990
chr12	6747240	6756598
chr9	124329352	124547809
chr17	58254687	58469494
chr17	48211100	48228038
chr19	2428163	2456957
chr10	77157587	77161522
chr22	20795805	20850082
chr2	85981113	86018506
chr9	116917816	117074791
chr16	57496590	57505921
chr7	73007531	73038852
chr1	100503650	100548933
chr1	205626978	205649637
chr12	110437234	110477568
chr13	100615217	100624021
chr7	44915897	44925129
chr5	156904311	157002783
chrY	6778737	6959724
chr1	228645064	228645574
chr3	179065496	179112724
chr11	46299212	46342959
chr8	120220601	120257913
chr18	19109244	19180665
chr1	27331510	27339341
chr1	184760165	184943640
chr3	186838735	186857284
chr11	69455923	69469242
chr4	140222658	140312538
chr8	95892451	95907429
chr2	211154873	211179898
chr2	132233691	132240507
chr20	61038552	61051051
chr20	37353128	37358015
chr6	27114884	27115341
chr20	36531528	36573752
chr20	44515129	44516261
chr11	64844924	64851512
chr17	56160779	56172903
chr14	47120212	47120984
chr3	140770188	140867453
chr5	176237559	176307899
chr9	2717509	2730037
chr10	91339251	91403673
chr9	71394980	71400482
chr18	43684350	43708299
chr13	77454309	77460540
chr6	117996631	118031890
chr6	49753372	49754998
chr15	65293849	65321977
chr12	110971049	111021123
chr14	63166181	63512176
chr2	88991190	89050446
chr14	55518364	55536912
chr12	54849740	54867386
chr5	140080031	140086271
chr6	134308718	134373762
chr10	69990351	69991870
chr1	228581376	228594536
chr10	101292698	101296281
chr7	135611507	135662107
chr10	59951277	60027654
chr16	80631803	80838495
chr1	27276052	27286959
chr3	42727028	42734036
chr4	89178771	89205713
chr11	59404188	59436510
chr11	124789100	124805943
chr13	22066829	22178309
chr7	27202056	27205156
chr8	67405800	67430759
chrX	79925001	80065376
chr16	742499	755801
chr9	113127527	113342021
chr13	96742360	97491816
chr9	99148222	99180652
chr3	186915273	186919250
chr6	116832801	116845951
chr9	32629451	32635667
chr7	151832009	152133088
chr6	25727004	25727573
chr6	25726290	25726790
chrX	154487519	154493776
chr18	76739817	76758969
chr14	50159837	50219868
chr6	50681238	50740746
chr10	74927876	75004262
chr16	20866246	20911680
chrX	23352965	23422491
chr8	62200528	62414188
chr6	40994633	41006960
chr12	56631590	56652168
chr10	119036784	119134951
chr12	54348686	54352740
chr15	43235094	43398236
chr1	228645803	228646259
chr7	27870195	28220414
chr1	149859018	149859515
chr6	137813335	137815531
chr2	27371871	27379842
chr1	28099729	28150954
chr16	30210575	30215631
chr12	14927338	14930936
chr2	27604065	27632458
chr6	3224510	3227887
chr5	126203405	126366250
chrX	129513422	129519648
chr3	192514603	192635645
chr12	62102053	62586554
chr17	1837970	1928628
chr10	18948359	18970568
chr3	31574416	31679108
chr5	52083749	52255039
chr17	38933059	38938802
chr7	20821898	20826505
chr14	74706151	74729441
chr15	65032089	65067788
chr9	34252377	34329266
chr18	60382773	60647666
chr5	153570292	153800544
chr2	113033173	113097636
chr17	35441926	35766927
chr6	150045450	150067665
chr14	55880927	55907263
chr17	59667781	59668580
chr3	112315643	112359990
chr14	39865576	39901704
chr2	130949317	130956012
chr10	21802403	21814611
chr5	137136881	137146440
chr11	6734369	6743110
chr15	45803333	45848928
chr17	29036625	29097068
chr21	17442841	17983096
chr7	72418831	72425302
chrX	102960421	102983423
