chr1	76190393	76229364
chr12	121163628	121177811
chr17	7123256	7128585
chr11	107992293	108018330
chr20	43248162	43280340
chr17	48243365	48253289
chr22	40742503	40765371
chr22	40742503	40765371
chr4	178351927	178363591
chr1	100316044	100389579
chr2	241808240	241819917
chr2	241808240	241819917
chr9	116148591	116163564
chrX	152990310	153010209
chr9	104182841	104198056
chr19	45409052	45412650
chr6	131894365	131905469
chr5	78073031	78281133
chr17	3379290	3406699
chr9	133320093	133376661
chr11	108093793	108239829
chr13	52506804	52585586
chr3	165490691	165555211
chr6	80816387	81055987
chr15	91260576	91359396
chr6	31895493	31913449
chr5	41142217	41213634
chr8	86376235	86393722
chr15	42651698	42704515
chr21	44473300	44495945
chr11	118215058	118225876
chr1	235824340	236030206
chr5	60162280	60240897
chr1	16370276	16383803
chr16	28488599	28503403
chr4	47937993	48014962
chr2	227867429	228028921
chr3	148890283	148939616
chr1	53662495	53679869
chr21	45193830	45196189
chr16	88709696	88717461
chr10	104590287	104597170
chr2	38294651	38303293
chr22	42522500	42526812
chr11	47236524	47260768
chr7	107531627	107561643
chr1	97543298	98386590
chr7	107405913	107443668
chr5	149340320	149366963
chr2	128014865	128051720
chr10	50662515	50747167
chr15	76507693	76603810
chr13	113760101	113774995
chr16	89803956	89883055
chr9	97861335	98079991
chr11	59856136	59865940
chr9	71650667	71693992
chr1	24171566	24194780
chr19	49251267	49258615
chr17	41052815	41066455
chr17	78075379	78093680
chr14	88399357	88459526
chr17	73753974	73761273
chr9	34646671	34651032
chr19	1397024	1401541
chr1	155204242	155211040
chr3	81538853	81810796
chr19	13001973	13010813
chr5	42423540	42721980
chr9	6532466	6645729
chr3	128779621	128781249
chr19	34856100	34893318
chr20	33516234	33543609
chr2	48010283	48034092
chr7	65425670	65447200
chr2	26413503	26467500
chr2	26413503	26467500
chr2	26467806	26513333
chr3	120347018	120401086
chr1	24128374	24151919
chr10	100175954	100206692
chr16	67465023	67471456
chr9	98997587	99064458
chr17	78183074	78194132
chr4	980831	998352
chr4	110661850	110723155
chr2	173292313	173371187
chr21	46305867	46340814
chr19	17935590	17958791
chr11	128707914	128712364
chr18	21452983	21535030
chr1	209788214	209825770
chr13	23755117	23899301
chr4	52886871	52904465
chr2	48913912	48982863
chr10	90973328	91011532
chr15	58724189	58862043
chr17	56347215	56358296
chr4	100485286	100545154
chr6	49398072	49430966
chr15	52599479	52821247
chr22	42454337	42466816
chr17	40688258	40696467
chr7	74188308	74203720
chr14	20937564	20945248
chr18	21111405	21166470
chr2	110880924	110962590
chr10	126085871	126107492
chr15	28000020	28344461
chr12	103230666	103311022
chr10	72643266	72648322
chr13	100741346	101182689
chr19	33877855	34012697
chr17	33901813	33905590
chr6	42931602	42946919
chr6	137143729	137235072
chr12	48513146	48540187
chr7	44102325	44105166
chr16	47495241	47735434
chr16	30759745	30772497
chr14	94843083	94854939
chr6	161123275	161175129
chr1	11994773	12035594
chr16	8891695	8943182
chr20	44519973	44527459
chr1	40538383	40562924
chr2	128176002	128186818
chr11	112097150	112104696
chr8	77892493	77912314
chr12	7342281	7364055
chr4	17488017	17513713
chr6	49572887	49604552
chr1	68894504	68915637
chr15	48498498	48596275
chr16	56899118	56949762
chr3	170714135	170744509
chr22	32439247	32509016
chr5	70220913	70248842
chr2	31747549	31806007
chr8	38000217	38008470
chr16	71599562	71610995
chr22	31003160	31023258
chr14	24718319	24732383
chr11	2185158	2193045
chr8	63972046	63998612
chr3	124449298	124468120
chr10	127477154	127511827
chr2	31557186	31637608
chr9	100437190	100459622
chr17	19552063	19580909
chr21	45705758	45718531
chr3	48894358	48936315
chr11	6633998	6640653
chr10	101542396	101612351
chr22	37309669	37336481
chr1	150768683	150780736
chr22	43013845	43045398
chr1	24122088	24127068
chr3	33038108	33138638
chr5	150632745	150650001
chr22	19711061	19712294
chr6	26087656	26098571
chr21	38120926	38362511
chr5	118788191	118878027
chr6	137518621	137540522
chr10	6052651	6104330
chr6	129204282	129837711
chr14	74964885	75078940
chr14	74964885	75078940
chr1	183524696	183559594
chr6	31825435	31830598
chr5	41730166	41870527
chr7	107301272	107358254
chr11	36589556	36601312
chr13	103696347	103718767
chr19	17982753	18005983
chr12	56391059	56399309
chr3	184089722	184095995
chr2	234668915	234681946
chr7	92116338	92157834
chr19	2249321	2252072
chr3	49454210	49459906
chr19	45449307	45452822
chr16	88875746	88878336
chr22	51061181	51066580
chr1	22979728	22988130
chr7	117120078	117308719
chr10	105791043	105845638
chr8	143953772	143961241
chr8	143991974	143999259
chr6	32006191	32009421
chr6	32006191	32009421
chr17	56270086	56282535
chr13	113777112	113803843
chr9	97365414	97401800
chr11	30252560	30256741
chr16	88880141	88923355
chr15	72633264	72668355
chr19	12757325	12777556
chr18	13882042	13915535
chr3	135969181	136049011
chr7	6010555	6048680
chr11	36613492	36619786
chr2	234216461	234255701
chr2	85884436	85895322
chr11	6411703	6416226
chr22	30855215	30868004
chr1	115572446	115576923
chr9	12693384	12710285
chr8	30891325	31033654
chr2	113875547	113891591
chr5	40909598	40984745
chr6	32812985	32821481
chr7	22766818	22771617
chr11	33724555	33757969
chr12	51379774	51420167
chr12	102789651	102874341
chr17	62006099	62009691
chr21	34638671	34669526
chr22	37257047	37274057
chr8	30535582	30585363
chr16	8807436	8878427
chr3	52017550	52023213
chr3	148415689	148460790
chr20	32868073	32891161
chr19	41903722	41930907
chr3	53528637	53847760
chr11	118209789	118213420
chr1	239792372	240078750
chr22	19929294	19957498
chr8	67088610	67090699
chr19	41349445	41356352
chr10	96522437	96615304
chr2	219646869	219680016
chr12	58156116	58160861
chr9	136501484	136524451
chr17	61554421	61575734
chr7	50526139	50628768
chr11	71900958	71907367
chr2	171673396	171717661
chr2	85771842	85788616
chr7	31003567	31019143
chr5	178405327	178422321
chr12	15033797	15038788
chr11	100900354	101000544
chr1	20396686	20418404
chr17	1646164	1658559
chr3	145787226	145878971
chr10	118305442	118327367
chr2	25383728	25391449
chr7	75544472	75616173
chr15	64448015	64455221
chr18	43660213	43678262
chr7	33053724	33102388
chr7	33053724	33102388
chr12	132413820	132430441
chr9	37779710	37785089
chr1	171060045	171086959
chr2	69623257	69664567
chr9	131266997	131304567
chr17	61780191	61819346
chr8	37594151	37604068
chr7	44646225	44716181
chr13	52586533	52607736
chr22	38507501	38577837
chr1	26363742	26372609
chr17	57060009	57184241
chr12	56473891	56479401
chr2	20110023	20189866
chr1	207627672	207663237
chr3	183960116	183967313
chr2	99215776	99224975
chr4	103790148	103813964
chr14	90422270	90511108
chr6	116937641	116954148
chr9	123151152	123342445
chr5	33945970	33984798
chr17	45000525	45014188
chr9	139567594	139581909
chr19	51848408	51858096
chr1	162602253	162757195
chr19	57742390	57746916
chr10	89419634	89507462
chr8	27632070	27662833
chr10	97365697	97416468
chr9	79792449	80036453
chr6	145946440	146056656
chr9	2621786	2660056
chr14	24563519	24569962
chr3	10068120	10143616
chr1	154245104	154248351
chr3	121488607	121553907
chr14	66974864	67648520
chr8	90945558	90996895
chr11	121163560	121184119
chr12	45609877	45826132
chr20	939094	982954
chr2	29284560	29297389
chr2	182401398	182521832
chr17	3539752	3566397
chr19	30189792	30205963
chr11	68522087	68609384
chr3	186964147	187009525
chr22	32871254	32894816
chr1	182347232	182360925
chr17	6327057	6338441
chr5	133936838	133968518
chr7	33169175	33645681
chr10	14946611	14996095
chr2	27587218	27593205
chr5	177576463	177580886
chr5	16473161	16617106
chr14	70346132	70499083
chr2	74362526	74375039
chr10	13319798	13341763
chr5	138282412	138534057
chr5	68710942	68740157
chr22	38093054	38172563
chr11	832951	838831
chr2	220144087	220151617
chr1	6524170	6526233
chr19	47249313	47261832
chr15	90319562	90321985
chr17	41717756	41739290
chr7	2559407	2568063
chr14	88852000	88904804
chr12	32899477	32908831
chr8	74888429	74895018
chr3	164696685	164796284
chr9	3824126	4300068
chr2	86064242	86094793
chr2	238395893	238463965
chr20	25280849	25371471
chr7	144149033	144533146
chr15	34521984	34629982
chr19	41103140	41135725
chr19	36486089	36487214
chr2	63346693	63665141
chr2	179316104	179326829
chr5	1392908	1445555
chr2	202484908	202508226
chr1	47715810	47779819
chr4	104507187	104641142
chr6	39871945	39902201
chr9	134378304	134399186
chr16	75572014	75590184
chr19	54695158	54698390
chr17	74536125	74541458
chr2	98330038	98356323
chr1	235530741	235615756
chr9	108320411	108403399
chr2	219524405	219528166
chr2	98962918	99015064
chr4	88571431	88585509
chr6	24495196	24537435
chr14	91737666	91884164
chr16	53738067	54155853
chr11	102980154	103350591
chr18	47349158	47721517
chr4	42894729	43032675
chr4	183164554	183724177
chr4	15471488	15603180
chr10	16865964	17171810
chr12	111051933	111087235
chr10	72357103	72362497
chr16	89710842	89724116
chr16	23532074	23568671
chr9	117164359	117265495
chr19	55525072	55549632
chr14	50091891	50101962
chr11	117947792	117992605
chr19	36545798	36596010
chr7	100849264	100860862
chr16	2325881	2390729
chr22	41865120	41924978
chr13	108859789	108870697
chr4	72052975	72437800
chr5	156887220	156901730
chr9	119449583	119463578
chr7	16127149	16461163
chr10	90519776	90539383
chr14	76452105	76550085
chr17	4935896	4938721
chr19	33182726	33204698
chr10	118892800	118897781
chr15	89787209	89860362
chr22	50964180	50968441
chr10	97948926	98031326
chr1	22970125	22974601
chr11	88053978	88070904
chr12	44152753	44183344
chr6	80194707	80247147
chr10	75936520	76469048
chr6	74171459	74218959
chr1	8021770	8045565
chr1	43198763	43205907
chr14	23242430	23285080
chr17	73269072	73285514
chr19	55644065	55660574
chr4	54325467	54457653
chr2	217277487	217347776
chr19	55434876	55458873
chr19	7701995	7712759
chr9	104122698	104145846
chr16	30075817	30081741
chr22	18560755	18588162
chr5	38474769	38556748
chr1	186265404	186283699
chr15	65255362	65281808
chr16	55515468	55540603
chr16	53632064	53737771
chr14	31494854	31565656
chr11	47430140	47438047
chr16	75661621	75681563
chr2	71693828	71913893
chr3	189674516	189840067
chr18	28956739	28994872
chr10	99344145	99372559
chr11	125757562	125770541
chr6	135604669	135818878
chr11	34937676	35017675
chr11	18416109	18429972
chr10	5042102	5046206
chr8	134249417	134309495
chr1	18957339	19075360
chr16	57988578	58005032
chr2	50145640	51259270
chr2	202624174	202645656
chr2	207630329	207660913
chr8	23559252	23564269
chr17	7975953	7991034
chr2	179296140	179315484
chr2	179296140	179315484
chr1	17312452	17338423
chr13	51483813	51544596
chr13	36875774	36944317
chr8	94767071	94830347
chr4	107236700	107270613
chr9	130500595	130524719
chr15	74471806	74501330
chr17	8782232	8869024
chr10	55580858	56560991
chr16	30996527	31000468
chr9	34652181	34661899
chr6	64429875	66417119
chr12	123718290	123742506
chr10	97423157	97453684
chr16	15737238	15820210
chr11	65769549	65771617
chr17	7589388	7606820
chr11	108376161	108422956
chr6	56322793	56819628
chr12	42850558	42877417
chr3	52321843	52329273
chr12	56078351	56101688
chr12	80838014	81074052
chr13	40229798	40365803
chr8	17104466	17155533
chr1	156024572	156028297
chr11	45825956	45834567
chr3	25760434	25824934
chr11	71791895	71807941
chr9	136397285	136440641
chr3	12525978	12575157
chr11	3819048	3847601
chr22	24666798	24813706
chr18	44056923	44139275
chr6	36210944	36276372
chr16	57653957	57699479
chr4	80898679	80994383
chr2	87011727	87035519
chr19	39405905	39421403
chr1	170501306	170514932
chr15	31196117	31203979
chr2	74688183	74692509
chr1	210111561	210344734
chr1	43212044	43232699
chr15	40697995	40713507
chr17	76987797	77005846
chr14	53503472	53620041
chr7	95749531	95951410
chr15	44854893	44955860
chr8	140739967	141467843
chr1	19197923	19217385
chr7	106847079	107204365
chr3	52109241	52188439
chr19	49471386	49496566
chr16	21695749	21772050
chr20	17474549	17539478
chr8	94929150	94938296
chr17	1619816	1641879
chr11	71145456	71159439
chr14	51371934	51411201
chr8	38089470	38120354
chr11	118894821	118901587
chr6	109802151	109804422
chr2	152341852	152591001
chr8	104310721	104345094
chr4	3465032	3496209
chr3	4402829	4508953
chr12	53817638	53825456
chr6	150690147	150727105
chr11	64513860	64528187
chr2	172290735	172341562
chr19	8367010	8373242
chr17	56282796	56296966
chr3	49507564	49573051
chr17	8023909	8027424
chr3	126200008	126236616
chr10	95848782	96088149
chr19	38755212	38783255
chr19	7599624	7626650
chr4	78978476	79367787
chr7	127937737	127983962
chr4	5564165	5711275
chr11	67131638	67141648
chr10	100216833	100995632
chr6	101846860	102517958
chr9	113431070	113568838
chr1	45340198	45452267
chr5	33987090	34008155
chr7	66093867	66108216
chr7	103014653	103086654
chr6	43005354	43021589
chr6	88182691	88222054
chr22	50961996	50964871
chr9	71736179	71870124
chr2	47129008	47143007
chr10	73156676	73492482
chr10	85954292	85979377
chr2	135809861	135928280
chr8	6264147	6304923
chr14	102829277	102931987
chr16	66541905	66584194
chr12	58176569	58191370
chr20	18488583	18542059
chr17	72270372	72311023
chr1	64088886	64125916
chr7	116165062	116201239
chr2	220426443	220436261
chr12	53701243	53715394
chr12	53720358	53730138
chr3	3191316	3221401
chr19	36395304	36399197
chr11	61160058	61166318
chr7	123565294	123600100
chr20	3208067	3219836
chr10	73079015	73123142
chr3	93698998	93774522
chr9	77337410	77502636
chr9	140125352	140131007
chr11	111608600	111637113
chr4	25657472	25680370
chr2	209130978	209170273
chr4	123653858	123666094
chr16	28943291	28950663
chr4	110834038	110934922
chr5	125877532	125930911
chr3	148709326	148749562
chr4	155484131	155493915
chr1	145516559	145523732
chr5	140024951	140027215
chr2	231041190	231090351
chr17	73937587	73975247
chr17	79825596	79828873
chr4	13542453	13546132
chr3	180701496	180707626
chr3	159974773	160117013
chr9	273045	465255
chr1	70876950	70905534
chr18	71918080	71959198
chr1	52838500	52870095
chr2	148687964	148778306
chr7	137761204	137803051
chr11	790474	797998
chr7	92728830	92747292
chr14	77893017	77923944
chr6	43612772	43640337
chr19	50410081	50432761
chr22	18593574	18614499
chr5	6599351	6633157
chr17	4854413	4860424
chr1	197237381	197447585
chr15	49030134	49103266
chr1	29563033	29653312
chr16	70514469	70557457
chr17	79993756	79995573
chr22	18900293	18924066
chr9	32972613	33001626
chr10	102767435	102790886
chr14	76071882	76114510
chr6	391751	411443
chr6	2948392	2971801
chr16	58035310	58055522
chr19	3630180	3700466
chr3	150644353	150690786
chr6	53362138	53409899
chr16	71065313	71264625
chr8	22022884	22058995
chr16	2525127	2555731
chr1	33473586	33502484
chr4	151185810	151936419
chr4	170313959	170533734
chr3	9908397	9921937
chr3	121706169	121741094
chr7	26331514	26413949
chr14	74111688	74170435
chr2	27600101	27603311
chr9	35088684	35096588
chr2	62051982	62081195
chr18	77441429	77514510
chr1	27114678	27127150
chr1	150480584	150486265
chr4	77079889	77134977
chr6	86159800	86205502
chr22	41253151	41258776
chr3	43407339	43663503
chr5	68788616	68853931
chr11	133938966	134021896
chr13	28194879	28241548
chr1	197053256	197115799
chr7	100218042	100231273
chr3	50367218	50378267
chr11	75273297	75283828
chr20	31350190	31397162
chr15	40453269	40513324
chr1	116242641	116311335
chr12	6554120	6560879
chr17	26721660	26733230
chr6	10762955	10838772
chr5	67588404	67597649
chr20	19867276	19983100
chr11	95566043	95657271
chr14	35178318	35183799
chr17	66531256	66597508
chr1	46654354	46685977
chr11	95523661	95565857
chr2	241653183	241759636
chr10	30722949	30750762
chr2	69546911	69614359
chr11	85359010	85367586
chr20	44746952	44758497
chr15	51200879	51298092
chr16	54965110	54968397
chr6	31949833	31970458
chr15	72978547	73030814
chr8	145582272	145584932
chr4	57898424	57976551
chr1	114436815	114447421
chr17	38444130	38460909
chr2	3642701	3692234
chr17	40724327	40729747
chr12	41086240	41366519
chr1	165693527	165738159
chr10	76586357	76792382
chr22	19163093	19166018
chr5	126626487	126796914
chr3	58177983	58196699
chr19	55670028	55678090
chr12	50506018	50514236
chr20	32951078	33099578
chr12	31226793	31257733
chr7	130033611	130080857
chr12	50497790	50505096
chr2	232826422	233209060
chr5	140053489	140070955
chr12	95365108	95397473
chr20	2639660	2644862
chr17	42977096	42982758
chr11	110066285	110167339
chr2	11864440	11967535
chr4	113558298	113578742
chr13	111367783	111373421
chr1	198608169	198664300
chr1	44173206	44396831
chr6	166778406	166796428
chr5	77296345	77590522
chr6	41126245	41130854
chr15	78396947	78423787
chr2	239756725	239832230
chr11	117192493	117283982
chr6	151725896	151773261
chr19	42829786	42882917
chr21	45917775	46131487
chr11	64358691	64369816
chr7	21582656	21941457
chr1	235626771	235667752
chr15	53805937	53833300
chr2	72356366	72374991
chr10	101948056	101989353
chr13	23902968	23949647
chr6	146350197	146758737
chr12	64173688	64203342
chr3	97483601	97520073
chr11	119209651	119211593
chr4	39460675	39481126
chr6	57051789	57087105
chr5	140071039	140078890
chr3	129159066	129239350
chr8	145637797	145638969
chr9	136218659	136223361
chr9	34458802	34520982
chr3	15642858	15695221
chr9	34634718	34637784
chr17	79890266	79895176
chr19	8645123	8657100
chr17	72912174	72919350
chr1	9299905	9331396
chr9	91933414	91974578
chr22	46731610	46753237
chr9	139305109	139318213
chr7	100797756	100804557
chr20	62289664	62327598
chr21	33664123	33684601
chr2	242674044	242708226
chr2	26680070	26781624
chr1	150521883	150533409
chr11	62382767	62389458
chr14	89290496	89344340
chr2	47168362	47303262
chr22	37461475	37505753
chr15	91541645	91565851
chr15	75182382	75194560
chr6	35465650	35480673
chr2	233344536	233352544
chr1	5922870	6052485
chr1	22148736	22263803
chr7	134331604	134364568
chr3	182733005	182817284
chr2	136663450	136743254
chr5	218434	257197
chr1	179519673	179545083
chr11	2397409	2418627
chr11	17515446	17565963
chr1	10002980	10045556
chr4	121613069	121843881
chr11	67222824	67229223
chr11	118528025	118550359
chr12	108955238	108963160
chr4	155661989	155674272
chr12	7052664	7055166
chr11	47260852	47270179
chr19	51409606	51413994
chr12	32638905	32798984
chr1	955499	991496
chr10	77191381	78319926
chr4	8847801	8873565
chr5	10250032	10266524
chr9	93976104	94124200
chr5	131705401	131731304
chr3	158362315	158413370
chr20	17949660	17971765
chr15	45879757	45901914
chr1	113615819	113674882
chr13	26042911	26599989
chr2	88856258	88924447
chr21	47744580	47865682
chr1	231376957	231413719
chr1	145413277	145417543
chr20	49551391	49575101
chr9	123714612	123837143
chr16	68679212	68732942
chr4	39184148	39287430
chr4	1340995	1381837
chr4	86933448	87275797
chr9	111629796	111696404
chr9	102861524	103064457
chr16	69166551	69202924
chr18	67670266	67872923
chr16	84192644	84211526
chr6	88223655	88299705
chr2	74154006	74186073
chr6	42928491	42931618
chr6	5261239	5771816
chr3	111261043	111325927
chr16	4364761	4389596
chr1	169433146	169455208
chr17	42148278	42153712
chr12	7080075	7089098
chr21	47556175	47575493
chr2	127805607	127864730
chr19	44010870	44031353
chr10	101454049	101491884
chr15	45653321	45694425
chr1	109419606	109477167
chr19	14640371	14676792
chr8	61118581	61193959
chr14	92432334	92506403
chr8	133582663	133687791
chr10	26986629	27035727
chr2	240912056	240964759
chr8	65499131	65711294
chr20	3870033	3910534
chr16	77316024	77468931
chr21	34775187	34809823
chr10	124768521	124817806
chr11	61129845	61136981
chr12	8754765	8765455
chr11	94148735	94227010
chr1	11845779	11863594
chr16	5122248	5137380
chr1	45965971	45979054
chr8	91013704	91065861
chr8	96037216	96070938
chr9	35736862	35749225
chr1	119425669	119530966
chr5	43603281	43707498
chr7	55086709	55270769
chr12	20975481	21069845
chr1	243419342	243663393
chr7	2577443	2595158
chr11	67806491	67818362
chr16	903633	1031613
chr20	43595152	43708662
chr17	43530299	43568087
chr18	46562756	46987015
chr14	74751971	74769637
chr12	7187522	7244489
chr3	14186646	14220101
chr3	39424860	39438842
chr5	131817300	131826465
chr3	43732429	43775863
chr8	15397771	15618176
chr2	44066109	44110127
chr4	84184976	84205951
chr16	72042642	72061558
chr22	33668494	34318812
chr5	70883166	70954533
chr8	42995606	43057998
chr7	22973829	23053749
chr4	128838886	128886328
chr19	1383905	1395583
chr7	99699265	99706662
chr14	74946637	74960215
chr15	45384847	45406370
chr6	70383901	70506358
chr9	139088095	139093520
chr3	139063392	139075982
chr19	48799718	48825228
chr5	7869260	7901226
chr7	4815253	4834028
chr7	141251209	141350403
chr1	173793810	173827684
chr7	33945150	34196039
chr16	28853731	28857669
chr17	79617488	79630157
chr13	77566215	77579252
chr1	6484835	6521004
chr16	88449366	88507161
chr19	11309970	11373200
chr10	26223157	26312417
chr5	13690436	13944797
chr17	26833365	26865918
chr22	23915311	23922477
chr20	740723	756628
chr11	124746077	124751367
chr3	46735267	46752376
chr2	228548478	228579340
chr11	111896131	111935128
chr1	2335412	2344003
chr16	69366482	69373467
chr6	52866100	52926622
chr4	146540536	146581185
chr22	50497819	50523855
chr1	220083786	220132440
chr11	14898985	14913217
chr16	56504314	56553936
chr16	81348566	81424414
chr14	21785711	21819460
chr19	50321545	50343641
chr9	130699095	130700133
chr2	73612963	73837043
chr3	190008149	190129927
chr9	33110639	33167157
chr9	35791587	35809728
chr14	76842479	76968180
chr21	46825079	46933634
chr11	63974192	63991363
chr6	74303101	74363715
chr2	9628614	9695959
chr14	92335754	92414038
chr5	37106336	37249478
chr2	191833874	191878897
chr8	105391658	105479283
chr19	10461208	10491248
chr11	9800214	10315766
chr12	124104952	124118233
chr16	86544132	86549028
chr11	117857108	117872198
chr11	71935810	71950191
chr2	71163029	71192561
chr19	42381348	42385439
chr14	23586514	23588464
chr19	36139224	36149684
chr22	26995241	27013991
chr11	1773984	1785157
chr1	100652474	100715390
chr11	61066922	61100577
chr18	28569330	28622708
chr1	197007870	197036390
chr13	41129803	41240778
chr12	65107228	65153186
chr17	46605887	46608373
chr11	68671358	68708069
chr5	35856992	35879705
chr5	158741787	158757495
chr1	160007256	160039950
chr3	49158546	49170483
chr2	136545419	136594754
chr1	59041104	59042924
chr2	47596449	47614159
chr14	50087516	50090199
chr22	24236569	24237410
chr2	27532359	27545964
chr11	67798147	67804111
chr1	115828537	115880870
chr8	119935795	119964124
chr20	56136165	56143177
chr12	98987463	99000145
chr21	19641432	19776102
chr10	124221068	124274423
chr11	119531701	119599910
chr17	56769962	56772695
chr18	20513290	20606449
chr10	48381480	48390999
chr13	114321533	114440709
chr6	33267470	33281855
chr8	133879202	134147143
chr6	116596020	116601093
chr12	109535976	109548797
chr14	97263718	97347946
chr12	49359122	49365518
chr4	119201192	119274158
chr6	143771941	143811753
chr17	54911511	54946928
chr2	178257500	178408562
chr1	27695600	27701315
chr13	43148287	43182149
chr2	172639914	172750754
chr6	167335600	167370038
chr2	169777290	169887834
chr6	144471653	144513076
chr8	38854491	38962780
chr11	70049401	70053496
chr8	22877645	22926544
chr2	84650651	84686404
chr13	48516790	48575409
chr6	112375306	112390889
chr3	183853145	183863099
chr2	216176781	216214487
chr15	45003714	45010343
chr22	25595824	25603326
chr6	32808493	32812456
chr15	43524787	43559126
chr8	145736670	145743217
chr11	93517447	93548129
chr17	16120523	16229725
chr9	100615507	100618999
chr2	166604097	166650757
chr16	81115549	81130000
chr2	169983618	170219044
chr5	52391508	52405587
chr1	10535006	10690815
chr15	55495163	55562597
chr3	13857754	13921568
chr19	36316273	36343406
chr19	18704046	18717609
chr11	102447562	102496063
chr22	21213294	21245502
chr13	33590560	33640280
chr11	45931213	45939428
chr9	127243514	127269678
chr12	14765565	14849533
chr20	44637546	44645200
chr15	59424632	59665070
chr12	4758279	4803483
chr7	103112235	103630105
chr11	47459314	47470688
chr1	145507608	145513536
chr1	168250114	168283664
chr11	71950120	71955220
chr22	51017391	51021278
chr2	233404401	233412825
chr3	122044094	122060816
chr1	20978269	20987862
chr7	96649707	96654143
chr16	14014010	14046205
chr11	69624735	69634184
chr16	2034193	2037750
chr5	130494719	130500949
chr1	214522042	214724945
chr12	49372104	49376403
chr9	107543286	107690436
chr5	156607850	156682195
chr1	183155398	183214262
chr18	56995054	57026497
chr3	133651544	133748769
chr3	15491639	15563213
chr13	93879059	95060274
chr5	131892668	131982041
chr7	121713602	121784303
chr1	40723907	40759852
chr4	103551926	103682125
chr8	48873500	48890720
chr2	136597195	136634013
chr10	95372293	95425767
chr6	132129159	132216295
chr12	133200347	133263928
chr5	177419235	177423243
chr2	112656183	112787138
chr14	39501122	39572439
chr3	33155505	33189265
chr19	12917397	12924454
chr20	47538247	47653230
chr12	21284127	21392730
chr1	120254556	120286838
chr7	27139972	27142302
chr11	747463	765012
chr6	31926951	31937528
chr12	85673997	85695562
chr12	91444267	91451801
chr10	79734906	79789273
chr3	129693562	129696778
chr1	216347287	216596790
chr3	131181055	131221815
chr19	50364460	50370833
chr5	177027132	177037331
chr14	60975863	60979568
chr2	204801485	204826300
chr5	169532900	169536738
chr9	37422692	37436987
chr16	83932719	83960636
chr17	40554466	40575274
chr2	113816774	113822321
chr18	59708396	59854289
chr1	220321634	220445795
chr12	124196899	124246302
chr1	63833297	63904224
chr17	45810601	45823488
chr14	77741298	77787226
chr5	78293386	78365497
chr6	108362612	108395945
chr3	128598462	128631957
chr1	213031616	213072705
chr14	75469623	75479069
chr5	178537853	178772462
chr13	41363746	41386596
chr16	46723570	46732306
chr2	191068645	191184552
chr11	134123461	134135749
chr15	85291822	85349676
chr5	94799597	94890681
chr16	1560427	1662073
chr1	55315299	55352868
chr9	131707808	131709882
chr15	101715931	101792253
chr1	67465032	67519831
chr20	8112912	8865547
chr8	100025501	100222015
chr14	68213238	68283307
chr1	25870096	25895377
chr10	70748558	70776738
chr2	215796265	215896810
chr2	150426150	150444289
chr2	15307039	15701458
chr7	66452666	66460573
chr10	75008606	75012402
chr18	44679204	44702735
chr9	139981436	140003635
chr17	18012069	18083114
chr3	100941389	101039419
chr22	24891299	24924358
chr14	51192545	51297880
chr14	96001386	96011051
chr7	37888198	37939999
chr11	65633911	65640271
chr19	39989586	39999109
chr4	25121635	25162071
chr12	54332614	54340328
chr8	145106166	145115595
chr20	6055491	6103677
chr19	14017013	14041692
chr7	766335	826112
chr8	57870489	57906426
chr15	68499329	68522066
chr7	30050202	30066318
chr6	107811320	107982510
chr10	30598729	30638207
chr17	46018936	46026674
chr4	122748881	122791629
chr13	25456416	25496999
chr4	56262123	56292342
chr15	34633919	34635337
chr10	12110952	12165220
chr17	71189193	71204646
chr20	10385427	10412573
chr8	1711954	1734736
chr1	155112366	155112883
chr8	87586406	87755862
chr2	97426638	97477611
chr7	192570	300738
chr1	227127994	227175245
chr16	57481390	57495182
chr11	818913	825573
chr6	107473765	107780768
chr8	143822366	143823824
chr22	50656122	50683452
chr19	7587509	7598895
chr7	138391038	138482941
chr21	43159532	43187212
chr6	44266467	44281084
chr18	43427573	43547295
chr10	71331453	71333178
chr12	49480438	49488584
chr3	190023495	190040235
chr9	80912040	80945009
chr7	92076795	92089389
chr16	75505949	75529339
chr16	27438591	27463363
chr12	21689040	21757781
chr11	130029676	130080257
chr20	44577298	44600842
chr2	44039610	44065978
chr12	10269375	10282798
chr3	151054630	151102541
chr16	74746866	74808718
chr12	102139276	102224737
chr16	4846968	4852634
chr4	56212408	56239267
chr11	66278105	66301069
chr16	23614485	23652631
chr12	76738253	76742195
chr1	38000049	38019894
chr14	50709151	50778947
chr4	56815110	56899527
chr17	8128132	8151374
chr12	88442792	88535865
chr19	41860321	41870054
chr17	44839871	44896058
chr20	45338287	45364986
chr16	88870196	88875666
chr11	67758570	67771567
chr4	140375274	140397763
chr19	46913585	46916821
chr11	65485143	65488269
chr1	20959950	20978004
chr16	3631181	3661607
chr16	1401931	1414114
chr2	71336816	71357359
chr20	30225714	30232809
chr12	122064454	122079946
chr3	43120725	43147571
chr6	158530550	158589294
chr19	3880682	3928080
chr2	55861195	55920979
chr9	139258407	139268121
chr12	109991519	110011309
chr22	42318035	42322810
chr11	65784222	65793950
chr1	55464605	55482845
chr15	40763182	40765357
chr2	44113362	44223128
chr19	3585475	3593539
chr18	57098170	57364655
chr9	2717509	2730037
chr15	43015741	43029326
chr6	51480096	51952411
chr7	40165625	40174221
chr9	136287486	136324508
chr15	100511641	100882180
chr15	65293849	65321977
chr15	40886446	40956540
chr2	88991190	89050446
chr20	5279863	5297600
chr18	47753562	47792865
chr1	159994742	160001780
chr7	151653530	151717014
chr17	17921334	17942482
chr5	179220986	179223648
chr2	170336003	170363165
chr14	68168602	68201168
chr3	196195653	196230639
chr17	42081989	42086436
chr3	132399452	132441253
chr22	20778873	20792112
chr12	1901128	2027818
chr19	15619335	15663128
chr3	49209030	49213919
chr6	117198404	117253324
chr12	63952692	64062273
chr15	43235094	43398236
chr14	74417004	74430373
chr6	35773128	35791847
chr14	74706151	74729441
chr4	108852704	108874617
chr13	31774111	31906413
chr4	110769262	110793471
chr6	18120670	18122908
chr17	35441926	35766927
chr17	73823305	73840485
chr6	158589381	158620376
chr17	73512608	73520816
chr4	187112720	187134617
chr13	39261213	39461268
chr15	45406523	45410619
chr9	35657747	35658015
chr2	122288455	122288585
