chr12	9220418	9268445
chr12	9220418	9268445
chr12	9220418	9265102
chr12	9220418	9264787
chr12	52306258	52314677
chr12	52306258	52314677
chr14	73614727	73685997
chr14	73614727	73685997
chrX	55035612	55052433
chrX	55035612	55052433
chrX	55035612	55054240
chrX	152990721	153009189
chr1	115215734	115238092
chr1	115215734	115238191
chr8	41518983	41655056
chr8	41513245	41522541
chr8	41513245	41753998
chr8	41513245	41655056
chr8	41513245	41655056
chr8	41513245	41655056
chr8	41518983	41522541
chr8	41513245	41522541
chr5	112090587	112179823
chr2	128177518	128186522
chr5	112090587	112179823
chr5	112043414	112179823
chr5	112090587	112179823
chr5	112090587	112179823
chr5	112043414	112179823
chr5	112074097	112179823
chr5	112090587	112179823
chr5	112102064	112179823
chr5	112102064	112179823
chr5	112043414	112179823
chr5	112090587	112179823
chr5	112074097	112179823
chr5	112102064	112179823
chr5	112151206	112179823
chr2	128176022	128186522
chr2	128176022	128186522
chr2	128176022	128186522
chr2	128177518	128186522
chr2	128176022	128186522
chr2	128176022	128186522
chr2	128177518	128186522
chr2	128176022	128186522
chr2	128177518	128186522
chr2	128177518	128186522
chr2	128177518	128186522
chr11	116706523	116708103
chr11	116706523	116708103
chr11	116706523	116708103
chr11	116706523	116707000
chr10	90750633	90774207
chr10	90750633	90773876
chr17	80037018	80054321
chr10	90750633	90774207
chr10	90750633	90773887
chrX	66764988	66943683
chrX	66788844	66943683
chr7	134127479	134133868
chrX	66764988	66914564
chrX	66764988	66909459
chrX	66764988	66905885
chr7	134127479	134143814
chr4	75311062	75318354
chrX	2852872	2878441
chrX	2852872	2877741
chrX	2852872	2878441
chrX	2852872	2886196
chrX	2852872	2877741
chrX	77227138	77302067
chrX	77227138	77302067
chrX	153170599	153172182
chrX	153170599	153171890
chr13	32890597	32972907
chrX	100604872	100630272
chrX	100604872	100645537
chrX	100604872	100630272
chr11	57365743	57382054
chr11	57365743	57382054
chr19	13318859	13617038
chr19	13318859	13617038
chr19	13318126	13617038
chr19	13318859	13617038
chr19	13318126	13617038
chr1	201008958	201081467
chrX	135730407	135741574
chr11	2905233	2906719
chr11	2905233	2906686
chr11	2905233	2906686
chr11	2905233	2906719
chr11	2905003	2906686
chr9	21968227	21974826
chr9	21968723	21974826
chr9	21968227	21971204
chr9	21971001	21994330
chr9	21974475	21974826
chr16	56995891	57017578
chr16	56995891	57017578
chrX	49834580	49856876
chrX	49689908	49856876
chrX	49689908	49856876
chrX	49689908	49807103
chrX	49834386	49856876
chr2	189839215	189876500
chr9	137534033	137734149
chr9	137534033	137734149
chr19	18893724	18902078
chr3	98299526	98312348
chr20	23614552	23618499
chr20	23614552	23618499
chrX	31140035	33357382
chrX	31140035	33229429
chrX	31140035	33146282
chrX	31140035	32834745
chrX	31140035	32430326
chrX	31140035	32430174
chrX	31140035	31792238
chrX	31140035	31526354
chrX	31140035	31284946
chrX	31139949	31284946
chrX	31140035	31284946
chrX	31139949	31284946
chrX	31196781	31284946
chrX	31140035	31792238
chrX	31139949	31792238
chrX	31139949	31792238
chrX	31139949	31792238
chr9	132576250	132586364
chrX	153640180	153649343
chr3	149238591	149375093
chr3	149238591	149375093
chrX	153640180	153649343
chr3	149238591	149375093
chr3	149238591	149375093
chrX	153640180	153649343
chrX	153640180	153649343
chrX	153640180	153649343
chrX	153607844	153609557
chr9	130578195	130616634
chr9	130577960	130616634
chr9	130577960	130588116
chrX	154065871	154250827
chrX	154065871	154114432
chrX	138612923	138644230
chrX	138612923	138644230
chr15	48703186	48936966
chr4	1795661	1808989
chr4	1795661	1808989
chr4	1795661	1808989
chr4	1795661	1809015
chr4	1795661	1808989
chr19	49468764	49469992
chr7	44184734	44228552
chr11	64557008	64570621
chr7	44183833	44228552
chr7	44184734	44186225
chr7	44183833	44185208
chr7	44184734	44185725
chr11	64557008	64570621
chr7	44184734	44198719
chr7	44184734	44197713
chr7	44184734	44228552
chrX	30671654	30746859
chrX	30671654	30746859
chrX	30671654	30746859
chr7	44183833	44228552
chr7	44184734	44186225
chr7	44183833	44185208
chr7	44184734	44185725
chr7	44184734	44198719
chr7	44184734	44197713
chrX	30671654	30746859
chrX	70443557	70444409
chrX	70443557	70444409
chr7	42003927	42262852
chrX	100652796	100662891
chr2	73868071	73868755
chr3	50229158	50232388
chr3	50229158	50232388
chr5	142661453	142780404
chr5	142661453	142780404
chr5	142661453	142780404
chr5	142661453	142780404
chr5	142661453	142780404
chr5	142658928	142780404
chr5	142661453	142780404
chr5	142661453	142780326
chr5	142661453	142780149
chr5	142661453	142780137
chr5	142661453	142780113
chr5	142661453	142779459
chr5	142661453	142779414
chr5	142661453	142779399
chr5	142675016	142780404
chr5	142661453	142780404
chr5	142661453	142780404
chr5	142661453	142780404
chr5	142661453	142780404
chr5	142661453	142780404
chr5	142661453	142780404
chr9	124062139	124094881
chr9	124064249	124094881
chr9	124044729	124094881
chr9	124064249	124094881
chr9	124064249	124094881
chr9	124062380	124094881
chr9	124062380	124094881
chr9	124048421	124094881
chr9	124049024	124094881
chr9	124064249	124094881
chr9	124064249	124094881
chr9	124064249	124094881
chr9	124064249	124094881
chr9	124064249	124094881
chr9	124064249	124094881
chr9	124064249	124094881
chr9	124064249	124094881
chr9	124064249	124094881
chr9	124064249	124094881
chr9	124062380	124094881
chr9	124062380	124094881
chr9	124062380	124094881
chr9	124062380	124094881
chr9	124062380	124094881
chr9	124062380	124094881
chr9	124062380	124094881
chr9	124062380	124094881
chr9	124062380	124094881
chr9	124062380	124094881
chr9	124062380	124094881
chr9	124062380	124094881
chr9	124062380	124094881
chr9	124062380	124094881
chr9	124062380	124094881
chr9	124074757	124094881
chr9	124064249	124094881
chr11	5274506	5275958
chr22	21133600	21141354
chr1	196621247	196716443
chr1	196621247	196670461
chrX	135279271	135292184
chrX	135288591	135292184
chrX	135278961	135292184
chrX	135288591	135292113
chrX	135288591	135292113
chrX	135288591	135292184
chrX	135288591	135292184
chrX	135279271	135292113
chrX	135288591	135292113
chrX	135288591	135292113
chrX	135288591	135292113
chrX	135288591	135292184
chrX	135288591	135292184
chrX	135288591	135292184
chrX	135288591	135292184
chr11	118955743	118963993
chr11	118958982	118963993
chr11	118955743	118963993
chr11	118958982	118963993
chr12	114793336	114841703
chr12	114793336	114839722
chr12	114793336	114841703
chr7	155595593	155604816
chr7	155592700	155599443
chrX	133594341	133634107
chrX	148564276	148586667
chrX	148564276	148585700
chrX	148568818	148586667
chrX	70327585	70331389
chr11	2181081	2182201
chr11	2181081	2182201
chr11	2181081	2182201
chr11	2181081	2182201
chr20	10620145	10654178
chrX	8501035	8700077
chr12	5020544	5022032
chr4	55524181	55604723
chr4	55524181	55604723
chr4	55524181	55604723
chr4	55524181	55604723
chr4	55524181	55604723
chr4	55524181	55604723
chr4	55524181	55604723
chr4	55524181	55604723
chr17	39017912	39023438
chr17	39723524	39728244
chr7	150642452	150675001
chr7	150646986	150652591
chr7	150646986	150675001
chr7	150642452	150652591
chr12	69742188	69746999
chrX	43515589	43603760
chrX	43571211	43603760
chr11	64571805	64577581
chr11	64571805	64577581
chr11	64571805	64577581
chr11	64571805	64577581
chr11	64571805	64577581
chr11	64571805	64577581
chr11	64571805	64577581
chr11	64571805	64577581
chr11	64571805	64577581
chr11	64571805	64577581
chr11	64571805	64577581
chr11	64571805	64577581
chr11	64571805	64577581
chr7	116339138	116436178
chr7	116339138	116436178
chr18	13731516	13762159
chr7	116339138	116409920
chr7	116371811	116436178
chr18	13734579	13759978
chr18	13731516	13762159
chr18	13731516	13759978
chr18	13731516	13759978
chr3	69985873	70014399
chr3	69928336	70014399
chr3	69985873	69987517
chr3	69788748	70014399
chr3	69788748	70014399
chr3	69788748	70014399
chr3	69843613	70014399
chr3	69928336	70014399
chr3	69812992	70014399
chr3	69985873	70014399
chr3	69788748	70014399
chr3	69915441	70014399
chr3	69985873	70014399
chrX	149761076	149840068
chrX	149761076	149840068
chrX	149761076	149840068
chrX	149761076	149840068
chr11	47353421	47374198
chr14	23882062	23902941
chr1	171605064	171621751
chr9	98209193	98270643
chr9	98209193	98278753
chr9	98209193	98279102
chr9	98209193	98248097
chr9	98209193	98248097
chr9	98209193	98248097
chr9	98209193	98248097
chr9	98209193	98270643
chr9	98244226	98278753
chrX	43809044	43817891
chr17	29422327	29701173
chr17	29422327	29701173
chr17	29422327	29549008
chr22	29999987	30090791
chr22	29999987	30079044
chr22	29999987	30079044
chr22	29999987	30079044
chr22	29999987	30079044
chr22	29999987	30079044
chr22	29999987	30079044
chr22	29999987	30079044
chr22	29999987	30090791
chr17	49233015	49239206
chr17	49231734	49239206
chrX	9693785	9733857
chrX	128674416	128724247
chrX	128674416	128724247
chrX	128674416	128724247
chr10	102506017	102587376
chr10	102495465	102587376
chr10	102495465	102506944
chr10	102506017	102587376
chr10	102506017	102586852
chr10	102506017	102587440
chr10	102506017	102587440
chrX	19362155	19377771
chrX	19362155	19377771
chrX	19362155	19377771
chrX	19362155	19377771
chrX	77359837	77381327
chrX	18911602	19002050
chr16	2139727	2185690
chr16	2139727	2185690
chr4	88928885	88996846
chr19	47177779	47219627
chr19	47177779	47219627
chr19	47177779	47214203
chr19	47177779	47219627
chrX	82763332	82764418
chr1	161136637	161140966
chr1	161136637	161140966
chr1	161136637	161140966
chr1	161137873	161140966
chr1	161138236	161140966
chr1	161138236	161140966
chr1	161136637	161140966
chr1	161136637	161140966
chr1	161137873	161140966
chr1	161138236	161140966
chr17	40336171	40337383
chr20	4679866	4680628
chr20	4679866	4680628
chr20	4679866	4680628
chr20	4679866	4680628
chr20	4679955	4680177
chr20	4679866	4680628
chr11	13513951	13514402
chr17	57774799	57776234
chr11	13513951	13517679
chr17	57774799	57775339
chr13	48878048	49054207
chr6	42666032	42690072
chr11	62380753	62382311
chrX	18660123	18690188
chr1	15986363	15988217
chr6	16306559	16328541
chr6	16306559	16328541
chr6	16327954	16328512
chr3	63898274	63985143
chr3	63953587	63985143
chr3	63898274	63985235
chr3	63898274	63985143
chr3	63898274	63985143
chr17	62018130	62050201
chr4	90647778	90756818
chr4	90647778	90756818
chr4	90647778	90756818
chr4	90647778	90756818
chr4	90647778	90756818
chr4	90647778	90756818
chr4	90647778	90756818
chr4	90647778	90692709
chr4	90647778	90756818
chr17	70117532	70120528
chrX	7171240	7268302
chrX	7109017	7268302
chrX	7109017	7268302
chrX	7171240	7268302
chrX	7171240	7268302
chrX	7171240	7268302
chrX	105277490	105281049
chr5	149737309	149778611
chr5	149737309	149763318
chr5	149737309	149778611
chr5	149737309	149778611
chr5	149737309	149778611
chr5	149737309	149778611
chr5	149737309	149778611
chr5	135364744	135398915
chr22	33197987	33255364
chr19	55663201	55668957
chr3	52485290	52488031
chr1	201328337	201342382
chr1	201328337	201342382
chr1	201328337	201342382
chr1	201328337	201342382
chr1	201328337	201342382
chr1	201328337	201342382
chr1	201328337	201342382
chr12	6976730	6979547
chr12	6976619	6979547
chr12	6978269	6979547
chr15	63335028	63356345
chr15	63335028	63363371
chr15	63335028	63358098
chr15	63335028	63363371
chr15	63335028	63363371
chr15	63340774	63362142
chr15	63335028	63363371
chr15	63335028	63358098
chr15	63340774	63363371
chr15	63340774	63363371
chr15	63340774	63358098
chr15	63340774	63362142
chr15	63335028	63362142
chr15	63335028	63358186
chr15	63335028	63363371
chr15	63335028	63356345
chr15	63340774	63358186
chr15	63340774	63356345
chr15	63340774	63356345
chr9	135771621	135804259
chr9	135771621	135804259
chr9	135771621	135804259
chr9	135771621	135798879
chr18	29171865	29178638
chr1	45477937	45481170
chrX	48542242	48549553
chrX	10417407	10535587
chrX	10417407	10535587
chrX	10417407	10535587
chrX	10437551	10535587
chrX	10437551	10535587
chrX	10437551	10535587
chrX	10417407	10535587
chrX	10417407	10535587
chrX	10417407	10535587
chr2	21224601	21266817
chr3	121973036	122004038
chr3	121973036	122004038
chrX	85119634	85302536
chr1	161275665	161279695
chrX	85226571	85302536
chr1	161275473	161279695
chrX	85119634	85218927
chrX	85119634	85218927
chrX	85119634	85218927
chrX	85119634	85218927
chr2	189898795	190044330
chrX	37639330	37670170
chr10	64572966	64575789
chr2	175664843	175869640
chr10	64572966	64575789
chr10	64572966	64575789
chr10	64572966	64575639
chr2	175664843	175711859
chr10	64572966	64575639
chr2	175664843	175869640
chr2	175664843	175869640
chr2	175664843	175869640
chr11	44117802	44265837
chr11	44129262	44265837
chr11	44129262	44265837
chrX	153760214	153775085
chrX	153760214	153774370
chrX	153760214	153774370
chrX	153713877	153714923
chr3	33038536	33138577
chr4	152043242	152096515
chr3	33038536	33114190
chr4	152043242	152096515
chr4	152043242	152096515
chr3	33038536	33138577
chr4	152043242	152096515
chr3	33038536	33138577
chr4	152043242	152246504
chr4	152043242	152246504
chr4	152043242	152102856
chr4	152043242	152102856
chr4	152043242	152096515
chr4	152043242	152096515
chr4	152043242	152096515
chr4	152043242	152096515
chr4	152043242	152096515
chr4	152043242	152096515
chrX	48382159	48386845
chr6	42141351	42147141
chr6	42141351	42147141
chr6	42141351	42147141
chr6	42141351	42147141
chr3	186383820	186395672
chr8	31496910	32621920
chr8	32579520	32620856
chr8	31496910	32621920
chr8	31496910	32621920
chr8	32406244	32585600
chr8	32406244	32620856
chr8	32406244	32600286
chr8	32406244	32585600
chr8	32406244	32617928
chr8	32579520	32621920
chr8	32611963	32621920
chr8	32611963	32621920
chr8	32505236	32621920
chr8	32505236	32620856
chr8	32505236	32617928
chr8	32406244	32585600
chr8	32406244	32621920
chr8	32406244	32621920
chr8	32406244	32600286
chr8	32505236	32600286
chr8	32406244	32620856
chr8	31497500	32600286
chr8	32406244	32621920
chr17	38974727	38978837
chr17	38974627	38978837
chr17	39775845	39780761
chr12	53038802	53045926
chr12	52908725	52914080
chrX	153128117	153141291
chrX	153128117	153141291
chrX	153128117	153141291
chrX	153128117	153141291
chr12	111348880	111358333
chr19	15271472	15311716
chrX	22051123	22266070
chrX	22051123	22265985
chr7	94928255	94953787
chr1	227069608	227083280
chr1	227069608	227083280
chr19	1206912	1226646
chr20	43030012	43058305
chr12	121416571	121438995
chr20	42984444	43058305
chr20	42984444	43053019
chr20	43030124	43058305
chr20	43019279	43058305
chr20	43019279	43058305
chr20	43019279	43053019
chr12	121416571	121438995
chr20	42984444	43058305
chr20	43030012	43058305
chr20	43030012	43053019
chr17	36047374	36104875
chr17	36047374	36104875
chr17	36047282	36104875
chr9	27109588	27229230
chr9	27109588	27229230
chr9	27109588	27229230
chr9	27109588	27229230
chr9	27109588	27229230
chr3	184090300	184094047
chr3	184090300	184094047
chr3	184090385	184094047
chr3	184090385	184094047
chr3	184090300	184094047
chr3	184090300	184096137
chr3	184090300	184094047
chr3	184090385	184094047
chr3	184090385	184094047
chr3	184090300	184094047
chr15	25584283	25653795
chr15	25584283	25654254
chr15	25584283	25650609
chr15	25584283	25650609
chr15	25584283	25650609
chr15	25584283	25650609
chr15	25584283	25650609
chr15	25584283	25650609
chr15	25584283	25650609
chr15	25584283	25638894
chr15	25584283	25650609
chr15	25584283	25654254
chr15	25584283	25650609
chr15	25584283	25650609
chr15	25584283	25650609
chr15	25584283	25650609
chr15	25584283	25650609
chr15	25584283	25650609
chr15	25584283	25654254
chr15	25584283	25620795
chr15	25584283	25650609
chr15	25584283	25650609
chr15	25584283	25650609
chr15	25584283	25654254
chr15	25584283	25650609
chr15	25584283	25650609
chr15	25584283	25650609
chr15	25584283	25654254
chr7	19156335	19156944
chrX	30322695	30327480
chr21	27253980	27542938
chr21	27253980	27512512
chr21	27253980	27542938
chr21	27253980	27542938
chr21	27253980	27484415
chr21	27253980	27542938
chr21	27253980	27542938
chr21	27253980	27542938
chr21	27253980	27542938
chr21	27253980	27542938
chr21	27253980	27542938
chrX	76763828	77041487
chrX	76763828	77041487
chr20	3063275	3065320
chr21	34697360	34727855
chr1	247582102	247611806
chr1	247582102	247611806
chr1	247582102	247611806
chr1	247582102	247611806
chr21	34697360	34730065
chr21	34697360	34727632
chr21	34717640	34727855
chr21	34697360	34727855
chr21	34715659	34727855
chr21	34697360	34727855
chr21	34713311	34727855
chr1	247582096	247611806
chr1	247582102	247611806
chr6	116441235	116446655
chrX	107683355	107939608
chrX	107683355	107939608
chr22	25617396	25627739
chr15	75012829	75015438
chr15	75012829	75015438
chr15	75012829	75015438
chr7	73442517	73483030
chr7	73442517	73483030
chr7	73442517	73483030
chr7	73442517	73483030
chr7	73442517	73483030
chr17	73643456	73643645
chr7	73442517	73483030
chr7	73442517	73483030
chr7	73442517	73483030
chr7	73442517	73483030
chr7	73442517	73483030
chr7	73442517	73483030
chr7	73442517	73483030
chr7	73442517	73483030
chr8	72111574	72267140
chr8	72111574	72267140
chr8	72111574	72234035
chr8	72111574	72448011
chr8	72111574	72267140
chr8	72111574	72267140
chr8	72111574	72448011
chr8	72111574	72267140
chr8	72111574	72448011
chrX	153448166	153461531
chr5	37815752	37834898
chr5	37815752	37835760
chr5	37815752	37835760
chr5	37815752	37816232
chr5	37815752	37834898
chr20	57466781	57485884
chr20	57466781	57485884
chr20	57466781	57485884
chr20	57428507	57430388
chr20	57470704	57485884
chr20	57466781	57475010
chr20	57470704	57485884
chr20	57428507	57430388
chr20	57415161	57415899
chr20	57428320	57485884
chr20	57466781	57485884
chr16	222911	223599
chr11	5254193	5255663
chr7	27237816	27239696
chr2	176957618	176959458
chr19	11200224	11241992
chr19	11200224	11241992
chr19	11200224	11241992
chr19	11200224	11241992
chr19	11200224	11241992
chrX	38211949	38280335
chrX	103031923	103045526
chrX	103031923	103045526
chrX	103031923	103045526
chrX	103031923	103045526
chr12	121416571	121438995
chr12	121416571	121438995
chr16	2098616	2138611
chr16	2098616	2138611
chr16	2098616	2138611
chr16	2098616	2138611
chr16	2100409	2138611
chr16	2106197	2138611
chr16	2098270	2138611
chr16	2098616	2138611
chr16	2098616	2138611
chr16	2098616	2138611
chr16	2098616	2138611
chr19	48337700	48343224
chrX	110544914	110654202
chrX	110544914	110653626
chrX	110544914	110653626
chrX	110544914	110653626
chrX	110544914	110653626
chrX	110544942	110653626
chrX	110544942	110653626
chrX	110544914	110653626
chrX	110544914	110653626
chrX	110544914	110653626
chr16	226715	227410
chr11	5269588	5271034
chr12	6909304	6928495
chr12	6925151	6928495
chr12	6925433	6928495
chr12	6925433	6928495
chr12	6925433	6928495
chr12	6925433	6928495
chr12	6925433	6928495
chr12	6909304	6928495
chr12	6909304	6928495
chr1	172628341	172635156
chr1	172628341	172633509
chr19	41836956	41858949
chr8	18079556	18080429
chr11	10819362	10828842
chr16	55690606	55736258
chr8	18079556	18080429
chr8	18079556	18080429
chr8	18079556	18080429
chr8	18079556	18080429
chr8	18079556	18080429
chr8	18074402	18080429
chr8	18074402	18080429
chr8	18079556	18080429
chr16	55690606	55736258
chr16	55705758	55736258
chr16	55690606	55739184
chr11	10819362	10828842
chr8	18074402	18080429
chr11	10819362	10828842
chr3	50251632	50257609
chr9	75516123	75567916
chr1	160085651	160111112
chr22	43555244	43558997
chr2	120124627	120129894
chr2	120125495	120129894
chr2	120124912	120129894
chr2	120124627	120129894
chr2	120125160	120129894
chr2	120124627	120129894
chr22	43555244	43558997
chr22	43555244	43558997
chr2	120125160	120129894
chr2	120125160	120129894
chr2	120125160	120129894
chr2	120125826	120129894
chr2	120125826	120129894
chr2	120125160	120129894
chr17	58227395	58236785
chr12	2162728	2800365
chr12	2162728	2800365
chr12	2162728	2800365
chr12	2162728	2800365
chr12	2162728	2800365
chr12	2162728	2800365
chr12	2162728	2800365
chr12	2162728	2800365
chr12	2162728	2800365
chr12	2162728	2800365
chr12	2162728	2800365
chr12	2162728	2800365
chr12	2162728	2800365
chr12	2162728	2800365
chr12	2162728	2800365
chr12	2162728	2800365
chr12	2162728	2800365
chr12	2162728	2800365
chr12	2162728	2800365
chr12	2162728	2800365
chr12	2162728	2800365
chr12	2162728	2800365
chr12	2162728	2800365
chr10	18550198	18828653
chr10	18430108	18828653
chr10	18550198	18828653
chr10	18689960	18828653
chr10	18430108	18828653
chr10	18430108	18828653
chr10	18629855	18828653
chr10	18429665	18828653
chr10	18429665	18828653
chr10	18429665	18828653
chr8	27319145	27328575
chr8	27319145	27328575
chr8	27319145	27321482
chr8	27319145	27321482
chr8	27319145	27321365
chr8	27319145	27321365
chr20	61978089	61992517
chr20	61978089	61982234
chr9	131857675	131872788
chr9	131857675	131870320
chr9	131857675	131871411
chr9	131857675	131872788
chr9	131857675	131870320
chr9	131857675	131872788
chr11	34460560	34492980
chr9	131857675	131870320
chr11	58478058	58491969
chr11	58477238	58491969
chr1	36931957	36945097
chr1	36931957	36945097
chr1	36931696	36945097
chr15	75042079	75047429
chr19	41349700	41356331
chr10	96698439	96748785
chr4	71859552	71895095
chr1	54359883	54375672
chr1	54359883	54375672
chr1	54359883	54375608
chr20	61510584	61542964
chr20	61522282	61542964
chr1	54359883	54375608
chr20	61537137	61542964
chr20	61510584	61542964
chr20	61537137	61542964
chr20	61522282	61542964
chr1	54359883	54375672
chr11	113281448	113295373
chr11	113281448	113295373
chr15	26792939	27018109
chr15	26792939	26866666
chr15	26792939	26874150
chr15	26792939	26866666
chr15	26792939	27018871
chr5	161495005	161580374
chr5	161495005	161580374
chr5	161495005	161580112
chr5	161495005	161580374
chr5	161495005	161580374
chr5	161495005	161580374
chr5	161495005	161580374
chr5	161495071	161580374
chr5	161495071	161580374
chr5	161494627	161580374
chr5	161524736	161580374
chr5	161522526	161580374
chr5	161524736	161580374
chr5	161495005	161580374
chr5	161495005	161580374
chr21	34876430	34911621
chr21	34876430	34911621
chr21	34876430	34911621
chr7	30634699	30673476
chr7	30634537	30673476
chr21	34897071	34911621
chr8	25276934	25280858
chr8	25276934	25280846
chrX	122318387	122616895
chrX	122318387	122338270
chrX	122318387	122616895
chr16	9857005	10274268
chr16	9857005	10274268
chr16	9857211	10274268
chr11	128781168	128786626
chr11	128781168	128786626
chr17	68171180	68172464
chr19	49519324	49520338
chrX	43626712	43741545
chr12	88898972	88974055
chr12	88898972	88974055
chr4	149002494	149358012
chr4	149002494	149358012
chr4	149002494	149358012
chr17	79801887	79818347
chr8	42033510	42050703
chr8	42033510	42050703
chr8	42033510	42050703
chr20	9288461	9459656
chr20	9288461	9459636
chr20	9288461	9459656
chr20	9288461	9459656
chr20	9288461	9459636
chr20	9288461	9459656
chr20	9288461	9459656
chr20	9288461	9459636
chr17	38487470	38512478
chr17	38498956	38512478
chr17	38487470	38512478
chr17	38487470	38512478
chr1	93297671	93307422
chr1	24018313	24022863
chr1	24018313	24022863
chr4	9828020	10027590
chr4	9828020	10023053
chr19	11546938	11560227
chr19	11546938	11560227
chr19	11546938	11560227
chr19	11546938	11560227
chr19	11546938	11560227
chr19	11546938	11560227
chr19	11546938	11560227
chrX	152801705	152845756
chrX	152801705	152845461
chr20	57227062	57251347
chr20	57227062	57251347
chr20	57227062	57251347
chr20	57242560	57251347
chr20	57227062	57251347
chr3	130613613	130735033
chr3	130613613	130735091
chr3	130613613	130735091
chr3	130613613	130720194
chr3	130569664	130735091
chr3	130569664	130720194
chr3	130569664	130735091
chr3	130649301	130735091
chr3	130649301	130720194
chr3	130613613	130735033
chr3	130569664	130735091
chr3	130613613	130735091
chr3	130613613	130735091
chr3	130649301	130735091
chr3	130613613	130720194
chr3	130613613	130720194
chr5	176047811	176056655
chr5	176047811	176056655
chr5	176047811	176056655
chr5	176047811	176056655
chr5	176047811	176056655
chr5	176047811	176056655
chr5	176047811	176056655
chr8	97156790	97172920
chr21	36164431	36259409
chr21	36193964	36259409
chr21	36164431	36421196
chr10	99498234	99519057
chr10	99498234	99519057
chr10	99498234	99519057
chr10	99498234	99519057
chr10	99504511	99519057
chr10	99498234	99519057
chr10	99498234	99519057
chr10	99498234	99519057
chr10	99498234	99519057
chr10	99498234	99519057
chr10	99498234	99519057
chr10	99498234	99519057
chr10	99498234	99519057
chr10	99498234	99519057
chr10	99498234	99517635
chr10	99498234	99517635
chr10	99498234	99517635
chr10	99498234	99519057
chr10	99498234	99519057
chr10	99498234	99519057
chr10	99498234	99519057
chr10	99498234	99519057
chr10	99502857	99519057
chr10	99502857	99519057
chr10	99502857	99519057
chr10	99502857	99519057
chr10	99502857	99519057
chr10	99502857	99519057
chr10	99502857	99519057
chr10	99502857	99519057
chr10	99502857	99519057
chr10	99498400	99519057
chr10	99498400	99519057
chr10	99498234	99519057
chr10	99498234	99519057
chr10	99498400	99519057
chr10	99498400	99519057
chr10	99498400	99519057
chr10	99498234	99519057
chr10	99498234	99519057
chr10	99498234	99519057
chr10	99504511	99519057
chr10	99498400	99519057
chr10	99498234	99519057
chr10	99498400	99519057
chr10	99498234	99519057
chr1	161633031	161647343
chr1	161633031	161647343
chr1	161633031	161647343
chr1	161633031	161647343
chr1	161633031	161647343
chr1	161633031	161647343
chr1	161633031	161647343
chr1	161633031	161647270
chr1	161633031	161647270
chr1	161633031	161647270
chr1	161633031	161647270
chr1	161633031	161647343
chr10	8097618	8115986
chr10	8097618	8115986
chr17	36482347	36499672
chr12	32945357	33049665
chr12	32945357	33049665
chr19	10828918	10941723
chr19	10828918	10941723
chr19	10828918	10941723
chr19	10828918	10941723
chr19	10828918	10941723
chr17	74467714	74477606
chr17	74467714	74477606
chr17	74467714	74477606
chr17	74467714	74477606
chr17	74467714	74477606
chrX	68836152	69255459
chrX	68836152	69080699
chrX	68836152	69255459
chrX	68836152	68890104
chrX	68836152	69255459
chr22	29083884	29130709
chr22	29083884	29115402
chr22	29083884	29130709
chr22	29083884	29130709
chr22	29083884	29130709
chr12	7043164	7050943
chr12	7043164	7050943
chr22	24129356	24176367
chr22	24129356	24176367
chr22	24129356	24176367
chr22	24129356	24176367
chr3	100432529	100467375
chr3	100432529	100467375
chr3	100432529	100467375
chr3	100432529	100467375
chr10	13151122	13178866
chr10	13151122	13178866
chr10	13151122	13178866
chr10	13151122	13178866
chrX	128940345	128975921
chrX	128940345	128975921
chr6	29624986	29638962
chr6	29624986	29639227
chr6	29624986	29638962
chr6	29624986	29638656
chr6	29624986	29639227
chr6	29624986	29638962
chr6	29624986	29639227
chr6	29624986	29639227
chr6	29624986	29638962
chr6	29624986	29638962
chr16	20344635	20362059
chr16	20344635	20362059
chr16	20344635	20362059
chr16	20344635	20362059
chr16	20344635	20362059
chr16	20344635	20362059
chr16	20355242	20362059
chr16	20344635	20362059
chr2	120003072	120020914
chr2	120003072	120020914
chr2	120003072	120015221
chr2	119988588	120020914
chr2	136872438	136873509
chr2	136872438	136875630
chr2	136872438	136875630
chr2	136872438	136873452
chr2	136872438	136875630
chr11	85670088	85779822
chr11	85670088	85779822
chr11	85670088	85742630
chr11	85670088	85779822
chr2	3623199	3628472
chrX	119760064	119761021
chrX	119760064	119761021
chrX	13732525	13738082
chrX	13732525	13752251
chrX	13732525	13738082
chr3	71247054	71247532
chr3	71008397	71247532
chr3	71008397	71247532
chr3	71008397	71247532
chr3	71008397	71102906
chr3	71008397	71247532
chr3	71008397	71102906
chr3	71008397	71247532
chr3	71008397	71102906
chr3	71008397	71247532
chr3	71008397	71247532
chr3	71008397	71247532
chr3	71008397	71102906
chr3	71008397	71102906
chr3	71008397	71102906
chr3	71008397	71102906
chr3	71008397	71247532
chr10	86004846	86018395
chr10	86004846	86018395
chr10	86004846	86018395
chr7	91830049	91871449
chr7	91830049	91871449
chr7	91830049	91871449
chr7	91830049	91864862
chr7	91830049	91871449
chr7	91830049	91871449
chr7	91830049	91871449
chr7	91830049	91871449
chr7	91830049	91871449
chr7	91830049	91871449
chr7	91830049	91871449
chr7	91830049	91871449
chr7	91830049	91871449
chr7	91830049	91871449
chr7	91830049	91871449
chr7	91830049	91871449
chr7	91830049	91871449
chr7	91830049	91871449
chr7	91830049	91871449
chr7	91830049	91871449
chr7	91830049	91871449
chr7	91830049	91871449
chr7	91830049	91871449
chr7	91830049	91871449
chr7	91830049	91871449
chr7	91830049	91871449
chr7	91830049	91871449
chr7	91830049	91871449
chr7	91830049	91871449
chr7	91830049	91871449
chr7	91830049	91871449
chr7	91830049	91871449
chr7	91830049	91871449
chr7	91830049	91871449
chr7	1855705	2269768
chr7	1855705	2269768
chr7	1855705	2269768
chr7	1855705	2262265
chr7	1855705	1976497
chr7	1855705	2269768
chr14	105236677	105258980
chr14	105236677	105258980
chr14	105236677	105258980
chr14	105236677	105258980
chr14	105236677	105258980
chr14	105236677	105258980
chr14	105236677	105258980
chr10	78637626	79397400
chr10	78647023	79397400
chr10	78647023	79397400
chr10	78637626	79397400
chr10	78647023	79397400
chr10	79396500	79397400
chr10	79396318	79397400
chr10	79396144	79397400
chr10	78637626	79397400
chr10	78637626	79397400
chr10	78637626	79397400
chr10	78637626	79397400
chr10	78647023	79397400
chr10	78647023	79397400
chr10	78637626	78977302
chr10	79396080	79397400
chr10	78647023	79397400
chr6	45296463	45515042
chr6	45296463	45515042
chr6	45390313	45515042
chr6	45390313	45515042
chrX	133511647	133559360
chrX	133511647	133549252
chrX	133511647	133559360
chr1	155158610	155162634
chr1	155158610	155162634
chr1	155158610	155162634
chr1	155158610	155162634
chr1	155158610	155162634
chr1	155159728	155162634
chr1	155158610	155162634
chr1	155158610	155162634
chr1	155158610	155162634
chr1	155159728	155162634
chr1	155158610	155162634
chr1	155158610	155162634
chr1	155158610	155162634
chr1	155158610	155162634
chr1	155159728	155162634
chr1	155158610	155162634
chr1	155158610	155162634
chr1	155158610	155162634
chr1	155158610	155162634
chr1	155158610	155162634
chr1	155158610	155162634
chr15	83205551	83209179
chr19	42364844	42375445
chr19	42364844	42375445
chr19	42364844	42375445
chr19	42364844	42375465
chr15	34819832	34828113
chr14	93263782	93305791
chr14	21058438	21058882
chr6	31937653	31938728
chr6	31937653	31938728
chr6	31937653	31939452
chr17	17696262	17713295
chr11	44616212	44640676
chr11	44616212	44640676
chr3	30648375	30733091
chr3	30648375	30733091
chr14	65216023	65289812
chr14	65216023	65289812
chr14	65233374	65289812
chr1	154557281	154574232
chr1	154557281	154580482
chr1	154557281	154574232
chr1	154557281	154600471
chr1	154557281	154574232
chr1	154557281	154574232
chr1	154557281	154574232
chr1	154557281	154574232
chr1	154557281	154580482
chr1	154557281	154580482
chr16	55836960	55866967
chr16	55836960	55866967
chr16	55836960	55866967
chr11	298500	299490
chr10	79793659	79800384
chr10	79793659	79799964
chr10	79793659	79797728
chr10	79793659	79797728
chr10	79793659	79814768
chr10	79793659	79799964
chr7	45067303	45115656
chr7	45039932	45115656
chr7	45039932	45115656
chr7	45039932	45115656
chr7	45039932	45115656
chr7	45039932	45115656
chr5	76506750	76722379
chr5	76506750	76722379
chr5	76506750	76722379
chr5	76506750	76722379
chr5	76506750	76722379
chr5	76506750	76722379
chr5	76476275	76722379
chr5	76506750	76722293
chr5	76476275	76722379
chr5	76607851	76722379
chr5	76476275	76722379
chr5	76506750	76722379
chr5	76506750	76722379
chr5	76506750	76722379
chr5	76476275	76722379
chr5	76607851	76722379
chr5	76607851	76722379
chr5	76476275	76722379
chr5	76476275	76722379
chr5	76476275	76722379
chr5	76476275	76722293
chr5	76476275	76722379
chr5	76476275	76722379
chr5	76607851	76722379
chr5	76506750	76722379
chrX	48932461	48935754
chrX	48932461	48935754
chr7	23145645	23213917
chr7	23145645	23165438
chr7	23163419	23213917
chr14	105167702	105185160
chr14	105167702	105181676
chr14	105167702	105170290
chr3	9976122	9986075
chr3	9976122	9986263
chr3	9976122	9986263
chr3	9976122	9986075
chr3	9976122	9986075
chr3	9976122	9986263
chr3	9976122	9986263
chr3	9976122	9986263
chr16	772769	776367
chr16	772677	776367
chr16	772677	776367
chr16	772677	775275
chr16	79632677	79633799
chr16	79628356	79633799
chrX	102192246	102193083
chr9	130374682	130453136
chr9	130374682	130453136
chr9	130413886	130446756
chr9	130413886	130446756
chr9	130413886	130453136
chr9	130413886	130453136
chr9	130413886	130453136
chr9	130413886	130453136
chr9	130374682	130448768
chr9	130374682	130457295
chr9	130374682	130446756
chr9	130374682	130446756
chr6	10398649	10411829
chr6	10398649	10419683
chr6	10398649	10415224
chrX	48761866	48768913
chrX	48762003	48768913
chrX	48760640	48768913
chrX	48761866	48769154
chrX	48762003	48768913
chrX	48762003	48768913
chrX	48762003	48768913
chrX	48760714	48768913
chrX	48755792	48760361
chrX	48755792	48760361
chrX	48755792	48760361
chrX	48755792	48760361
chrX	48755792	48760361
chrX	48755792	48760361
chrX	48755792	48760361
chrX	48755792	48760361
chrX	48755792	48760361
chr17	5405133	5487277
chr17	5418073	5487277
chr17	5418073	5487277
chr17	5418073	5487277
chr17	5418073	5487277
chr3	65342052	66023983
chr3	65342750	66023983
chr3	65342750	66023983
chr3	65346823	66023983
chr3	52436303	52443894
chr3	65346823	66023983
chr1	185056685	185069433
chr3	65342750	66023983
chr1	237205821	237995947
chr1	161284195	161332330
chr1	161284195	161332223
chr1	161284195	161332223
chr1	161284195	161332330
chr1	161284195	161332223
chr19	35521724	35530605
chr19	35523490	35530605
chr19	35521724	35525002
chrX	18525216	18671664
chrX	18525216	18646877
chrX	18525216	18671664
chr5	170814952	170833409
chr5	170814952	170837569
chr5	170818362	170837569
chr5	170814952	170833409
chr5	170814952	170837569
chr5	170814952	170837569
chr5	170814952	170837569
chrX	53458351	53461292
chrX	53458351	53461292
chrX	110924446	110931207
chrX	110924446	111003227
chrX	110924446	110929383
chrX	110928260	111003227
chrX	110925453	111003227
chrX	110928260	111003227
chrX	110928260	110931229
chrX	110928260	111003227
chrX	110928260	110931229
chrX	110928260	110931229
chrX	110925453	110931229
chrX	110924446	110931229
chrX	110928260	110931229
chrX	110924446	111003227
chrX	110928260	111003227
chrX	110928260	110931229
chrX	110924446	110931229
chr2	56094207	56149575
chr2	56094207	56149575
chrX	46359277	46401522
chrX	46359277	46401522
chrX	46359277	46401522
chr16	15802667	15932109
chr16	15797847	15932109
chr16	15797847	15932109
chr16	15802667	15932109
chr2	166152333	166246334
chr2	166152333	166246334
chr2	166152333	166246334
chr2	166152333	166246334
chr2	166152333	166246334
chr16	1859283	1872970
chr16	1859761	1876788
chr16	1859353	1876788
chr16	1859353	1872970
chr16	1859283	1876788
chr16	67198714	67203688
chr16	67198714	67203688
chr16	67198714	67203688
chr16	67198714	67203688
chr16	50783609	50830419
chr16	50783609	50830419
chr16	50783609	50830419
chr16	50783609	50830419
chr16	50783609	50830419
chr16	50783609	50830419
chr16	50783609	50830419
chr16	50783609	50830419
chr16	50783609	50830419
chr16	50783609	50830419
chr16	50783609	50830419
chr16	50783609	50830419
chr16	50783609	50830419
chr16	50785676	50830419
chr16	50785676	50830419
chr16	50783609	50830419
chr4	1902381	1980636
chr4	1902381	1941514
chr4	1902381	1980636
chr4	1902381	1980636
chr4	1902381	1944128
chr4	1902381	1980636
chr13	60240717	60737900
chr13	60240717	60737900
chr13	60240717	60737900
chr13	60240717	60737900
chr13	60348302	60737900
chr13	60435412	60584785
chr13	60348302	60584785
chrX	135067661	135126883
chrX	135067817	135126883
chrX	46466386	46618464
chrX	135067817	135126883
chrX	135067817	135126883
chrX	135067661	135126883
chrX	46466386	46618464
chr11	1944104	1959722
chr11	1944104	1959722
chr11	1944104	1959722
chr11	1944104	1959722
chr11	1944104	1959722
chr11	1944104	1959722
chr11	1944104	1959722
chr11	1944104	1959722
chr11	1944104	1959722
chr11	1944104	1959722
chr11	1944104	1959722
chr11	1944104	1959722
chr11	1944104	1959722
chr11	1944104	1959722
chr11	1954983	1959722
chr11	1954983	1959722
chr11	1944104	1959722
chr16	55690606	55736258
chr16	55690606	55736258
chr16	55705758	55736258
chr16	55690606	55739184
chr17	28525473	28548976
chr4	3076552	3241786
chr16	1128868	1129963
chr16	1128868	1129963
chr12	6438477	6450980
chr12	6438477	6442680
chr12	6438477	6441133
chr17	79495557	79504106
chr17	79495557	79504106
chr19	50713622	50813047
chr19	50713622	50813047
chr20	33563297	33589991
chr19	50713622	50813047
chr2	178494134	178740620
chr2	178494134	178969190
chr2	178494134	178769911
chr2	178494134	178937164
chr2	219135258	219137485
chr2	219135258	219209704
chr2	219187990	219209704
chr12	46582752	46633583
chr12	46582752	46633583
chr12	46582752	46633583
chr12	46582752	46633583
chr12	46589909	46633583
chrX	23801468	23803973
chr4	982620	985491
chr12	46582752	46633583
chr4	973193	985491
chr4	982620	985491
chr14	36986482	36989334
chr14	36986482	36988562
chr5	140896417	140998481
chr5	140896536	140998481
chr5	140896417	140998481
chr1	247582102	247611806
chr1	247582102	247611806
chr1	247582102	247611806
chr1	247582102	247611806
chr1	247582096	247611806
chr1	247582102	247611806
chr16	3777718	3929917
chr16	3777718	3929917
chrX	119660615	119694493
chrX	119660615	119695254
chrX	119660615	119693655
chrX	119660615	119708472
chr10	88428448	88492733
chr10	88428448	88459131
chr10	88428448	88459131
chr10	88428448	88492733
chr10	88428448	88459131
chr10	88428448	88459131
chr10	88428448	88492733
chr10	88428448	88492733
chr10	88428448	88492733
chr10	88428448	88459131
chr10	88428448	88459131
chr10	88428448	88492733
chr10	70174795	70231621
chr19	46273745	46285610
chr19	46273738	46285610
chr19	46273745	46283317
chr19	46273745	46285629
chr19	46273738	46282765
chr19	46273890	46285610
chr19	46273745	46285610
chr8	53536341	53598029
chr8	53536341	53598029
chr18	52895455	53254347
chr10	114710515	114925731
chr10	114710515	114925393
chr10	114710515	114925393
chr10	114710515	114925731
chr10	114710515	114925393
chr10	114710515	114920420
chr10	114710515	114925731
chr10	114710515	114921344
chr10	114710515	114921344
chr10	114710515	114925393
chr10	114710515	114925393
chr10	114710515	114925393
chr18	52895455	53303128
chr18	52895455	53252583
chr18	52895455	53254347
chr18	52895455	53255766
chr18	52895455	53177828
chr18	52895455	53070945
chr18	52895455	53018213
chr18	52895455	52988969
chr18	52895455	52988969
chr18	52895455	52969715
chr18	52895455	53252583
chr18	52895455	53070945
chr18	52895455	53254347
chr18	52895455	53018213
chr18	52895455	53177828
chr18	52895455	53018213
chr18	52895455	53018213
chr18	52895455	52988969
chr18	52895455	52946788
chr18	52895455	52969715
chr18	52895455	53252583
chr18	52895455	53252583
chr18	52895455	53252583
chr18	52895455	53252583
chr10	114889623	114921344
chr10	114886637	114921344
chr10	114710515	114925393
chr10	114710515	114925731
chr18	52895455	53254347
chr18	52895455	53254347
chr18	52895455	53254347
chr18	52895455	53254347
chr18	52895455	53254347
chr18	52895455	53254347
chr18	52895455	53254347
chr18	52895455	53254347
chr18	52895455	53252583
chr18	52895455	53252583
chr18	52895455	53252583
chr18	52895455	53252583
chr18	52895455	53252583
chr18	52895455	53252583
chr18	52895455	53252583
chr18	52895455	53252583
chr18	52895455	53252583
chr18	52895455	53252583
chr18	52895455	53252583
chr18	52895455	53252583
chr18	52895455	53254347
chr10	114710515	114925731
chr14	21161723	21162167
chr14	21161723	21162167
chr14	21161723	21162167
chr14	21161723	21162167
chr14	21161723	21162167
chr14	21161723	21162167
chr3	41265559	41280833
chr3	41265559	41280833
chr3	41266024	41280833
chr3	41265559	41280833
chr10	81316964	81319239
chr10	81316964	81319239
chr10	81316964	81319437
chr14	24709002	24711538
chr14	24709002	24711538
chr14	24709620	24711538
chr7	94214776	94285410
chr7	94214810	94285410
chr7	94214810	94285410
chr7	94214810	94285410
chr7	94214810	94285410
chr7	94214810	94285410
chr7	94214810	94268674
chr7	94214810	94257630
chr7	94214810	94268674
chr7	94214810	94257630
chr7	94214810	94285410
chr7	94214810	94285410
chrX	138664629	138733903
chrX	138664629	138733903
chrX	138664601	138724677
chrX	138664601	138724677
chrX	138664629	138724677
chrX	138664629	138724677
chrX	153770478	153792676
chrX	153780217	153792676
chrX	153780217	153792676
chrX	153780217	153792676
chrX	153780217	153792676
chrX	153780217	153792676
chrX	153780217	153792676
chrX	153780217	153792676
chrX	153780217	153792676
chrX	153780217	153792676
chr3	4558175	4887909
chr3	4558175	4887909
chr3	4558175	4887909
chr3	4558175	4887909
chr1	229567245	229568862
chr15	65369153	65370530
chr14	69341575	69445773
chr14	69341575	69445773
chr14	69341575	69445773
chr1	236849973	236925919
chr1	236849973	236925919
chr1	236898972	236925919
chr2	233599907	233721570
chr2	233599907	233721570
chr2	233599907	233721570
chr2	233599907	233721570
chr5	58270490	59189449
chr5	58270490	59481425
chr5	58270490	59064335
chr5	58270490	58652672
chr5	58270490	58571228
chr5	58270490	58334700
chr5	58270490	58334934
chr5	58270490	58295363
chr5	58270490	59300112
chr5	58270490	58726244
chr5	58270490	58476460
chr5	58270490	59481425
chr5	58453145	59481425
chr5	58511598	59064335
chr5	58453145	59064335
chr5	58270490	58334700
chr5	58270490	58476460
chr5	58270490	58882201
chr2	158594042	158656005
chr2	158594042	158656005
chr2	158594042	158656005
chr2	158594042	158656005
chr2	158594042	158656005
chr2	158594042	158656005
chr2	158594042	158656005
chr6	112430639	112575352
chr6	112430639	112575352
chr6	112574989	112575352
chr6	112574989	112575352
chr6	112430639	112575352
chrX	99551274	99663595
chrX	99551274	99663595
chrX	99551274	99663595
chr4	134071295	134073986
chr4	134071295	134111315
chr3	38495813	38524823
chrX	79277768	79286610
chrX	79279565	79286610
chrX	79279565	79286610
chrX	79277768	79286610
chrX	153577216	153599613
chrX	153577216	153599613
chrX	153295817	153363122
chrX	153295817	153297755
chrX	153295817	153297755
chrX	153295817	153297755
chrX	153295817	153297755
chrX	153295817	153297755
chrX	153295817	153296609
chrX	153295817	153296609
chrX	153295817	153296609
chrX	153295817	153357667
chrX	53263400	53350321
chrX	53296146	53310703
chrX	53264352	53310703
chr1	161007668	161008679
chr1	161007564	161008679
chr1	161007564	161008679
chr22	37407067	37414773
chr22	37407067	37414773
chr17	75277617	75494740
chr17	75398556	75494740
chr17	75369579	75494740
chr17	75398556	75494740
chr17	75478257	75494740
chr17	75478257	75494740
chr17	75277617	75494740
chr17	75401173	75494740
chr17	75478257	75494740
chr17	75478257	75494740
chr17	75316408	75494740
chr13	111767873	111944679
chr13	111767873	111944679
chr13	111870028	111955460
chrX	110366331	110463675
chrX	110366331	110463675
chrX	110366331	110463675
chrX	110366331	110463675
chrX	110366331	110463675
chr13	111870028	111955460
chr13	111767873	111955460
chr13	111855458	111955460
chr13	111893629	111944679
chrX	110366331	110463675
chrX	110366331	110463675
chrX	110366331	110463675
chrX	110366331	110463675
chrX	110366331	110463675
chrX	110366331	110463675
chrX	110366331	110463675
chrX	110366331	110463675
chrX	110366331	110463675
chrX	110366331	110463675
chr13	111870028	111944679
chr13	111870028	111944679
chr13	111767873	111955460
chr13	111767873	111944679
chr13	111870028	111955460
chr13	111870028	111955460
chr13	111870028	111955460
chr13	111870028	111955460
chr13	111870028	111955460
chr13	111870028	111955460
chr13	111870028	111955460
chr13	111893629	111955460
chr13	111870028	111944679
chr13	111870028	111944679
chr13	111870028	111944679
chr13	111870028	111944679
chr13	111870028	111944679
chr13	111896593	111944679
chrX	110366331	110463675
chr13	111870028	111955460
chr13	111767873	111944679
chrX	47496227	47500840
chrX	47496433	47500840
chrX	47496227	47500840
chr17	40312057	40332963
chr3	19190211	19575591
chrX	49107794	49114962
chrX	49107794	49114962
chr8	57078801	57080828
chr8	57078801	57080058
chr8	57078801	57080828
chrX	123480492	123505241
chrX	123480492	123505241
chr3	189349304	189612010
chr3	189349304	189597967
chr3	189507589	189612291
chr3	189507589	189612010
chr3	189507589	189597967
chr3	189349304	189612020
chr3	189507589	189612020
chr3	189507589	189612291
chr3	189349304	189612291
chr3	189507589	189612020
chr3	189507589	189612020
chr3	189314971	189612291
chr3	189349304	189612291
chrX	119562338	119603024
chrX	119565177	119603024
chrX	119573008	119603024
chrX	11130180	11139930
chrX	11130180	11139930
chrX	11130180	11139930
chrX	71800851	71933728
chrX	71800851	71933728
chrX	71800851	71933728
chr4	2822344	2835561
chr4	2814124	2835561
chr4	2819950	2835561
chr4	2822344	2835561
chr3	167506916	167543111
chr3	167506916	167543111
chr17	44039703	44101537
chr17	44039703	44101537
chr17	44039703	44101537
chr17	44039703	44101537
chr17	44039703	44101537
chr17	44039703	44101537
chr17	44039703	44102554
chr17	44039703	44101537
chr17	44039703	44101537
chr17	44039703	44101537
chr17	44039703	44101537
chr17	44039703	44101537
chrX	39911361	39937182
chrX	39911361	39937182
chrX	39911361	39937182
chrX	39911361	39937182
chrX	41379672	41782241
chrX	41379672	41782241
chrX	41379672	41782241
chrX	41379672	41782241
chr3	71821874	71834203
chr3	71821874	71834203
chr5	82779337	82876253
chr5	82779337	82876253
chr5	82779337	82876253
chr5	82779337	82876253
chr3	128889295	128890600
chr3	128889295	128890600
chr3	128889295	128890600
chr3	128889295	128890600
chr3	128889295	128890600
chr3	128889295	128890600
chr1	92941585	92949044
chr1	92941585	92949044
chr1	92941585	92949044
chr13	37422812	37453826
chr13	37422812	37453826
chr13	37422812	37453826
chr1	1309180	1310136
chr1	1309180	1310136
chr11	67254554	67258464
chr11	67250629	67258331
chr11	67250629	67258464
chr1	1309180	1310136
chr7	24738644	24789393
chr7	24738644	24758749
chr7	24738644	24789393
chr7	128470691	128498577
chr7	128470691	128498577
chr4	113825649	114302627
chr4	113970884	114302627
chr4	113970884	114302627
chr4	113970884	114302627
chr4	114038445	114302627
chr4	114038445	114302627
chr4	113970884	114302627
chr4	113970884	114302627
chr4	113970884	114302627
chr4	114038445	114302627
chr4	113825649	114302627
chr4	114038445	114302627
chr4	113970884	114302627
chr4	114038445	114302627
chr4	113825649	114302627
chr4	113825649	114302627
chr4	113970884	114302627
chr4	113970884	114302627
chr4	113825649	114302627
chr4	113825649	114302627
chr4	113825649	114302627
chr4	113825649	114302627
chr4	113825649	114302627
chr4	113825649	114302627
chr4	113825649	114302627
chr4	113970884	114302627
chr4	113825649	114302627
chr4	113825649	114302627
chr4	113825649	114302627
chr4	113825649	114302627
chr4	113970884	114302627
chr4	113825649	114302627
chr4	113825649	114302627
chr4	113970884	114302627
chr4	113627301	114302627
chr4	113825649	114302627
chr4	113825649	114302627
chr4	113825649	114302627
chr4	113970884	114302627
chr4	113825649	114302627
chr4	113825649	114302627
chr4	113825649	114302627
chr4	113825649	114302627
chr4	114214452	114302627
chr4	114214452	114302627
chr4	114214452	114302627
chr4	114214452	114302627
chr4	114214452	114302627
chr4	113825649	114302627
chr4	113825649	114302627
chr4	114038445	114302627
chr4	113825649	114302627
chr4	113825649	114302627
chr4	113627301	114302627
chr4	113825649	114302627
chr4	113825649	114302627
chr4	113825649	114302627
chr4	114038445	114302627
chr4	113825649	114302627
chr4	113825649	114302627
chr4	113825649	114302627
chr4	113825649	114302627
chr4	113825649	114302627
chr4	113825649	114302627
chr4	113825649	114302627
chr4	113825649	114302627
chr4	114257741	114302627
chr4	114257741	114302627
chr4	114067024	114302796
chr4	114067024	114302796
chr4	113627301	114302627
chr4	113627301	114302627
chr4	113970884	114302627
chr14	92530663	92572896
chr14	92530663	92572896
chr14	92537319	92572896
chr14	92537319	92572896
chr14	92537319	92572896
chr14	92537319	92572896
chr14	92530663	92572896
chr14	92530663	92549540
chr14	92530663	92572896
chr14	92537319	92572896
chr14	92530663	92572896
chr14	92530663	92572896
chr14	51026983	51099057
chr14	99640487	99737555
chr14	99640487	99737555
chr14	51026983	51099057
chr14	99640487	99737555
chr14	99640487	99737555
chr14	51026983	51099057
chr16	51171022	51175841
chr16	51171022	51185152
chr10	31610454	31816192
chr10	31608163	31816192
chr10	31610454	31816192
chr10	31608163	31816192
chr10	31608163	31816192
chr10	31799773	31816192
chr10	31799773	31816192
chr10	31799773	31816192
chr10	31799773	31816192
chr10	31799773	31816192
chr10	31799773	31816192
chr10	31799773	31816192
chr10	31799773	31816192
chr10	31799773	31816192
chr10	31799773	31816192
chr10	31799773	31816192
chr10	31799773	31816192
chr10	31799773	31816192
chr10	31799773	31816192
chr10	31799773	31816192
chr10	31799773	31816192
chr10	31799773	31816192
chr10	31799773	31816192
chr10	31799773	31816192
chr10	31799773	31816192
chr10	31799773	31816192
chr10	31799773	31816192
chr10	31799773	31816192
chr10	31799773	31816192
chr10	31799773	31816192
chr10	31799773	31816192
chr10	31799773	31816192
chr10	31799773	31816192
chr10	31799773	31816192
chr10	31799773	31816192
chr10	31608163	31816192
chr10	31610764	31816192
chr10	31610764	31816192
chr10	31610764	31816192
chr10	31610454	31816192
chr10	31608163	31816192
chr18	32335940	32409035
chr18	32335940	32470404
chr18	32335940	32464709
chr18	32335940	32464709
chr18	32335940	32446125
chr18	32400832	32464709
chr18	32398168	32464709
chr18	32400832	32464709
chr18	32335940	32446125
chr18	32335940	32470404
chr18	32335940	32464709
chr18	32335940	32464709
chr18	32335940	32464709
chr18	32335940	32464709
chr18	32335940	32464709
chr18	32335940	32464709
chr18	32335940	32464709
chr18	32335940	32464709
chr18	32335940	32464709
chr18	32335940	32464709
chr18	32335940	32464709
chr18	32335940	32464709
chr18	32335940	32464709
chr18	32335940	32464709
chr18	32335940	32464709
chr18	32335940	32464709
chr18	32335940	32446125
chr18	32335940	32446125
chr18	32335940	32446125
chr18	32335940	32446125
chr18	32335940	32446125
chr18	32335940	32409035
chr18	32335940	32409035
chr18	32335940	32409035
chr18	32335940	32464709
chr18	32335940	32464709
chr18	32335940	32464709
chr18	32335940	32446125
chr18	32335940	32409035
chr18	32335940	32464709
chr18	32335940	32446125
chr18	32335940	32446125
chr18	32400832	32464709
chr18	32400832	32446125
chr4	95129545	95210685
chr4	95129545	95210685
chr4	95185866	95210685
chr4	95129545	95210685
chr4	95129545	95210685
chr4	95129545	95210685
chr4	95129545	95210685
chr4	95185866	95210685
chr4	95129545	95210685
chr3	75986644	77695206
chr3	77089936	77695206
chr3	77089936	77695206
chr3	77614201	77695206
chr3	75986644	77695206
chr3	75986644	77695206
chr3	76360438	77695206
chr3	77089936	77695206
chr3	76360438	77695209
chr3	75986644	77695206
chr3	75986644	77695209
chr3	77089936	77695206
chr3	76360438	77695206
chr3	76360438	77695209
chr3	75986644	77695206
chr3	75986644	77695209
chr3	77089936	77695206
chr3	75986644	77695209
chr3	77089936	77695206
chrX	152014868	152037660
chrX	152014868	152037660
chr6	33388041	33419579
chr6	33388041	33419683
chr6	33388041	33419579
chr5	86564268	86686700
chr6	33388041	33419683
chr5	86564864	86686700
chr18	42281311	42456718
chr18	42281311	42643663
chr18	42281311	42643663
chr18	42281311	42643663
chr3	158310250	158322991
chr3	158310250	158322991
chr3	158310250	158322991
chr3	158310250	158322991
chr3	158310250	158322991
chr3	158289120	158322991
chr3	158314677	158322991
chr3	158289089	158322991
chr3	158310250	158322991
chr3	158310250	158322991
chr3	158289089	158322974
chr3	158310250	158322991
chr3	158310250	158322991
chr3	158310250	158322991
chr3	158289089	158322991
chr3	158289089	158322991
chr3	158289089	158322974
chr3	158310250	158323759
chr3	158310250	158322974
chr3	158289089	158322991
chr19	43257511	43269733
chr19	43257511	43269733
chr19	43371285	43383733
chr19	43371205	43383733
chr19	43428959	43441228
chr19	43371853	43383733
chr19	43371285	43383733
chr19	43428959	43441228
chr19	43372214	43383733
chr19	43570708	43586721
chr19	43258446	43269733
chr6	135502651	135539118
chr6	135502651	135539118
chr6	135502651	135539118
chr6	135502651	135539118
chr6	135502651	135539118
chr6	135502651	135539118
chr6	135502651	135539118
chr6	135502651	135539118
chr9	131329019	131395613
chr9	131329019	131395613
chr9	131329019	131395613
chr9	131329019	131395613
chr9	131329019	131395613
chr9	131329019	131395613
chr9	131317645	131395613
chr9	131329019	131395613
chr9	131329019	131395613
chr9	131317645	131395613
chr9	131329019	131395613
chr11	532635	534322
chr11	532635	533583
chr11	532635	534322
chr11	533295	534322
chr19	10244342	10305575
chr19	10244342	10305575
chr19	10244342	10291107
chr19	10244342	10305575
chrX	129263531	129271110
chrX	129271492	129299630
chrX	129263531	129299630
chrX	129263531	129299630
chr9	101867487	101911587
chr9	101867487	101911587
chr9	101867487	101911587
chr17	42987503	42992854
chr17	42987836	42992854
chr17	42984714	42992854
chr17	42984714	42992854
chr4	74301979	74320997
chr6	30153652	30166880
chr4	74306522	74320997
chr6	30153652	30166880
chr10	112404212	112595736
chr2	74588625	74607164
chr2	74588625	74601479
chr2	74588625	74605354
chr2	74588625	74607164
chr2	74588625	74605354
chr2	74588625	74605354
chr2	74588625	74607164
chr2	74588625	74601479
chr14	31344144	31358997
chr14	31344144	31358997
chr14	31344144	31358997
chr1	218520043	218614704
chr1	218520043	218614704
chr19	45147396	45165078
chr19	45147396	45165078
chr19	45147396	45162197
chr19	45147396	45165078
chr5	137213229	137223074
chr5	137206685	137223074
chr5	137206340	137223074
chrX	17653686	17750584
chrX	17393880	17750584
chrX	17653686	17750584
chrX	17393880	17750584
chr16	66511500	66514828
chr16	66471579	66514828
chr16	66511500	66526968
chr16	66511500	66527344
chr19	3522987	3534834
chr19	3522987	3534834
chr16	68771318	68867402
chr16	68849645	68867402
chr16	68857330	68867402
chr16	68771318	68867402
chr19	3522987	3534834
chr18	24035706	24081199
chr18	24035706	24128500
chr18	24035706	24081199
chr18	24035706	24237332
chr18	24035706	24081199
chr18	24035706	24081199
chr16	11643492	11650586
chr16	11645578	11650586
chr16	11643492	11650586
chr10	90694979	90708687
chr10	90694979	90708687
chr10	90694979	90708687
chrX	11312908	11318732
chrX	11312908	11318732
chrX	11312908	11318732
chr15	23048828	23062272
chr15	23048828	23086411
chr5	179250004	179263593
chr5	179250004	179263593
chr5	179247936	179263593
chr18	11752432	11881134
chr18	11752432	11881134
chr18	11867167	11881134
chr18	11752432	11881134
chr18	11689562	11881134
chr11	118007741	118023388
chr11	118007741	118014680
chr11	118007741	118023388
chrX	153991240	154005142
chrX	153991240	154002984
chrX	153991240	154005142
chrX	152954029	152960669
chrX	152955912	152960669
chrX	152954029	152960669
chr16	88782012	88851372
chrY	6734113	6740649
chrY	6734113	6740649
chr15	91428275	91438788
chr15	91428275	91438788
chr15	91428275	91438788
chr15	91428275	91438788
chr11	27679367	27680111
chr11	27679367	27680111
chr11	27679367	27680111
chr11	27679367	27680111
chr11	27679367	27722583
chr11	27679367	27695831
chr11	27679367	27680111
chr11	27679367	27680111
chr11	27679367	27680111
chr11	27679367	27680111
chr11	27679367	27680111
chr11	27679367	27680111
chr11	27679367	27742961
chr11	27679367	27680111
chr11	27679367	27680111
chr11	27679367	27720952
chr11	27679367	27680111
chrX	109919458	110035409
chrX	109919458	110035409
chrX	109919458	110035409
chrX	109919458	110035409
chrX	109919458	110035409
chrX	109919458	110035409
chrX	109919458	110035409
chrX	109919458	110035409
chrX	109922578	110035409
chrX	109919458	110035409
chr10	75671649	75676323
chr10	75672746	75676323
chr10	75671313	75676323
chr15	67457341	67482874
chr15	67430364	67482874
chr15	67459169	67482874
chr15	67358492	67482874
chrX	47483673	47489243
chrX	47483673	47489243
chr10	51568356	51586675
chr10	51568356	51589230
chr10	51579141	51589230
chr10	51579141	51589230
chr10	51579141	51589230
chrY	2829131	2848034
chrY	2821977	2848034
chrY	2821977	2848034
chrY	2829131	2848034
chrY	2829131	2848034
chrY	2829131	2848034
chrY	2821977	2848034
chrY	2821977	2848034
chrY	2829131	2848034
chrY	2821977	2848034
chrY	2843200	2848034
chrY	2821977	2848034
chr12	100751169	100813937
chr12	100751169	100813937
chr15	90208813	90220720
chr15	90208813	90220720
chr9	140513480	140678602
chr9	140611085	140686572
chr9	140513480	140729405
chr9	140513480	140657296
chr9	140611085	140657296
chr9	140513480	140729405
chr3	128199861	128205874
chr3	128199861	128205874
chr3	128199861	128205874
chr11	1860926	1862781
chr11	1861453	1862781
chr11	1860926	1862781
chrX	100603374	100603652
chrX	100601486	100603652
chrX	74598986	74742859
chrX	74670556	74742859
chrX	74598986	74742859
chrX	53221925	53254071
chrX	53222148	53254071
chrX	53222148	53254071
chrX	53205762	53254071
chrX	53205762	53254071
chrX	53205762	53254071
chrX	53220777	53254071
chrX	53222148	53254071
chrY	21867880	21906420
chrY	21867880	21906420
chrY	21867880	21906420
chr4	186064526	186068125
chr16	4827797	4837646
chr16	4827797	4837646
chr10	3821730	3827206
chr10	3821744	3827206
chr10	3821730	3827206
chr8	42711301	42743007
chr8	42705933	42743007
chr8	42711301	42725216
chr8	42711301	42743007
chrX	1401596	1428372
chrX	1401596	1428372
chrX	1401596	1424628
chrX	1407707	1428372
chrX	1401596	1428372
chrX	1401596	1428372
chrX	1401596	1424628
chrX	1401596	1428372
chrX	1401596	1428372
chrX	1401596	1431230
chrX	1401596	1428372
chrX	1401596	1441406
chrX	1401596	1443956
chrX	1401596	1443956
chrX	1401596	1441384
chrX	1401596	1441384
chrX	1401596	1428372
chrX	1401596	1424394
chrX	1401596	1424394
chrX	1401596	1424394
chrX	1401596	1428372
chrX	1401596	1428372
chrX	1401596	1428482
chrX	1401596	1424394
chrX	1401596	1424394
chr11	126301206	126870405
chr11	126294474	126870405
chr11	126294474	126870405
chr7	13935490	14028677
chr7	13935490	14028677
chr7	13935490	14028677
chr7	13935490	14025801
chr7	13935490	14025801
chr7	13935490	14025801
chr7	13935490	14028677
chr7	13935490	14028677
chr7	13935490	14028677
chr22	29664325	29696151
chr22	29664325	29696151
chr22	29664325	29686492
chr22	29664325	29696151
chr22	29664325	29696151
chrX	132670151	133119476
chrX	132670151	133119476
chrX	132670151	133119476
chrX	132670151	133119476
chr2	86444222	86565199
chr2	86444222	86564625
chr2	86444161	86564633
chr2	86444161	86564633
chr2	86444161	86564633
chr2	86444222	86564633
chr7	156798213	156801746
chr7	156798213	156803044
chr2	166847754	166930131
chr2	166847754	166930131
chr2	166847754	166930131
chr2	166847754	166930131
chr2	166847754	166930131
chr2	166847754	166930131
chr2	166847754	166930131
chr2	166847754	166930131
chr2	166847754	166930131
chr2	166847754	166930131
chr2	166847754	166930131
chr2	166847754	166930131
chr2	166847754	166930131
chr2	166847754	166896079
chr2	166847754	166930131
chr17	6358657	6459726
chr17	6358657	6459726
chr1	29313949	29442309
chr1	29313949	29391691
chr1	29320000	29442309
chr1	29313949	29442309
chr1	29313949	29442309
chr1	29313949	29442309
chr1	29313949	29397127
chr1	29313949	29395806
chr1	29313949	29395806
chr1	29313949	29395806
chr1	29313949	29395806
chr1	29313949	29395806
chr1	29320000	29442309
chr1	29320000	29397127
chr1	29320000	29395806
chr1	29320000	29395806
chr1	29320000	29395806
chr1	29320000	29395806
chr1	29320000	29395806
chr1	29320000	29442309
chr1	29320000	29442309
chr1	29313949	29442309
chr4	148406833	148463770
chr4	148406833	148447703
chr4	148406833	148463770
chrX	69699043	69722119
chr17	41879068	41909349
chr17	41879068	41909274
chr17	41879068	41909274
chrX	69672471	69722119
chrX	69665051	69722119
chr1	45286360	45308604
chr1	45288086	45308604
chr6	83074678	83075941
chr6	83074678	83075941
chr6	83074678	83075941
chrX	71549903	71792611
chrX	71694545	71792611
chrX	71787734	71792611
chrX	71787606	71792611
chrX	71694545	71792611
chrX	71549903	71792611
chr3	50284500	50295122
chr3	50289569	50295122
chr3	50289910	50295122
chr3	50289105	50295122
chr3	50264555	50295122
chr3	50273767	50295122
chr3	50284500	50295122
chr3	50289569	50295122
chr3	50289910	50295122
chr3	50289105	50295122
chr3	50264555	50295122
chr3	50273767	50295122
chr17	47036068	47044594
chr17	77040050	77044170
chr17	77040050	77044170
chr17	77040050	77044170
chr17	77042727	77044170
chr1	113456512	113471930
chr1	113456512	113471930
chr11	116660843	116662576
chr11	116660843	116662576
chr11	116660843	116662576
chr4	87869685	88056853
chr4	87928559	88056853
chr4	88011138	88056853
chr4	87928559	88056853
chrX	123019512	123041031
chrX	123019512	123041031
chrX	123019512	123041031
chrX	123019512	123041031
chrX	123019512	123041031
chr22	45680894	45691600
chr22	45680894	45691600
chr12	65563376	65640105
chr12	65563376	65640105
chr22	46067943	46239551
chr22	46067943	46239551
chr3	188123908	188592267
chr3	188123908	188592267
chr3	188123908	188592267
chr3	188123908	188592267
chr3	188123908	188592267
chr3	188123908	188592267
chr3	188123908	188592267
chr3	188123908	188592267
chr3	188123908	188592267
chr3	188123908	188592267
chr3	188123908	188592267
chr3	188123908	188592267
chr3	188123908	188592267
chr3	188123908	188327653
chr3	188123908	188327653
chr3	188123908	188327653
chr3	188123908	188327653
chr3	188123908	188327653
chr3	188123908	188327653
chr3	188123908	188327653
chr3	188123908	188592267
chr5	38869146	38886330
chr5	38869146	38886330
chr5	38869146	38933546
chr5	38869146	38933546
chr5	38869146	38919469
chr5	38869146	38933546
chr6	139694268	139695081
chr6	139694268	139695275
chr6	139694268	139695081
chr6	72922825	73110416
chr6	72922825	73110416
chr6	72945395	73110416
chr6	72926891	73110416
chr6	73100352	73110416
chr6	72596726	72809752
chr6	72596726	72809752
chr6	72596726	72809752
chr6	72922825	73110416
chr6	72922825	73110416
chr6	72922825	73110416
chr6	72922825	73110416
chr6	72922825	73110416
chr6	72922825	73110416
chr6	72922825	73110416
chr6	72935407	73110416
chr6	72922825	73110416
chr6	72922825	73110416
chr6	72935407	73110416
chr6	72922825	73110416
chr6	72922825	73110416
chr6	72922825	73110416
chr6	72935407	73110416
chr6	72922825	73110416
chr6	72935407	73110416
chr6	72922825	73110416
chr6	72922825	73110416
chr6	72922825	73110416
chr6	72922825	73110416
chr6	72922825	73110416
chr6	72922825	73110416
chr6	72935407	73110416
chr6	72922825	73110416
chr6	72922825	73110416
chr6	72922825	73110416
chr6	72922825	73110416
chr6	72922825	73110416
chr6	72922825	73110416
chr6	72922825	73110416
chr6	72922825	73110416
chr6	72922825	73110416
chr6	72922825	73110416
chr6	72922825	73110416
chr6	72922825	73110416
chr6	72935407	73110416
chr6	72922825	73012228
chr6	72922825	73110416
chr6	72922825	73110416
chr6	72922825	73110416
chr6	72922825	73110416
chr6	72922825	73110416
chr6	72935407	73110416
chr6	72922825	73110416
chr6	72945395	73110416
chr6	72935407	73110416
chr6	72945395	73110416
chr6	72945395	73110416
chr6	72945395	73110416
chr6	72945395	73110416
chr6	72945395	73110416
chr6	72945395	73110416
chr6	72945395	73110416
chr6	72926891	73110416
chr6	72935407	73110416
chr6	72926891	73110416
chr6	72926891	73110416
chr6	72926891	73110416
chr6	72596726	73110416
chrX	147582617	148072862
chrX	147582617	148072862
chrX	147582617	148072862
chrX	147582617	148072862
chrX	147800704	148072862
chrX	147582617	148072862
chr16	31191535	31202759
chr16	31191535	31202759
chr16	31191535	31202759
chrX	70316378	70321934
chrX	70316378	70321934
chr2	145147017	145274917
chr2	145147017	145274917
chr19	50310407	50316363
chr19	50310407	50316363
chr19	50310407	50315954
chr19	50310407	50316363
chr6	170870884	170881353
chr6	170866117	170881353
chr10	27444355	27475465
chr10	27444355	27475465
chr10	27444355	27475465
chr10	27444355	27475465
chr10	27450041	27475465
chr10	27450041	27475465
chr10	27444355	27475465
chr1	78381791	78408514
chr1	78381791	78408514
chr8	22019341	22021554
chr8	22019341	22021554
chr8	22019341	22021554
chr8	22019341	22021554
chr8	22019341	22021554
chr8	22019341	22021554
chr8	22019341	22021554
chr8	22019341	22021554
chr8	22019341	22021554
chr8	22019341	22021554
chr8	22019341	22021554
chr8	22019341	22021554
chr8	22019341	22021554
chr8	22019341	22021554
chr1	116194034	116234000
chr1	116194034	116234000
chr1	116194034	116234000
chr2	200136933	200320760
chr2	200136933	200320760
chr2	200136933	200320760
chr3	38180191	38182643
chr3	38180191	38182777
chr3	38180191	38182777
chr3	38180191	38182643
chr3	38180191	38182643
chr3	38180191	38182643
chr3	38180191	38182643
chr3	38181883	38182777
chr3	38180191	38182777
chr7	114066566	114329981
chr7	114066566	114294097
chr7	114066566	114329981
chr7	114066566	114329981
chr7	114066566	114294097
chr7	114066566	114329981
chr12	39688225	39836772
chr12	39688225	39836772
chr12	39688225	39836772
chr12	39688225	39836772
chr12	39688225	39836772
chr12	39688225	39836772
chr12	39688225	39836772
chrX	62857907	63005025
chrX	62857907	62926212
chrX	62857907	62944537
chrX	62857907	63005025
chrX	62857907	63005025
chrX	62857907	62975085
chrX	62857907	62974192
chrX	62857907	62974196
chrX	62857907	62944537
chrX	62857907	62974192
chrX	62857907	62974192
chrX	62857907	62974196
chrX	62857907	62974196
chrX	62857907	62944537
chrX	62857907	62944537
chrX	62857907	62944537
chrX	62857907	62944537
chrX	62857907	62944537
chrX	62857907	62944537
chrX	62857907	62974192
chrX	62857907	62974196
chrX	62857907	62944537
chrX	62857907	62926212
chrX	62863886	62944537
chrX	62863886	62944537
chrX	62857907	62917151
chrX	62857907	62974192
chr8	38271145	38314964
chr8	38271145	38297890
chr8	38271145	38314964
chr8	38271145	38314964
chr8	38271145	38318624
chr8	38269906	38314964
chr8	38271145	38314964
chr8	38269906	38314964
chr8	38269906	38314964
chr8	38271145	38314964
chr8	38271145	38314964
chr8	38271145	38314964
chr8	38271145	38314964
chr8	38271145	38314964
chr8	38271145	38297890
chr8	38271145	38314964
chr8	38271145	38314964
chr8	38271145	38318624
chr8	38269906	38314964
chr8	38271145	38314964
chr8	38269906	38314964
chr8	38269906	38314964
chr1	152275175	152287932
chr8	38271145	38314964
chr8	38271145	38314964
chr8	38271145	38314964
chr8	38271145	38314964
chr9	129376728	129458730
chr9	129376728	129458730
chr9	129376728	129458730
chr12	110221425	110252601
chr12	110221425	110252601
chr12	110221425	110252601
chr12	110221425	110252601
chr12	110221425	110252601
chrX	149613782	149681343
chrX	149613782	149678272
chrX	149613782	149678272
chr2	10186285	10192634
chr2	10186285	10192634
chr2	10183843	10192634
chr12	52056601	52201213
chr12	52056601	52201213
chr12	52056601	52201213
chr12	52056601	52201213
chr2	209136243	209169748
chr2	209136243	209220029
chr2	209136243	209169748
chrX	64137662	64141852
chrX	64137643	64196257
chrX	64137662	64141852
chrX	64137662	64196257
chr7	97481570	97498405
chr7	97481570	97493808
chr7	97481570	97493808
chr7	97481570	97498468
chr7	97481570	97498468
chr7	97481570	97498468
chr7	97481570	97498468
chr10	89264672	89311942
chr10	89267961	89312235
chr10	89264672	89312235
chr7	82996901	83119525
chr7	82996901	83277858
chr10	104263909	104378828
chr10	104263909	104389912
chrX	154722225	154774937
chrX	154721195	154774937
chr16	67208072	67209000
chr16	67208072	67208957
chr16	67208072	67208957
chr16	67208072	67209000
chr16	67208072	67208957
chr16	67207771	67208957
chr16	67208072	67208957
chrX	146993697	147030350
chrX	146993697	147030364
chrX	146993697	147030350
chrX	146993697	147030364
chrX	146993697	147030364
chr20	1960968	1963730
chr20	1960968	1963730
chr20	1960968	1963730
chr20	1960968	1963730
chr20	1960968	1963730
chr17	38230741	38249635
chr17	38230741	38249635
chr17	38230741	38249635
chr17	38230741	38245709
chr17	44108841	44249509
chr17	44108841	44249509
chr17	44108841	44249509
chr17	44108841	44249509
chr3	184033584	184052696
chr3	184033584	184052696
chr3	184033979	184052696
chr3	184038468	184052696
chr3	184033584	184052696
chr3	184033584	184052696
chr3	184037544	184052696
chr3	184035222	184052696
chr5	138643104	138665084
chr5	138643104	138665084
chr5	138629669	138665084
chr5	138651425	138665084
chr5	138643104	138665084
chr5	138643104	138665084
chr19	49661123	49714755
chr19	49661123	49714755
chr19	49686334	49714755
chr19	49671590	49714755
chr19	49674666	49714755
chr19	49661123	49714755
chr14	37717093	38016176
chr14	37717093	38016176
chr14	37717093	38016176
chr14	37717093	38016176
chr14	37717093	37990460
chr14	37736216	38016176
chr14	37736216	38016176
chr14	37736216	38016176
chr14	37717093	38016176
chr14	37736216	38016176
chr14	37736216	38016176
chr14	37717093	38016176
chr14	37717093	38016176
chr10	102891298	102896428
chr10	102891298	102896670
chr1	6845590	6931825
chr1	6845590	6947785
chr1	6845610	7826551
chr1	6845590	7826582
chr1	6845590	7826551
chr1	6845610	7826551
chr1	7740232	7826582
chr1	7792521	7826582
chr1	7792521	7826582
chr1	7792521	7826551
chr1	7792521	7826551
chr1	7792521	7826551
chr1	7792521	7826551
chr1	7792521	7826551
chr1	7792521	7826582
chr1	7792521	7826582
chr1	7792521	7826582
chr1	7792521	7826582
chr1	7792521	7826551
chr1	7792521	7826551
chr1	6845590	6931825
chr1	6845590	7826551
chr14	95556950	95599795
chr14	95556834	95599795
chr14	95556834	95599795
chr14	95556834	95599795
chr14	95556834	95599795
chr9	32541384	32552434
chr9	32541384	32552434
chr10	21823573	22030912
chr10	21823573	21845606
chr10	21823573	21845871
chr10	21823573	21845871
chr10	21823573	21845871
chr10	21957921	22030912
chr10	21823573	22029163
chr20	56964515	57019221
chr20	56964515	57019291
chr11	118307227	118392887
chr11	118307227	118392887
chr16	89999925	90002212
chr16	89989809	90002212
chr5	126141376	126171956
chr5	126113200	126171956
chr11	120207952	120355786
chr11	120292522	120355786
chr11	120207952	120355786
chr3	123003454	123135114
chr3	123003454	123167392
chr3	123003454	123167392
chr12	56114968	56118329
chr12	56114968	56118329
chr19	4361596	4400365
chr19	4361596	4400365
chr19	4361596	4400365
chr17	79477715	79479380
chr17	79477715	79479380
chr20	6750773	6759736
chr1	120478041	120612020
chr1	120457928	120612020
chr14	54416749	54418940
chr14	54416749	54423538
chr14	54416749	54418751
chr14	54416749	54418940
chr14	54416749	54418751
chr14	54416749	54418940
chr14	54416749	54418751
chr14	54416749	54418940
chr14	54416749	54418940
chr7	148504737	148544390
chr7	148504737	148544390
chr7	148504737	148544390
chr7	148504737	148544390
chr7	148504737	148544390
chr2	203242197	203424669
chr18	47795998	47806362
chr18	47797870	47806362
chr18	47797870	47806362
chr18	47797870	47806362
chr18	47797870	47806362
chr18	47793957	47806362
chr18	47796380	47806362
chr18	47796045	47806362
chr18	47797870	47806362
chr8	17793119	17885171
chr8	17793119	17885171
chr18	47795998	47806362
chr18	47795998	47806362
chr18	47797870	47802756
chr18	47797870	47806362
chr18	47793957	47806362
chr18	47797870	47806362
chr18	47793957	47802756
chr18	47795998	47806362
chr8	17793119	17885171
chr8	17793119	17885171
chr8	17793119	17885171
chr8	17793119	17885171
chr8	17793119	17885171
chr8	17793119	17885171
chr8	17793119	17885171
chr8	17793119	17885171
chr8	17793119	17885171
chr8	17793119	17885171
chr8	17793119	17885171
chr8	17793119	17846481
chr8	17793119	17885171
chr8	17793119	17885171
chr8	17793119	17885171
chr8	17793119	17885171
chr8	17793119	17885171
chr8	17793119	17885171
chr8	17793119	17885171
chr8	17793119	17885171
chr8	17793119	17885171
chr8	17793119	17885171
chr8	17793119	17846481
chr8	17793119	17846481
chr8	17793119	17846481
chr8	17793119	17846481
chr8	17793119	17846481
chr8	17793119	17813166
chr8	17793119	17813166
chr18	47797870	47806362
chr18	47793957	47806362
chr18	47797870	47806362
chr18	47797870	47806362
chr18	47797870	47806362
chr18	47797870	47806362
chr18	47796045	47806362
chr18	47796045	47806362
chr18	47796045	47806362
chr18	47793957	47806362
chr18	47795998	47806362
chr18	47796045	47806362
chr18	47795998	47806362
chr18	47795998	47806362
chr18	47796045	47806362
chr18	47797870	47806362
chr18	47797870	47806362
chr18	47795998	47806362
chr18	47796045	47806362
chr18	47795998	47806362
chr18	47793957	47806362
chr18	47797870	47806362
chr18	47797870	47806362
chr18	47796045	47806362
chr18	47793957	47806362
chr18	47797870	47806362
chr18	47797870	47806362
chr18	47793957	47806362
chr18	47793957	47806362
chr18	47793957	47806362
chr18	47797870	47806362
chr8	17793119	17885171
chr18	47797870	47806362
chr18	47795998	47806362
chr18	47797870	47806362
chr18	47797870	47806362
chrX	106888488	106893262
chrX	106871858	106893262
chr7	18066448	18067405
chrX	47006880	47045998
chrX	47006880	47045998
chrX	47004845	47045998
chrX	47006880	47045998
chrX	47006880	47045998
chr4	166795056	166951625
chr4	166795056	167022028
chr8	133141508	133459473
chr8	133141508	133492779
chr10	103530085	103534513
chr10	103530085	103535657
chr10	103530085	103535657
chr10	103530085	103535657
chr10	103530085	103535657
chr2	202050500	202082464
chr2	202050500	202093806
chr2	202050500	202082464
chr2	202050500	202065225
chr2	202050500	202093806
chr2	202050500	202072898
chr2	202050500	202082464
chr13	28222573	28240090
chr13	28196120	28197387
chr13	28196120	28197387
chr13	28196120	28240090
chr1	209961764	209969786
chr1	209961764	209974758
chr1	243663044	244006472
chr1	243668550	244006472
chr1	243668550	244006472
chr1	243663044	244006472
chr6	29910330	29913232
chr11	125830836	125893371
chr11	125830836	125893371
chr11	125830836	125893371
chr3	87276703	87302972
chr3	87276672	87302972
chr20	2361614	2413180
chr15	43525388	43559047
chr20	2361614	2413289
chr15	43525388	43559047
chr12	57422538	57442107
chr12	57422538	57442107
chr10	27294518	27389255
chr10	27294518	27389255
chr9	27548233	27567118
chr9	27548233	27567118
chr9	27561578	27567118
chr3	55504119	55514907
chr3	55504119	55514907
chr3	55504119	55514907
chr3	55504119	55521013
chrX	153195439	153200357
chrX	153195439	153200357
chrX	153195439	153200357
chr16	89334885	89383427
chr16	89334885	89383427
chr16	89334885	89383427
chrX	47422366	47430856
chrX	47422366	47424753
chrX	47422366	47430856
chr19	42471088	42497583
chr19	42471088	42498228
chr19	42471088	42498228
chr16	29808347	29816631
chr16	29808347	29816631
chr16	29802080	29816631
chr20	25052570	25062732
chr20	25052556	25062732
chr20	25056896	25058435
chr20	25056896	25062732
chr20	25059371	25062732
chr16	29824375	29825959
chr16	29824375	29825275
chr16	29824375	29825959
chr8	27358500	27402039
chr8	27361132	27402039
chr8	27358500	27402039
chr8	27348725	27402039
chrX	49061596	49089771
chrX	49061596	49089771
chrX	49061596	49089771
chr9	676972	745235
chr9	676972	745235
chr9	676972	745235
chr9	676972	745235
chr9	711240	745235
chr9	676972	745235
chr9	711240	745235
chr9	711240	745235
chr9	711240	745235
chr9	711240	745235
chr9	711240	745235
chr9	711240	745235
chr9	711240	745235
chr9	711240	745235
chr9	711240	745235
chr9	711240	745235
chr9	676972	745235
chr9	711240	745235
chr8	42275320	42329908
chr8	42275320	42329908
chr8	42275320	42329908
chr2	225338961	225449726
chr2	225338961	225434489
chr2	225338961	225449726
chr17	78155237	78176223
chr17	78155237	78182144
chr17	78155237	78182144
chr17	78162211	78172555
chr17	3417210	3458144
chr17	3417210	3458144
chrX	21958942	22012469
chrX	21958942	22012469
chr17	17696262	17713295
chrX	1460658	1501358
chrX	1460658	1501358
chr4	57333801	57368027
chr4	57333801	57368027
chr10	112724116	112771576
chr10	112724116	112771576
chr10	112724116	112771576
chr10	112724116	112771576
chr12	49578792	49582202
chr12	49578792	49580514
chr12	49578792	49582762
chr12	109921356	109928399
chr12	109921356	109928399
chr12	109921356	109928399
chr12	109921356	109972587
chr12	109921356	109972587
chr14	57268452	57272174
chr14	57268452	57272174
chr14	57268452	57272174
chr14	57268452	57272174
chr14	57268452	57272174
chr9	124103661	124132465
chr9	124101898	124132465
chr9	124103479	124132465
chr9	124103479	124132465
chr19	13135447	13205463
chr19	13134845	13201184
chr19	13106651	13205463
chr19	13106651	13201184
chr19	13135948	13201184
chr19	13135810	13205463
chr19	13135810	13201184
chr19	13134845	13205463
chr19	13135458	13205463
chr19	13106651	13201184
chr16	87636752	87638024
chr16	87636752	87637765
chr16	87636752	87730266
chrX	74273204	74376107
chrX	74273204	74376107
chrX	74273204	74376107
chrX	74273204	74376107
chrX	74273204	74376107
chrX	54959835	55020440
chrX	54959835	55024866
chrX	54959835	55020440
chr15	67495158	67528779
chr15	67495158	67528779
chr15	67495158	67546969
chr5	145969509	146460829
chr5	145969509	146460671
chr5	145969509	146236098
chr5	145969509	146435301
chr5	145969509	146257634
chr5	145969509	146435306
chr5	145969509	146414741
chr5	145969509	146236098
chr9	138594104	138684007
chr9	138594104	138684007
chr11	111957631	111965617
chr11	111957631	111965694
chr11	111957631	111963921
chr11	111957631	111965694
chr19	54297302	54327428
chr19	54297302	54327428
chr19	54297302	54327428
chr12	122692927	122709215
chr12	122692927	122702908
chr12	122692927	122709215
chr12	122692927	122710561
chr12	122692927	122710561
chr12	122692927	122710561
chr12	122692927	122709215
chr11	119210040	119211107
chr11	119210040	119211107
chr12	32832297	32896344
chr12	32832297	32896344
chr12	32832297	32896344
chr12	32854451	32896344
chr12	32832297	32896344
chr12	32832297	32896344
chr12	32832297	32896344
chr12	32832297	32896344
chr18	3449629	3457938
chr18	3450487	3457938
chr18	3456395	3457938
chr18	3456395	3457938
chr18	3456395	3457938
chr18	3450487	3457938
chr18	3456395	3457938
chr18	3447737	3457938
chr18	3450487	3457938
chr18	3456395	3457938
chr18	3456395	3457938
chr18	3456395	3457938
chr18	3456395	3457938
chr9	94794594	94877652
chr9	94794746	94841776
chr9	94794746	94830342
chr9	94794746	94877652
chr9	94841843	94877652
chrX	53407023	53448887
chrX	53407023	53449549
chr17	47482353	47490626
chr17	47482353	47490626
chr17	47482353	47490626
chr17	47482353	47490626
chr13	84453551	84455642
chr13	84453551	84455642
chr17	16285221	16285911
chr17	16285221	16285911
chr17	16285221	16285911
chr17	16285221	16285911
chr17	16285221	16285911
chr17	16285221	16285911
chrX	48887668	48896850
chrX	48887668	48900752
chrX	5810857	6069507
chrX	5810857	6069507
chrX	5810857	6069507
chrX	5810857	6069507
chrX	48337501	48341406
chrX	48336435	48341406
chrX	48336435	48341406
chrX	118708918	118717218
chrX	118708674	118717218
chrX	118708674	118717218
chrX	48369759	48378864
chrX	48368208	48378864
chrX	48368208	48378864
chrX	48368208	48378864
chrX	48368208	48378864
chr8	140630500	140715235
chr8	116426250	116680110
chr8	116426250	116635857
chr8	116426250	116632285
chr8	116426250	116635864
chr19	33792243	33792963
chr19	33792243	33793425
chr19	33792243	33793278
chr19	33792243	33793320
chrX	70586224	70683896
chrX	70586224	70683896
chrX	70586224	70683896
chr9	20346440	20621774
chr9	20346440	20622255
chr1	47685391	47691560
chr1	47685391	47691560
chr1	47685391	47691560
chr1	47685391	47691560
chr1	47685391	47689739
chr1	47685391	47691560
chrX	107400229	107681426
chrX	107400229	107681426
chrX	107400229	107681426
chrX	107400229	107682601
chrX	107400229	107681426
chr5	149433631	149465990
chr5	149433631	149465990
chr5	149433631	149465990
chr5	149433631	149459762
chr5	149433631	149465990
chrX	154507191	154563736
chr1	160314379	160328061
chr1	160313186	160328061
chr1	160313186	160328061
chr1	160313186	160328061
chr1	1571125	1588935
chr1	1571125	1588935
chr1	1571125	1588935
chr1	1571125	1577348
chr1	1571125	1588714
chr1	1571125	1577849
chrX	44732797	44970656
chrX	44732797	44970656
chrX	44732797	44970656
chrX	44732797	44970656
chrX	44913078	44970656
chrX	44732797	44970656
chr12	111872705	111886106
chr12	111855949	111886106
chr19	42212650	42231236
chr19	42212650	42231236
chr19	42212650	42231236
chr16	78148981	79245693
chr16	78133675	79245693
chr16	78133675	78312553
chr2	16082186	16086219
chr2	16080708	16086219
chr2	16080708	16082251
chr2	16082186	16086219
chr16	50733406	50765730
chr16	50733406	50765730
chr16	50731154	50765730
chr1	36563169	36565086
chr1	36563169	36565843
chr12	52754636	52758204
chr12	52754636	52761189
chr12	66219050	66346210
chr12	66219050	66308694
chr12	66219050	66236394
chr12	66219050	66357072
chr12	66219050	66308910
chr6	133595918	133849943
chr6	133595918	133849943
chr6	133595918	133849943
chr6	133595918	133849943
chr6	133595918	133849943
chr6	133595918	133849943
chr6	133595918	133849943
chr9	35682077	35689814
chr9	35683155	35689814
chr9	35683155	35689814
chr9	35682077	35689814
chr13	110843972	110959374
chr13	110802709	110959374
chr3	39449144	39453859
chr3	39449144	39453859
chr1	10459174	10479806
chr1	10459716	10479806
chr1	10459174	10479806
chr1	120254645	120286663
chr1	203830855	203839060
chr1	203831049	203839060
chr1	203831041	203839060
chr1	203830787	203839060
chr2	108604611	108627317
chr2	108609450	108627317
chr2	108622504	108627317
chr2	108604611	108627317
chr2	216226277	216300525
chr2	216226277	216300525
chr2	216226277	216300525
chr2	216226277	216300525
chr2	216226277	216300525
chr2	216226277	216300525
chr2	216226277	216300525
chr2	216226277	216300525
chr2	216226277	216300525
chr2	216226277	216300525
chr2	216226277	216300525
chr2	216226277	216300525
chr2	216226277	216300525
chr2	216279526	216300525
chr2	216226277	216300525
chr2	216226277	216300525
chr2	216226277	216300525
chr2	216226277	216300525
chrX	135750187	135825942
chrX	135750187	135863041
chrX	131211899	131261872
chrX	131211899	131261872
chrX	84537184	84634459
chrX	84534426	84634459
chr8	11565821	11615984
chr8	11606429	11615984
chr8	11606429	11615984
chr8	11606429	11615984
chr8	11565821	11615984
chr8	1791565	1905429
chr8	1774276	1905429
chr8	1791565	1905429
chr18	72923831	73000596
chr18	72997497	73000596
chr10	95517901	95557543
chr10	95517901	95557560
chr10	95517901	95557560
chr12	111890615	111991994
chr12	111890615	111991994
chr12	111890615	112036838
chr12	111890615	112036838
chr11	26210723	26681991
chr11	26529656	26681991
chr11	26353822	26681991
chr19	54385748	54410290
chr19	54385748	54410149
chr8	61653991	61778492
chr8	61653991	61778492
chr20	50400803	50418947
chr20	50400803	50418947
chr9	134001091	134108874
chr9	134065815	134108874
chr9	134001091	134108874
chrX	108887257	108926715
chrX	108887257	108926592
chrX	108887257	108926592
chrX	108887257	108926715
chr10	88811507	88853735
chr10	88811507	88836357
chr10	88811507	88836357
chr10	88811507	88836357
chr10	88811507	88836357
chr10	88811507	88836357
chr10	88811507	88854526
chr19	3770618	3771740
chr19	3770618	3771740
chr6	34208557	34212661
chr6	34208557	34212661
chr6	34208557	34212661
chr6	34208557	34212661
chr6	34208557	34212661
chr6	34208557	34212661
chr6	34208557	34212661
chr6	34208557	34212661
chr6	34208557	34212661
chr6	34208557	34212661
chr6	34208557	34212661
chr6	34208557	34212661
chr1	92712086	92763556
chr1	92712086	92763556
chr12	52695700	52702369
chr17	59533851	59560877
chr17	59533851	59560877
chr15	77287914	77329517
chr15	77300397	77329517
chr15	77287130	77329517
chr15	77287914	77329517
chr3	123332951	123457803
chr3	123332951	123512688
chr3	123332951	123512688
chr3	123332951	123512688
chr3	123332951	123512688
chr3	123332951	123339141
chr3	123332951	123339141
chr2	74757133	74760112
chr2	74757133	74760112
chr2	74757133	74760112
chr2	74757133	74760112
chr13	102375180	102527587
chr13	102375180	102845390
chr13	102375180	102873059
chr13	102375180	102527587
chr13	102375180	102527587
chr13	102375180	102845390
chr13	102480215	103054028
chr13	102375180	102873059
chr13	102375180	103054028
chr13	102375180	102873059
chr13	102375180	102946330
chr13	102375180	102527587
chr13	102375180	102527587
chr13	102375180	102845390
chr13	102375180	103053911
chr13	102375180	102527587
chr13	102375180	103053872
chr13	102375180	103053911
chr13	102375180	102527587
chr13	102375180	103053911
chr13	102375180	102568995
chr13	102375180	103054028
chr9	5021987	5126791
chr9	5021987	5126791
chr9	5021987	5126791
chr9	5066678	5126791
chr9	5066678	5126791
chr9	5044499	5126791
chr9	5021987	5126791
chrX	47306828	47315356
chrX	47306828	47326880
chrX	47306828	47315356
chrX	47306828	47326870
chrX	47306828	47315356
chrX	47306828	47326880
chrX	47306828	47315356
chrX	47306828	47326880
chrX	47306828	47326870
chrX	47306828	47315356
chrX	47306828	47326880
chrX	47306828	47326870
chrX	47306828	47315356
chrX	47306828	47326870
chrX	47306828	47326880
chrX	47306828	47326880
chrX	47306828	47326870
chrX	47306828	47326880
chrX	47306828	47326880
chrX	47306828	47326880
chr1	16451709	16475533
chr1	16451709	16482427
chr17	39994184	40004559
chr17	39998144	40004559
chr17	39994184	40004559
chr14	76429654	76447236
chr14	76425529	76447236
chr14	76425529	76447236
chrX	13753190	13787227
chrX	13762541	13787227
chrX	13753190	13787227
chr1	11333588	11354947
chr1	11333588	11354940
chr1	11333588	11346188
chrX	24712078	25014067
chrX	24712078	25014067
chrX	24712078	25014067
chr12	112856915	112942568
chr12	112856915	112942568
chr12	112856915	112942568
chr12	112856915	112924437
chr8	11405578	11421617
chr8	11400733	11421617
chrX	84502578	84526834
chrX	84502578	84526834
chrX	84502578	84526834
chrX	84502578	84526834
chrX	84502578	84526834
chrX	84502578	84526834
chrX	84502578	84526834
chrX	84502578	84526834
chrX	84502578	84526834
chr8	102555496	102678931
chr8	102504997	102678931
chr8	126036858	126093976
chr8	126036858	126096140
chr3	12421210	12475414
chr3	12421210	12475644
chr3	12421210	12475644
chr3	12393091	12447646
chr3	12434149	12475644
chr3	12421204	12447646
chr3	12421210	12475414
chr3	12421210	12475414
chr3	12421210	12475644
chr3	12421210	12475644
chr3	12393091	12475414
chr3	12421204	12475430
chr3	12421210	12475644
chr3	12393091	12475644
chr3	12421210	12475644
chr3	12421210	12475644
chrX	136648850	136659430
chrX	136648850	136652229
chr6	152443775	152501336
chr6	152443570	152489339
chr6	152443570	152949466
chr6	152443570	152949466
chr4	55124935	55147848
chr4	55106219	55161439
chr4	55124935	55161439
chr4	55100638	55161439
chr4	55124935	55161439
chr1	150300907	150325455
chr1	150297400	150325455
chr17	17116968	17131451
chr17	17116968	17131451
chr17	17116968	17131451
chr17	17124692	17131451
chr17	17116968	17131451
chr3	9791970	9798527
chr3	9791970	9798834
chr3	9791970	9807697
chr3	9791970	9807515
chr3	9791970	9807515
chr3	9791970	9798834
chr3	9791970	9798527
chr3	9791970	9799012
chr3	9791970	9807819
chr3	9791970	9807819
chr3	9791970	9807515
chr3	9791970	9807515
chr3	9791970	9800938
chr3	193333483	193409916
chr3	193333483	193409916
chrX	70338604	70362068
chr3	193311166	193409916
chr3	193311166	193409916
chr3	193311166	193409916
chr3	193311166	193409916
chr3	193311166	193409916
chr3	193311166	193409916
chr3	193311166	193409916
chr3	193311166	193409916
chr3	12626012	12660220
chr3	12626012	12660220
chr3	12626012	12660090
chr3	12626012	12660090
chr3	12626012	12660220
chr3	12626012	12660090
chr3	12626012	12660090
chr3	12626012	12660220
chr14	21359845	21360328
chr12	57944054	57976962
chr12	57944054	57976962
chr14	24550444	24552057
chr14	24550444	24552057
chr14	24550444	24552057
chr14	24550444	24552057
chr9	35057113	35068054
chr9	35057113	35068054
chr9	35057113	35072350
chr5	180035131	180076545
chr5	180035280	180076545
chr5	180030191	180076545
chr5	149495325	149515289
chr5	149495325	149514426
chr5	149495325	149516610
chr10	43600536	43622202
chr10	43572706	43622202
chr10	43572706	43623717
chr14	23790678	23793508
chr14	23791422	23794495
chr14	23790678	23794495
chr8	106331169	106815766
chr8	106573685	106815766
chr8	106331169	106815766
chr22	41489008	41574960
chr22	41489008	41574960
chr8	20107232	20112692
chr8	20107232	20112692
chr4	26407803	26432629
chr4	26322378	26432629
chr4	26364233	26432629
chr4	26364233	26432629
chr4	26364233	26432629
chr4	26364233	26432629
chr4	26364233	26432629
chr4	26322378	26432629
chr4	26321496	26432629
chr4	26322378	26432629
chr4	26322650	26432629
chr4	26407803	26432629
chr4	26364233	26432629
chr5	174151662	174152067
chr5	174151662	174156586
chr14	90867676	90871061
chr14	90865425	90871061
chr14	90863574	90871061
chr7	157151266	157208792
chr7	157151266	157178340
chr7	157151266	157208792
chr8	15967593	16043717
chr8	15998510	16035497
chr8	15967593	16035497
chr8	15967593	16035497
chr17	63526093	63554738
chr17	63526093	63554738
chr2	32288900	32379565
chr2	32288900	32379565
chr2	32288900	32372326
chr2	32288900	32379565
chr2	32288900	32379565
chr5	176562171	176722460
chr5	176562104	176722460
chr5	176562171	176722460
chr1	10292386	10436645
chr1	10292386	10436645
chr1	10292386	10364705
chr1	10292386	10436645
chr1	10292386	10364705
chr7	127251117	127255982
chr7	127250905	127255982
chrX	77084716	77150907
chrX	77084716	77151003
chr16	67063310	67132681
chr16	67063310	67132681
chr16	67063310	67132635
chr16	67063310	67132635
chr16	67063310	67132635
chr16	67063310	67132681
chr11	19204179	19213995
chr11	19204216	19213995
chr17	40467762	40500534
chr17	40467762	40500534
chr17	40467762	40500534
chr17	40467762	40500534
chr17	40468844	40500534
chr17	40468844	40500534
chr17	40468844	40500534
chr17	40468844	40500534
chr17	40467762	40500534
chr17	40467762	40500534
chr17	40468844	40500534
chr17	40467762	40500534
chr17	40467762	40500534
chr17	40467762	40500534
chr17	40468844	40500534
chr17	40467762	40500534
chr17	40467762	40500534
chr17	40467762	40500534
chr17	40467762	40500534
chr17	40467762	40500534
chr17	40468844	40500534
chrX	69353797	69385831
chrX	69353797	69385831
chrX	69353797	69385831
chrX	69353797	69385831
chr16	48201184	48265832
chr16	48201184	48265832
chr16	48201184	48265832
chr16	48201184	48265832
chr16	48201184	48265832
chr3	64084726	64184603
chr3	64084726	64184603
chr2	121554896	121748251
chr2	121554896	121748251
chr2	121708939	121748251
chr2	121554896	121748251
chr8	17434761	17500310
chr8	17434761	17500310
chr14	37131294	37145657
chr14	37131294	37145657
chr19	50823502	50832111
chr19	50823502	50832339
chr14	102431028	102516900
chr1	231502217	231557634
chr1	231503355	231557634
chr1	231502156	231557634
chr12	21953977	22089608
chr12	21953977	22065952
chr12	21958107	22089608
chr12	21953977	22089608
chr6	70926599	70992755
chr6	70926599	70992755
chr6	70989703	71012627
chr6	70926599	71012627
chr6	70926599	70992755
chr2	149216327	149270510
chr2	149216327	149270510
chrX	47705666	47776031
chrX	47705666	47776031
chrX	47705666	47783438
chrX	47705666	47780744
chrX	47705666	47776031
chrX	41307142	41334152
chrX	41307142	41334152
chr20	62037996	62103816
chr20	62037996	62103816
chr20	62037996	62103816
chr20	62037996	62103816
chr20	62037996	62103816
chr20	62065097	62103816
chr2	39212964	39351870
chr2	39212964	39347563
chr2	39212964	39347563
chr7	128412593	128415835
chr2	46525050	46611799
chr6	1610680	1612342
chrX	153665600	153671019
chr17	40336171	40337383
chr7	75932029	75933490
chr16	70286623	70316666
chr11	117691386	117695393
chr11	117691386	117698728
chr12	110719594	110788110
chr12	110719594	110784275
chr9	135937389	135947151
chr13	110960250	111164538
chr20	61448416	61472084
chrX	77155050	77160758
chr22	27018560	27026451
chr12	91539834	91572329
chr12	91539834	91572329
chr12	91539834	91572329
chr12	91539834	91572329
chr12	91539834	91572329
chr12	91540012	91572329
chr18	28898263	28935309
chr18	29078214	29126706
chr5	139714260	139725913
chr12	11803061	12043980
chr22	45898865	45959146
chr22	45898865	45960872
chr22	45898865	45996326
chr22	45898865	45953954
chr5	127595146	127873296
chr13	22246051	22275574
chrX	48649516	48652571
chr9	80336238	80646151
chr2	176981561	176983959
chr5	52285298	52386429
chr12	5153313	5155155
chr4	55946107	55991460
chr12	53200852	53207842
chr17	39657595	39661802
chr17	39657507	39661802
chr12	52680038	52685249
chr12	52708414	52715119
chr11	102814994	102826434
chr22	28146902	28196531
chr4	4861626	4864870
chr9	21802747	21862013
chr12	81101498	81102739
chr14	23851248	23876432
chr17	10293770	10323544
chr22	36678713	36745281
chr2	182542516	182543587
chr1	115251155	115258781
chrX	67268265	67652862
chr9	118916451	119158895
chr22	39621727	39639968
chr22	39621727	39636877
chr20	43803563	43804776
chrX	15339627	15350052
chrX	15339627	15353635
chr5	134364468	134369571
chr16	81819594	81991603
chr6	118880084	118880243
chr5	145718675	145720007
chr7	113517777	113559051
chr12	28116276	28122427
chr12	28116276	28122427
chr12	28111491	28122427
chr12	28111491	28122427
chr17	9801411	9808497
chr2	79347987	79350341
chrX	153200738	153210062
chr1	17345375	17380514
chr10	81697607	81706415
chr1	2160205	2238204
chr20	31996312	32031426
chr3	181430148	181431102
chrY	2655029	2655644
chrX	49047893	49056645
chr6	50786604	50811105
chrX	47058201	47074328
chrX	47058201	47074328
chr10	75757965	75877927
chr10	75757965	75877927
chr10	17271421	17279270
chr3	44692559	44701439
chr12	49415562	49449107
chr16	338121	397025
chr16	338121	397025
chr3	133118927	133193816
chr17	58677775	58740913
chr3	5021403	5025377
chr1	33241581	33282845
chr7	138145293	138269696
chr7	138145293	138269696
chr3	155588659	155655481
chr4	41747823	41750627
chr12	12870773	12871880
chrX	139865742	139866531
chrY	25281356	25344947
chr13	28578188	28674647
chr17	72744985	72764795
chr10	121411187	121436794
chr12	103352022	103352733
chr10	88635775	88683476
chrX	68049619	68060497
chrX	54472541	54521865
chr5	44305096	44388784
chr10	94353132	94413553
chrX	20173515	20284750
chrX	38420799	38546921
chr3	128514210	128532265
chrY	14821380	14971341
chr1	41249765	41304195
chr1	41249765	41304195
chr6	10874227	10882026
chr2	129025735	129076137
chr14	77978626	78082922
chr16	89238239	89261563
chr19	18266689	18280104
chr10	103990270	103991837
chrX	70338604	70362068
chr9	133710833	133761070
chr9	133589706	133761070
chr15	35082612	35087009
chr17	77752034	77758841
chr17	77752034	77755948
chr17	27573881	27581367
chr18	49867157	51057023
chr17	48068880	48072362
chr16	86600941	86602447
chr1	147230269	147231346
chr1	147230269	147231346
chr1	147380082	147381384
chr11	5289698	5291120
chr16	230485	231107
chr16	202908	204399
chrX	153214797	153236291
chr18	48573416	48604837
chr2	45169243	45171899
chr10	61552674	61666182
chrX	50653783	50659607
chr17	54671584	54672283
chr20	39316518	39317490
chr11	74168296	74168608
chr15	73614821	73660611
chr19	34919337	34960126
chrX	25022786	25033854
chr7	27222414	27224763
chr12	52881503	52886972
chr12	52840973	52845862
chr17	39766186	39768940
chr6	160952760	161085246
chr15	66995596	67073873
chr19	45988965	46000083
chr19	45988965	46000083
chr19	45988965	45996430
chrX	139585884	139587225
chrX	40440317	40465007
chr1	149895433	149899651
chr5	56111400	56189507
chr19	6213052	6279795
chr1	156737563	156770252
chr13	26787960	26793786
chr13	26787960	26793786
chr13	26787960	26793786
chr13	26706568	26793786
chr14	61113000	61115907
chr12	115109645	115121005
chr12	115109645	115121005
chr12	53068976	53074132
chr1	11906065	11907741
chr8	117859738	117878968
chr2	109336062	109400357
chr11	18502092	18548363
chr5	53751619	53752072
chr20	2633306	2638940
chr17	1554095	1587865
chr1	110091342	110134855
chr1	43392711	43424322
chrX	73641472	73751388
chr19	12995698	12997954
chr16	30712145	30751054
chrX	95940057	96854316
chrX	95940057	96724742
chr2	208986396	208989197
chr22	38369501	38379791
chr11	66453341	66488711
chrX	47432262	47479127
chrX	47432332	47479127
chr13	100634318	100637936
chr6	108192907	108279213
chr17	62473939	62493086
chr8	125487350	125499885
chr1	11073784	11082711
chr11	86662183	86666127
chr20	62612598	62664346
chrX	56590306	56592181
chr2	96940749	96971175
chr14	24679082	24682645
chr20	32399274	32441366
chr4	88532060	88537720
chrX	28807460	29973937
chrX	21755680	21772408
chr12	119617117	119631663
chrX	99901319	99925984
chr1	63063237	63070488
chr12	108917233	108954930
chr3	32148203	32207402
chr14	64375866	64692244
chr14	64683039	64692244
chr14	64680953	64692244
chr14	64375866	64692244
chr5	36953798	37064125
chr5	36953798	37064994
chr19	54621658	54634863
chrX	21857852	21900773
chr1	114940269	115053697
chr1	114940269	115053697
chr4	120057680	120107355
chr1	91382354	91447888
chr1	91382354	91447888
chr1	91382354	91447910
chr16	81272513	81324182
chr9	139390522	139440238
chr8	38175473	38205689
chr8	38133158	38205689
chr11	61197618	61213543
chr6	79650409	79787785
chr10	122610932	122668225
chr8	42693104	42698237
chr8	42693388	42698237
chr16	46694383	46723045
chr7	25163319	25163738
chr6	32407727	32411687
chrX	153409757	153424401
chr20	42743435	42815345
chr20	42806601	42815345
chr14	35871218	35873850
chr12	7842473	7848324
chrX	50339694	50557018
chr2	208992926	208994516
chrX	37545214	37587715
chr1	182544526	182555941
chr3	179119000	179143988
chr11	44286403	44331612
chr13	20716119	20717427
chr11	12785779	12958769
chr13	48807496	48835360
chr8	55370698	55372555
chr2	239155015	239186577
chrX	118968840	118986891
chrX	118968840	118986891
chr3	138664433	138665564
chr3	14166693	14183295
chr1	193091330	193219842
chr17	80788017	80790330
chr8	77616323	77776801
chr20	62559698	62562921
chr1	196946794	196977813
chrX	53560269	53681051
chr19	917502	920748
chr3	122514039	122598225
chr20	30407383	30421600
chr11	69456081	69466050
chr5	14711305	14871556
chr12	53183825	53189826
chr1	236558929	236645949
chr1	236557744	236645949
chr19	16589941	16606940
chrX	63409758	63413166
chr15	38545386	38643865
chrX	79932107	80064970
chr15	43891869	43910920
chrX	154490087	154493573
chr21	35742777	35743149
chr15	43037992	43170815
chr3	191047463	191109549
chr3	191047463	191109549
chr1	55505510	55529257
chr12	52960752	52967561
chr19	46268758	46272102
chr8	10464404	10480711
chr8	144808090	144812752
chr12	40618933	40761567
chr10	91192820	91222335
