chrX	152991621	152994686
chrX	152994867	153001565
chrX	153001708	153001798
chrX	153001967	153002610
chrX	153002705	153005545
chrX	153005691	153006027
chrX	153006173	153008440
chrX	153008525	153008674
chrX	153008800	153008942
chr5	112073622	112090569
chr5	112090722	112102022
chr5	112102107	112102885
chr5	112103087	112111325
chr5	112111434	112116486
chr5	112116600	112128142
chr5	112128226	112136975
chr5	112137080	112151191
chr5	112151290	112154662
chr5	112155041	112157592
chr5	112157688	112162804
chr5	112162944	112163625
chr5	112163703	112164552
chr5	112164669	112170647
chr5	112170862	112173249
chrX	66766604	66863097
chrX	66863249	66905851
chrX	66905968	66931243
chrX	66931531	66937319
chrX	66937464	66941674
chrX	66941805	66942668
chrX	66942826	66943527
chrX	2853231	2854782
chrX	2854904	2856135
chrX	2856298	2861105
chrX	2861240	2864038
chrX	2864175	2867344
chrX	2867768	2871183
chrX	2871306	2873456
chrX	2873578	2876314
chrX	2876476	2878418
chrX	2878461	2882264
chrX	77166332	77227117
chrX	77227258	77243737
chrX	77244227	77244728
chrX	77245454	77253974
chrX	77254181	77258569
chrX	77258733	77264598
chrX	77264760	77266672
chrX	77266749	77266945
chrX	77267171	77268375
chrX	77268609	77270158
chrX	77270250	77271250
chrX	77271378	77275740
chrX	77275895	77276441
chrX	77276576	77284746
chrX	77284941	77286897
chrX	77287080	77289102
chrX	77289319	77294333
chrX	77294480	77296088
chrX	77296231	77298082
chrX	77298286	77298814
chrX	77298932	77300966
chrX	77301069	77301790
chrX	153170225	153170427
chrX	153170624	153170985
chrX	153171870	153171976
chr13	32889804	32890558
chr13	32890664	32893213
chr13	32893462	32899212
chr13	32899321	32900237
chr13	32900287	32900378
chr13	32900419	32900635
chr13	32900750	32903579
chr13	32903629	32905055
chr13	32905167	32906408
chr13	32907524	32910401
chr13	32915333	32918694
chr13	32918790	32920963
chr13	32921033	32928997
chr13	32929425	32930564
chr13	32930746	32931878
chr13	32932066	32936659
chr13	32936830	32937315
chr13	32937670	32944538
chr13	32944694	32945092
chr13	32945237	32950806
chr13	32950928	32953453
chr13	32953652	32953886
chr13	32954050	32954143
chr13	32954282	32968825
chr13	32969070	32971034
chr13	32971181	32972298
chrX	100604944	100608181
chrX	100608339	100608857
chrX	100608976	100609617
chrX	100609682	100611039
chrX	100611256	100611771
chrX	100611943	100612496
chrX	100612571	100613297
chrX	100613425	100613604
chrX	100613684	100614280
chrX	100614335	100615075
chrX	100615138	100615555
chrX	100615743	100617160
chrX	100617228	100617548
chrX	100617677	100624985
chrX	100625067	100626620
chrX	100626689	100629523
chrX	100629622	100630131
chrX	100630302	100641049
chr11	2905145	2905228
chr11	2905364	2905899
chrX	49832415	49834533
chrX	49834685	49837143
chrX	49837243	49840449
chrX	49840637	49845250
chrX	49845373	49846297
chrX	49846504	49850636
chrX	49850717	49850984
chrX	49851527	49853354
chrX	49853541	49854772
chrX	49855171	49855326
chrX	49855543	49856785
chr17	48263009	48263138
chr17	48263381	48263677
chr17	48263868	48264000
chr17	48264283	48264375
chr17	48264483	48264844
chr17	48264898	48265236
chr17	48265344	48265456
chr17	48265510	48265890
chr17	48265998	48266102
chr17	48266156	48266263
chr17	48266371	48266528
chr17	48266636	48266737
chr17	48266899	48267039
chr17	48267093	48267219
chr17	48267273	48267361
chr17	48267469	48267687
chr17	48267741	48267903
chr17	48267957	48268177
chr17	48268285	48268743
chr17	48268851	48269148
chr17	48269247	48269340
chr17	48269385	48269835
chr17	48269889	48270000
chr17	48270054	48270157
chr17	48270211	48270354
chr17	48270408	48271303
chr17	48271402	48271490
chr17	48271544	48271709
chr17	48271808	48271933
chr17	48271987	48272081
chr17	48272189	48272407
chr17	48272461	48272592
chr17	48272691	48272794
chr17	48272839	48272927
chr17	48273026	48273283
chr17	48273337	48273515
chr17	48273560	48273674
chr17	48273728	48273844
chr17	48273889	48273977
chr17	48274031	48274370
chr17	48274424	48274540
chr17	48274594	48275092
chr17	48275146	48275309
chr17	48275363	48275521
chr17	48275566	48275793
chr17	48275865	48276586
chr17	48276688	48276778
chr17	48276814	48276916
chr17	48276951	48277113
chr17	48277308	48278771
chrX	31140047	31144758
chrX	31144790	31152218
chrX	31152311	31164407
chrX	31164531	31165391
chrX	31165635	31187559
chrX	31187718	31190464
chrX	31190530	31191655
chrX	31191721	31196048
chrX	31196087	31196785
chrX	31196922	31198486
chrX	31198598	31200854
chrX	31201021	31222077
chrX	31222235	31224698
chrX	31224784	31227614
chrX	31227816	31241163
chrX	31241238	31279071
chrX	31279133	31341714
chrX	31341775	31366672
chrX	31366751	31462597
chrX	31462744	31496222
chrX	31496491	31497099
chrX	31497220	31514904
chrX	31515061	31525397
chrX	31525570	31645789
chrX	31645979	31676106
chrX	31676261	31697491
chrX	31697703	31747747
chrX	31747865	31792076
chrX	31792309	31838091
chrX	31838200	31854834
chrX	31854936	31893304
chrX	31893490	31947712
chrX	31947862	31950196
chrX	31950344	31986455
chrX	31986631	32235032
chrX	32235180	32305645
chrX	32305818	32328198
chrX	32328393	32360216
chrX	32360399	32361250
chrX	32361403	32364059
chrX	32364197	32366522
chrX	32366645	32380904
chrX	32381075	32382698
chrX	32382827	32383136
chrX	32383316	32398626
chrX	32398797	32404426
chrX	32404582	32407617
chrX	32407791	32408187
chrX	32408298	32429868
chrX	32430030	32456357
chrX	32456507	32459296
chrX	32459431	32466572
chrX	32466755	32472778
chrX	32472949	32481555
chrX	32481711	32482702
chrX	32482816	32486614
chrX	32486827	32490280
chrX	32490426	32503035
chrX	32503216	32509393
chrX	32509635	32519871
chrX	32519959	32536124
chrX	32536248	32563275
chrX	32563451	32583818
chrX	32583998	32591646
chrX	32591754	32591861
chrX	32591963	32613873
chrX	32613993	32632419
chrX	32632570	32662248
chrX	32662430	32663080
chrX	32663269	32715986
chrX	32716115	32717228
chrX	32717410	32827609
chrX	32827728	32834584
chrX	32834757	32841411
chrX	32841504	32862899
chrX	32862977	32867844
chrX	32867937	33038255
chrX	33038317	33357375
chr13	78472469	78473993
chr13	78474102	78474655
chr13	78474789	78475192
chr13	78475342	78477290
chr13	78477495	78477629
chr13	78477742	78492225
chr13	78492759	78549481
chr8	118812136	118816960
chr8	118817132	118819455
chr8	118819616	118825110
chr8	118825200	118830673
chr8	118830769	118831914
chr8	118832033	118834703
chr8	118834836	118842468
chr8	118842588	118847682
chr8	118847790	118849346
chr8	118849440	119122323
chrX	154066027	154088706
chrX	154088883	154089992
chrX	154090141	154091357
chrX	154091502	154124351
chrX	154124507	154128140
chrX	154128226	154129645
chrX	154129717	154130325
chrX	154130442	154132180
chrX	154132363	154132570
chrX	154132799	154133085
chrX	154133298	154134694
chrX	154134848	154156845
chrX	154159951	154175972
chrX	154176182	154182166
chrX	154182317	154185231
chrX	154185446	154189349
chrX	154189443	154194244
chrX	154194416	154194700
chrX	154194962	154197605
chrX	154197827	154212961
chrX	154213078	154215511
chrX	154215580	154221210
chrX	154221423	154225247
chrX	154225370	154227753
chrX	154227875	154250684
chrX	138613011	138619168
chrX	138619332	138619520
chrX	138619545	138623234
chrX	138623348	138630521
chrX	138630650	138633220
chrX	138633423	138642899
chrX	138643014	138643682
chr15	48703576	48704765
chr15	48704940	48707732
chr15	48707964	48712883
chr15	48713003	48713754
chr15	48713883	48714148
chr15	48714265	48717565
chr15	48717688	48717935
chr15	48718061	48719763
chr15	48719970	48720542
chr15	48720668	48722867
chr15	48722999	48725062
chr15	48725185	48726790
chr15	48726910	48729157
chr15	48729274	48729518
chr15	48729584	48729964
chr15	48730114	48733917
chr15	48734043	48736737
chr15	48736857	48737572
chr15	48737701	48738902
chr15	48739019	48740964
chr15	48741090	48744758
chr15	48744881	48748833
chr15	48748959	48752442
chr15	48752514	48755278
chr15	48755437	48756095
chr15	48756218	48757764
chr15	48757890	48757986
chr15	48758055	48760134
chr15	48760299	48760608
chr15	48760731	48762830
chr15	48762953	48764747
chr15	48764873	48766451
chr15	48766574	48766724
chr15	48766847	48773851
chr15	48773977	48776014
chr15	48776140	48777570
chr15	48777693	48779271
chr15	48779397	48779508
chr15	48779634	48780309
chr15	48780438	48780564
chr15	48780690	48782047
chr15	48782275	48784657
chr15	48784783	48786400
chr15	48786451	48787319
chr15	48787457	48787665
chr15	48787785	48788296
chr15	48788422	48789462
chr15	48789588	48791181
chr15	48791235	48795983
chr15	48796136	48797221
chr15	48797344	48800778
chr15	48800901	48802240
chr15	48802366	48805745
chr15	48805865	48807583
chr15	48807724	48808379
chr15	48808559	48812855
chr15	48813014	48818326
chr15	48818452	48826276
chr15	48826402	48829807
chr15	48830005	48888479
chr15	48888575	48892335
chr15	48892431	48902924
chr15	48903023	48905206
chr15	48905289	48936802
chr15	48937147	48937771
chr7	44184879	44185095
chr7	44185329	44186061
chr7	44186217	44187248
chr7	44187432	44189358
chr7	44189458	44189567
chr7	44189663	44190554
chr7	44190674	44191869
chr7	44192024	44192899
chr7	44193062	44228507
chr7	42006239	42007193
chr7	42007521	42011935
chr7	42012226	42017156
chr7	42017321	42018197
chr7	42018347	42063066
chr7	42063207	42064862
chr7	42064976	42065797
chr7	42066011	42079636
chr7	42079838	42084982
chr7	42085129	42088089
chr7	42088295	42116350
chr7	42116456	42187824
chr7	42188067	42262728
chr7	42262894	42276569
chrX	100653087	100653357
chrX	100653555	100653772
chrX	100653934	100655653
chrX	100655745	100656619
chrX	100656797	100658798
chrX	100658973	100662697
chr12	114793911	114803969
chr12	114804196	114823280
chr12	114823372	114832545
chr12	114832698	114836377
chr12	114836525	114837317
chr12	114837437	114839630
chr12	114839725	114841556
chr12	114841741	114845618
chr7	155596420	155598989
chr7	155599251	155604516
chrX	133594368	133607388
chrX	133607495	133609210
chrX	133609394	133620494
chrX	133620560	133624217
chrX	133624235	133627537
chrX	133627620	133632419
chrX	133632466	133632637
chrX	133632714	133634059
chrX	148564749	148568455
chrX	148568629	148571844
chrX	148571971	148577876
chrX	148578047	148579637
chrX	148579838	148582479
chrX	148582568	148584841
chrX	148585019	148585686
chrX	148585823	148586564
chr20	10620603	10621430
chr20	10621581	10621760
chr20	10621892	10622107
chr20	10622341	10622430
chr20	10622540	10623135
chr20	10623249	10624425
chr20	10624511	10625004
chr20	10625032	10625510
chr20	10625627	10625790
chr20	10625904	10626003
chr20	10626117	10626618
chr20	10626732	10627586
chr20	10627751	10628607
chr20	10628758	10629196
chr20	10629370	10629708
chr20	10629755	10630169
chr20	10630283	10630894
chr20	10631008	10632228
chr20	10632342	10632778
chr20	10632898	10633115
chr20	10633246	10637045
chr20	10637106	10639115
chr20	10639370	10644610
chr20	10644662	10653348
chr20	10653654	10654097
chrX	8501094	8502359
chrX	8502501	8503631
chrX	8503852	8504811
chrX	8504983	8507704
chrX	8507799	8521992
chrX	8522139	8536272
chrX	8536417	8538539
chrX	8538745	8553307
chrX	8553437	8555834
chrX	8556019	8565074
chrX	8565297	8591648
chrX	8591711	8667738
chrX	8667786	8699870
chr11	2466714	2549157
chr11	2549248	2591857
chr11	2591984	2592554
chr11	2592633	2593242
chr11	2593339	2594075
chr11	2594216	2604664
chr11	2604775	2606441
chr11	2606537	2608799
chr11	2608922	2609942
chr11	2610084	2683190
chr11	2683311	2790073
chr11	2790149	2797189
chr11	2797284	2798215
chr11	2798262	2799205
chr11	2799267	2868996
chrX	43515662	43542760
chrX	43542855	43552537
chrX	43552675	43571118
chrX	43571223	43571951
chrX	43572043	43587419
chrX	43587561	43590487
chrX	43590637	43590940
chrX	43591100	43591945
chrX	43592042	43595473
chrX	43595527	43599927
chrX	43599985	43601196
chrX	43601294	43603040
chrX	43603152	43603355
chrX	43603418	43603613
chr3	69985906	69986972
chr3	69987200	69988248
chr3	69988332	69990386
chr3	69990482	69998201
chr3	69998319	70000962
chr3	70001037	70005605
chr3	70005681	70008423
chr3	70008571	70013997
chrX	149737112	149761066
chrX	149761139	149764961
chrX	149765034	149767055
chrX	149767150	149783061
chrX	149783172	149787510
chrX	149787612	149807415
chrX	149807499	149809741
chrX	149809891	149814155
chrX	149814344	149818188
chrX	149818374	149826293
chrX	149826500	149828136
chrX	149828229	149828843
chrX	149828957	149831905
chrX	149832082	149839900
chr9	98208673	98209192
chr9	98209733	98211350
chr9	98211605	98212122
chr9	98212222	98215759
chr9	98215902	98218557
chr9	98218695	98220294
chr9	98220575	98221881
chr9	98222065	98224137
chr9	98224280	98229397
chr9	98229707	98231032
chr9	98231435	98232094
chr9	98232213	98238315
chr9	98238441	98239040
chr9	98239139	98239828
chr9	98239984	98240336
chr9	98240468	98241281
chr9	98241429	98242250
chr9	98242372	98242671
chr9	98242870	98244230
chr9	98244322	98244415
chr9	98244485	98247966
chr9	98248156	98268688
chr9	98268881	98270442
chrX	43809272	43817717
chrX	43818098	43832549
chr17	29422387	29483000
chr17	29483144	29486027
chr17	29486111	29490203
chr17	29490394	29496908
chr17	29497015	29508439
chr17	29508507	29508727
chr17	29508803	29509525
chr17	29509683	29527439
chr17	29527613	29528054
chr17	29528177	29528428
chr17	29528503	29533257
chr17	29533389	29541468
chr17	29541603	29546022
chr17	29546136	29548867
chr17	29548947	29550461
chr17	29550585	29552112
chr17	29552268	29553452
chr17	29553702	29554235
chr17	29554309	29554540
chr17	29554624	29556042
chr17	29556483	29556852
chr17	29556992	29557277
chr17	29557400	29557859
chr17	29557943	29559090
chr17	29559207	29559717
chr17	29559899	29560019
chr17	29560231	29562628
chr17	29562790	29562935
chr17	29563039	29576001
chr17	29576137	29585361
chr17	29585520	29586049
chr17	29586147	29587386
chr17	29587533	29588728
chr17	29588875	29592246
chr17	29592357	29652837
chr17	29653270	29654516
chr17	29654857	29657313
chr17	29657516	29661855
chr17	29662049	29663350
chr17	29663491	29663652
chr17	29663932	29664385
chr17	29664600	29664836
chr17	29664898	29665042
chr17	29665157	29665721
chr17	29665823	29667522
chr17	29667663	29670026
chr17	29670153	29676137
chr17	29676269	29677200
chr17	29677336	29679274
chr17	29679432	29683477
chr17	29683600	29683977
chr17	29684108	29684286
chr17	29684387	29685497
chr17	29685640	29685986
chr17	29686033	29687504
chr17	29687721	29701030
chr22	30000101	30032739
chr22	30032865	30035078
chr22	30035201	30038190
chr22	30038274	30050645
chr22	30050714	30051582
chr22	30051665	30054177
chr22	30054253	30057193
chr22	30057328	30060978
chr22	30061053	30064321
chr22	30064435	30067814
chr22	30067937	30069257
chr22	30069475	30070824
chr22	30070930	30074184
chr22	30074312	30077427
chr22	30077590	30090740
chrX	128674455	128674720
chrX	128674800	128678934
chrX	128679014	128682539
chrX	128682578	128691301
chrX	128691412	128691837
chrX	128691927	128692609
chrX	128692730	128692816
chrX	128692978	128694526
chrX	128694628	128695155
chrX	128695270	128696360
chrX	128696477	128696575
chrX	128696763	128699748
chrX	128699860	128701230
chrX	128701340	128703240
chrX	128703376	128709116
chrX	128709227	128709873
chrX	128710039	128710293
chrX	128710529	128718320
chrX	128718344	128720978
chrX	128721095	128722155
chrX	128722240	128722862
chrX	128722990	128723821
chrX	128723933	128724122
chr10	102506060	102509502
chr10	102509671	102510450
chr10	102510648	102539254
chr10	102539340	102541002
chr10	102541122	102566186
chr10	102566362	102568866
chr10	102568993	102584404
chr10	102584506	102586765
chr10	102586852	102587299
chr11	31811567	31812257
chr11	31812408	31814985
chr11	31815101	31815199
chr11	31815350	31815579
chr11	31815662	31816177
chr11	31816336	31822238
chr11	31822404	31823108
chr11	31823324	31824251
chr11	31824382	31827949
chr11	31828010	31828396
chr11	31828473	31832375
chrX	19362212	19367429
chrX	19367489	19368054
chrX	19368228	19369398
chrX	19369525	19371199
chrX	19371291	19372608
chrX	19372701	19373466
chrX	19373622	19373803
chrX	19373875	19375769
chrX	19375837	19377033
chrX	19377142	19377606
chrX	77359902	77365363
chrX	77365414	77369240
chrX	77369396	77369512
chrX	77369657	77372808
chrX	77372912	77373547
chrX	77373667	77378331
chrX	77378446	77378691
chrX	77378871	77380370
chrX	77380548	77380823
chrX	77380922	77381286
chr16	2140195	2140285
chr16	2140591	2140674
chr16	2140809	2140884
chr16	2141175	2141423
chr16	2141598	2141781
chr16	2141907	2142047
chr16	2142189	2142480
chr16	2142593	2142954
chr16	2143094	2143544
chr16	2143739	2143811
chr16	2144014	2144092
chr16	2144211	2147148
chr16	2147242	2147319
chr16	2147504	2147728
chr16	2147778	2147868
chr16	2147985	2149644
chr16	2149771	2149861
chr16	2150072	2150166
chr16	2150310	2150396
chr16	2150567	2152061
chr16	2152257	2152381
chr16	2152634	2152814
chr16	2152971	2153266
chr16	2153896	2154498
chr16	2154643	2155322
chr16	2155475	2155865
chr16	2156025	2156091
chr16	2156305	2156398
chr16	2156678	2156805
chr16	2156949	2157883
chr16	2158033	2158252
chr16	2161872	2162340
chr16	2162474	2162788
chr16	2162964	2163161
chr16	2163293	2164170
chr16	2164926	2165378
chr16	2165626	2165992
chr16	2166119	2166529
chr16	2166645	2166833
chr16	2167054	2167489
chr16	2167673	2167791
chr16	2168463	2168676
chr16	2168846	2169114
chr16	2169186	2169307
chr16	2169379	2185475
chr4	88929480	88940609
chr4	88940723	88957371
chr4	88957505	88959402
chr4	88959653	88964384
chr4	88964609	88967793
chr4	88968022	88973142
chr4	88973310	88977237
chr4	88977419	88979134
chr4	88979255	88983057
chr4	88983156	88986525
chr4	88986647	88986913
chr4	88987031	88989049
chr4	88989213	88995963
chr4	88996111	88996609
chr17	15134397	15142787
chr17	15142928	15162410
chr17	15162510	15163966
chr17	15164078	15168470
chr10	89624305	89653781
chr10	89653866	89685269
chr10	89685314	89690802
chr10	89690846	89692769
chr10	89693008	89711874
chr10	89712016	89717609
chr10	89717776	89720650
chr10	89720875	89725043
chr13	48878185	48881415
chr13	48881542	48916734
chr13	48916850	48919215
chr13	48919335	48921960
chr13	48921999	48923091
chr13	48923159	48934152
chr13	48934263	48936950
chr13	48937093	48939029
chr13	48939107	48941629
chr13	48941739	48942662
chr13	48942740	48947540
chr13	48947628	48951053
chr13	48951170	48953729
chr13	48953786	48954188
chr13	48954220	48954300
chr13	48954377	48955382
chr13	48955579	49027128
chr13	49027247	49030339
chr13	49030485	49033823
chr13	49033969	49037866
chr13	49037971	49039133
chr13	49039247	49039340
chr13	49039504	49047495
chr13	49047526	49050836
chr13	49050979	49051490
chr13	49051540	49054133
chr4	111539844	111542319
chr4	111542525	111543411
chrX	18660276	18662549
chrX	18662745	18665310
chrX	18665452	18674772
chrX	18674878	18675759
chrX	18675785	18690136
chr17	70117963	70118859
chr17	70119113	70119683
chrX	7137727	7171236
chrX	7171377	7175282
chrX	7175404	7175506
chrX	7175629	7177389
chrX	7177813	7193991
chrX	7194128	7223086
chrX	7223224	7243379
chrX	7243539	7252026
chrX	7252148	7267928
chr5	149737417	149740718
chr5	149740774	149743675
chr5	149743815	149747406
chr5	149747480	149748278
chr5	149748465	149749091
chr5	149749165	149753736
chr5	149753949	149754179
chr5	149754374	149754516
chr5	149754726	149754901
chr5	149755117	149755283
chr5	149755472	149755644
chr5	149755893	149755985
chr5	149756183	149758467
chr5	149758605	149758791
chr5	149758971	149759094
chr5	149759295	149767464
chr5	149767651	149769449
chr5	149769586	149771106
chr5	149771220	149771519
chr5	149771739	149772270
chr5	149772353	149772934
chr5	149773115	149775844
chr5	149776405	149777916
chr5	149778014	149778584
chr5	149778633	149779372
chr9	135772141	135772570
chr9	135772732	135772809
chr9	135772997	135776101
chr9	135776224	135776975
chr9	135777086	135777991
chr9	135778174	135779037
chr9	135779204	135779797
chr9	135779841	135780967
chr9	135781526	135782117
chr9	135782222	135782687
chr9	135782757	135785957
chr9	135786079	135786388
chr9	135786500	135786839
chr9	135786955	135787668
chr9	135787844	135796749
chr9	135796823	135797205
chr9	135797360	135798734
chr9	135798879	135800973
chr9	135801126	135802587
chr9	135802691	135804153
chr9	135804339	135810419
chr9	135810482	135819929
chr11	32410725	32413526
chr11	32413610	32414211
chr11	32414301	32417802
chr11	32417953	32421493
chr11	32421590	32439122
chr11	32439200	32449501
chr11	32449604	32450042
chr11	32450165	32456245
chrX	10417756	10422909
chrX	10423117	10427685
chrX	10427847	10437736
chrX	10437880	10442662
chrX	10442790	10450519
chrX	10450668	10463623
chrX	10463731	10491131
chrX	10491227	10534927
chrX	10535643	10588329
chrX	85119826	85128056
chrX	85128217	85133969
chrX	85134068	85149192
chrX	85149289	85155650
chrX	85155714	85156088
chrX	85156193	85166265
chrX	85166343	85211157
chrX	85211383	85212859
chrX	85212980	85213865
chrX	85213982	85218669
chrX	85219057	85233770
chrX	85233895	85236740
chrX	85236813	85282494
chrX	85282561	85302487
chrX	37639375	37641340
chrX	37641436	37642742
chrX	37642853	37651227
chrX	37651312	37652917
chrX	37653063	37655203
chrX	37655394	37658207
chrX	37658337	37660508
chrX	37660601	37663129
chrX	37663383	37664258
chrX	37664421	37665639
chrX	37665786	37668819
chrX	37668944	37670043
chr11	44117871	44129232
chr11	44129798	44130743
chr11	44130833	44135734
chr11	44135851	44146338
chr11	44146534	44148365
chr11	44148505	44151594
chr11	44151688	44193160
chr11	44193292	44219378
chr11	44219568	44228342
chr11	44228509	44253902
chr11	44254046	44255664
chr11	44255793	44257842
chr11	44257925	44265698
chr3	33038836	33055547
chr3	33055802	33058200
chr3	33058332	33059939
chr3	33060053	33063057
chr3	33063147	33065742
chr3	33065817	33087611
chr3	33087724	33093249
chr3	33093290	33093374
chr3	33093496	33094982
chr3	33095041	33099580
chr3	33099761	33106954
chr3	33107049	33109721
chr3	33109782	33110311
chr3	33110462	33114035
chr3	33114205	33138502
chrX	153128349	153128822
chrX	153128834	153128931
chrX	153129004	153129337
chrX	153129472	153129776
chrX	153129932	153130039
chrX	153130159	153130275
chrX	153130449	153130542
chrX	153130665	153130753
chrX	153130955	153131158
chrX	153131274	153132103
chrX	153132326	153132508
chrX	153132579	153132810
chrX	153133008	153133254
chrX	153133365	153133452
chrX	153133577	153133756
chrX	153133913	153134015
chrX	153134182	153134295
chrX	153134407	153134974
chrX	153135118	153135257
chrX	153135389	153135510
chrX	153135695	153135842
chrX	153135954	153136244
chrX	153136415	153136511
chrX	153136634	153137606
chrX	153137809	153138046
chrX	153138152	153138682
chrX	153138697	153141215
chr17	2497300	2541392
chr17	2541614	2568665
chr17	2568750	2569309
chr17	2569384	2570285
chr17	2570492	2573456
chr17	2573625	2575948
chr17	2576051	2577353
chr17	2577582	2579798
chr17	2579900	2583457
chr17	2583614	2585022
chr2	223159020	223160246
chr2	223160376	223161696
chr2	223161932	223163249
chrX	22051241	22056586
chrX	22056655	22065167
chrX	22065329	22094505
chrX	22094592	22095593
chrX	22095820	22108546
chrX	22108615	22112100
chrX	22112217	22115072
chrX	22115156	22117123
chrX	22117269	22129584
chrX	22129678	22132575
chrX	22132704	22151639
chrX	22151741	22186428
chrX	22186506	22196389
chrX	22196493	22208560
chrX	22208619	22231020
chrX	22231075	22237152
chrX	22237220	22239729
chrX	22239860	22244559
chrX	22244625	22245623
chrX	22245728	22263449
chrX	22263526	22265967
chrX	585337	591200
chrX	591909	595352
chrX	595561	601555
chrX	601613	601733
chrX	601822	605125
chr17	36047395	36059081
chr17	36059200	36060987
chr17	36061182	36064923
chr17	36065056	36070510
chr17	36070671	36091585
chr17	36091821	36093549
chr17	36093814	36099430
chr17	36099630	36104531
chr15	25584404	25585231
chr15	25585375	25599499
chr15	25599573	25599674
chr15	25599830	25601038
chr15	25601203	25601837
chr15	25602043	25605529
chr15	25605674	25615712
chr15	25616959	25620611
chr15	25620910	25650607
chr15	25650649	25653766
chr15	25653831	25654234
chr15	25654354	25657054
chr15	25657118	25683635
chr7	19155754	19156293
chrX	30322940	30326312
chrX	76764107	76776265
chrX	76776394	76776880
chrX	76776976	76777740
chrX	76777866	76778729
chrX	76778879	76812921
chrX	76813116	76814139
chrX	76814317	76829714
chrX	76829823	76845303
chrX	76845410	76849165
chrX	76849319	76854879
chrX	76855049	76855200
chrX	76855289	76855902
chrX	76856033	76872080
chrX	76872198	76874273
chrX	76874449	76875862
chrX	76876000	76888694
chrX	76888872	76889053
chrX	76889200	76890084
chrX	76890194	76891405
chrX	76891547	76907603
chrX	76907843	76909587
chrX	76909690	76912049
chrX	76912143	76918870
chrX	76919047	76920133
chrX	76920267	76931720
chrX	76931793	76937011
chrX	76940085	76940430
chrX	76940498	76944310
chrX	76944420	76949312
chrX	76949426	76952064
chrX	76952192	76953070
chrX	76953123	76954061
chrX	76954117	76972607
chrX	76972720	77041467
chrX	107683436	107782975
chrX	107783035	107802293
chrX	107802383	107807111
chrX	107807156	107811858
chrX	107811903	107811988
chrX	107812051	107814642
chrX	107814696	107815040
chrX	107815067	107816803
chrX	107816884	107819139
chrX	107819202	107821181
chrX	107821217	107821307
chrX	107821349	107821520
chrX	107821613	107823762
chrX	107823816	107823911
chrX	107823968	107824212
chrX	107824257	107826113
chrX	107826167	107827713
chrX	107827755	107829844
chrX	107829977	107834287
chrX	107834461	107834790
chrX	107834874	107838738
chrX	107838831	107840227
chrX	107840298	107840606
chrX	107840798	107841931
chrX	107842100	107844622
chrX	107844715	107845114
chrX	107845219	107846193
chrX	107846291	107849971
chrX	107850122	107858140
chrX	107858254	107863488
chrX	107863656	107865032
chrX	107865122	107865905
chrX	107866055	107867465
chrX	107867564	107868934
chrX	107869024	107869439
chrX	107869579	107898560
chrX	107898687	107908736
chrX	107908817	107909725
chrX	107909824	107910362
chrX	107910413	107911548
chrX	107911734	107920729
chrX	107920863	107923908
chrX	107923981	107924114
chrX	107924186	107924989
chrX	107925118	107929260
chrX	107929359	107930711
chrX	107930924	107935977
chrX	107936155	107938036
chrX	107938151	107938496
chrX	107938669	107939526
chr22	25615633	25617370
chr22	25617450	25620884
chr22	25621003	25623819
chr22	25623952	25625402
chr22	25625545	25627570
chr7	73442599	73449693
chr7	73449744	73450884
chr7	73450914	73452036
chr7	73452069	73455545
chr7	73455581	73456943
chr7	73457036	73457313
chr7	73457364	73457447
chr7	73457498	73458208
chr7	73458250	73459551
chr7	73459623	73460517
chr7	73460547	73461025
chr7	73461097	73462004
chr7	73462046	73462471
chr7	73462531	73462832
chr7	73462886	73466079
chr7	73466169	73466253
chr7	73466313	73467492
chr7	73467639	73469045
chr7	73469099	73470600
chr7	73470765	73471001
chr7	73471043	73471969
chr7	73472026	73474215
chr7	73474377	73474469
chr7	73474514	73474705
chr7	73474831	73475430
chr7	73475469	73477482
chr7	73477554	73477639
chr7	73477699	73477950
chr7	73478025	73480023
chr7	73480062	73480273
chr7	73480327	73481061
chr7	73481106	73482986
chr8	72111655	72123390
chr8	72123491	72127621
chr8	72127743	72127848
chr8	72127963	72128926
chr8	72129087	72129199
chr8	72129258	72156837
chr8	72156927	72181974
chr8	72182058	72183992
chr8	72184132	72211281
chr8	72211468	72211872
chr8	72211955	72229786
chr8	72229924	72233968
chr8	72234114	72234433
chr8	72234503	72246331
chr8	72246409	72267016
chr8	72267144	72268696
chr8	72268746	72273881
chr20	57466920	57470666
chr20	57470739	57473995
chr20	57474040	57478585
chr20	57478640	57478726
chr20	57478846	57480437
chr20	57480535	57484216
chr20	57484271	57484404
chr20	57484478	57484575
chr20	57484634	57484738
chr20	57484859	57485005
chr20	57485136	57485388
chr20	57485456	57485737
chr2	176958399	176959207
chrX	38212026	38226543
chrX	38226682	38229048
chrX	38229130	38240594
chrX	38240682	38260527
chrX	38260681	38262870
chrX	38262993	38267994
chrX	38268048	38268128
chrX	38268278	38271114
chrX	38271252	38280275
chrX	103031927	103040510
chrX	103040697	103041393
chrX	103041655	103042726
chrX	103042895	103043365
chrX	103043439	103044261
chrX	103044327	103045454
chr17	7573008	7573926
chr17	7574033	7576852
chr17	7576926	7577018
chr17	7577155	7577498
chr17	7577608	7578176
chr17	7578289	7578370
chr17	7578554	7579311
chr17	7579590	7579699
chr17	7579721	7579838
chr17	7579940	7590694
chr16	2098066	2098587
chr16	2098754	2100400
chr16	2100487	2103342
chr16	2103453	2104296
chr16	2104441	2105402
chr16	2105520	2106196
chr16	2106245	2106644
chr16	2106770	2107105
chr16	2107179	2108747
chr16	2108874	2110670
chr16	2110814	2111871
chr16	2112009	2112497
chr16	2112601	2112972
chr16	2113054	2114272
chr16	2114428	2115519
chr16	2115636	2120456
chr16	2120579	2121510
chr16	2121617	2121784
chr16	2121935	2122241
chr16	2122364	2122849
chr16	2122984	2124200
chr16	2124390	2125799
chr16	2125893	2126068
chr16	2126171	2126491
chr16	2126586	2127598
chr16	2127727	2129032
chr16	2129197	2129276
chr16	2129429	2129557
chr16	2129670	2130165
chr16	2130378	2131595
chr16	2131799	2132436
chr16	2132505	2133695
chr16	2133817	2134228
chr16	2134716	2134951
chr16	2135027	2135230
chr16	2135323	2136193
chr16	2136380	2136732
chr16	2136872	2137863
chr16	2137942	2138048
chr16	2138140	2138227
chr16	2138326	2138446
chr3	10183871	10188197
chr3	10188320	10191470
chrX	110544971	110555869
chrX	110555964	110574146
chrX	110574269	110576278
chrX	110576381	110644217
chrX	110644558	110653262
chrX	110653648	110653981
chr20	34022581	34025077
chr12	2162777	2224389
chr12	2224711	2229490
chr12	2229596	2558141
chr12	2558281	2566732
chr12	2566872	2595269
chr12	2595428	2602355
chr12	2602552	2614007
chr12	2614111	2621977
chr12	2622150	2659108
chr12	2659199	2666116
chr12	2666143	2675587
chr12	2675748	2676734
chr12	2676960	2690755
chr12	2690963	2691987
chr12	2692108	2693668
chr12	2693783	2694541
chr12	2694662	2695000
chr12	2695070	2702378
chr12	2702511	2705039
chr12	2705169	2706395
chr12	2706455	2711019
chr12	2711126	2714246
chr12	2714334	2714844
chr12	2714952	2715776
chr12	2715829	2716149
chr12	2716296	2717676
chr12	2717878	2719706
chr12	2719865	2721068
chr12	2721179	2743462
chr12	2743546	2757640
chr12	2757673	2760805
chr12	2760934	2763000
chr12	2763066	2764312
chr12	2764404	2773990
chr12	2774156	2774746
chr12	2774874	2775851
chr12	2775948	2778098
chr12	2778201	2783706
chr12	2783808	2786259
chr12	2786387	2786898
chr12	2787033	2788609
chr12	2788962	2791715
chr12	2791844	2794901
chr12	2795008	2795331
chr12	2795435	2797612
chr12	2797945	2800065
chr15	32322852	32323100
chr15	32323240	32393505
chr15	32393550	32403990
chr15	32404100	32446107
chr15	32446187	32449808
chr15	32449976	32450612
chr15	32450807	32451769
chr15	32451856	32455426
chr15	32455536	32460140
chrX	122318496	122319683
chrX	122319842	122387153
chrX	122387393	122459876
chrX	122460064	122488760
chrX	122488814	122528818
chrX	122528980	122532486
chrX	122532654	122536844
chrX	122536949	122537262
chrX	122537370	122538558
chrX	122538765	122551252
chrX	122551629	122561791
chrX	122561990	122598715
chrX	122598963	122599524
chrX	122599639	122616649
chrX	122616897	122622563
chr16	9858805	9862707
chr16	9862946	9892133
chr16	9892321	9916120
chr16	9916281	9923279
chr16	9923509	9927961
chr16	9928087	9934503
chr16	9934657	9934792
chr16	9934961	9943612
chr16	9943818	9984842
chr16	10032408	10273854
chr16	10274286	10275733
chr16	10275924	10276510
chr12	13717573	13719958
chr12	13720197	13722763
chr12	13722951	13724737
chr12	13724898	13761536
chr12	13761766	13764658
chr12	13764784	13768047
chr12	13768201	13768426
chr12	13768598	13769388
chr12	13769591	13828678
chr12	13828793	13906250
chr12	13906849	14018731
chr12	14019160	14132861
chr12	14133290	14134275
chr15	99192904	99250790
chr15	99251336	99434553
chr15	99434866	99439985
chr15	99440134	99442705
chr15	99442850	99451913
chr15	99452128	99454543
chr15	99454670	99456272
chr15	99456511	99459192
chr15	99459360	99459900
chr15	99460105	99465376
chr15	99465660	99467104
chr15	99467241	99467753
chr15	99467913	99472786
chr15	99472889	99473463
chr15	99473534	99478052
chr15	99478282	99478544
chr15	99478655	99482429
chr15	99482589	99486151
chr15	99486281	99491802
chr15	99491937	99500289
chr21	36164907	36171597
chr21	36171759	36206706
chr21	36206898	36231770
chr21	36231875	36252853
chr21	36253010	36259139
chr10	8096854	8097249
chr10	8097859	8100267
chr10	8100804	8105955
chr10	8106101	8111435
chr10	8111561	8115701
chrX	68836548	69176876
chrX	69176982	69243067
chrX	69243091	69247706
chrX	69247886	69249353
chrX	69249388	69250318
chrX	69250370	69253247
chrX	69253372	69255207
chr22	24129449	24133942
chr22	24134054	24135745
chr22	24135875	24143130
chr22	24143268	24145481
chr22	24145609	24158956
chr22	24159123	24167411
chr22	24167602	24175758
chr22	24175890	24176327
chrX	128940462	128944880
chrX	128944977	128945381
chrX	128945485	128946693
chrX	128946796	128947652
chrX	128947701	128948633
chrX	128948771	128957654
chrX	128957813	128962956
chrX	128963117	128975754
chrX	128976056	128977234
chrX	73959333	73959934
chrX	73964312	73965406
chrX	73965532	74144717
chrX	13732624	13734122
chrX	13734208	13734652
chrX	13734797	13737989
chrX	13738101	13752162
chrX	13752304	13752643
chr3	71247219	71247352
chr3	71247543	71348970
chr3	71349031	71408300
chr3	71408395	71542576
chr3	71542706	71630699
chr3	71630848	71633060
chr6	45296197	45296397
chr6	45296521	45390329
chr6	45390694	45399599
chr6	45399756	45405683
chr6	45405788	45459677
chr6	45459851	45479982
chr6	45480144	45514563
chrX	133507497	133511601
chrX	133511785	133512034
chrX	133512136	133527530
chrX	133527664	133527938
chrX	133527982	133547520
chrX	133547687	133547852
chrX	133547996	133549045
chrX	133549150	133551198
chrX	133551332	133559230
chrX	133559360	133559690
chrX	14862103	14862624
chrX	14862862	14862977
chrX	14863408	14868626
chrX	14868796	14871160
chrX	14871289	14875983
chrX	14876076	14877303
chrX	14877456	14882681
chrX	14883702	14887044
chrX	14887165	14891107
chr19	42364359	42364844
chr19	42364915	42365180
chr19	42365281	42373100
chr19	42373284	42373768
chr19	42373823	42375418
chr14	66975309	67147824
chr14	67147903	67243181
chr14	67243239	67291191
chr14	67291284	67346656
chr14	67346751	67382719
chr14	67382786	67389382
chr14	67389655	67431907
chr14	67432042	67490349
chr14	67490392	67525365
chr14	67525503	67555699
chr14	67555792	67567572
chr14	67567628	67576856
chr14	67576976	67578577
chr14	67578636	67579734
chr14	67579888	67588972
chr14	67589094	67610078
chr14	67610166	67626131
chr14	67626205	67631878
chr14	67631943	67635649
chr14	67635753	67646294
chr14	67646391	67647520
chr3	30648469	30664690
chr3	30664765	30686238
chr3	30686407	30691761
chr3	30691952	30713129
chr3	30713929	30715596
chr3	30715738	30729875
chr3	30730003	30732911
chr6	43739049	43742077
chr6	43742129	43745205
chr6	43745402	43746196
chr6	43746273	43746625
chr6	43746655	43748468
chr6	43748591	43749692
chr6	43749824	43752277
chr9	130374719	130413881
chr9	130413931	130415993
chr9	130416075	130420653
chr9	130420730	130422308
chr9	130422387	130423380
chr9	130423484	130425483
chr9	130425632	130427525
chr9	130427610	130428444
chr9	130428575	130430358
chr9	130430466	130432176
chr9	130432237	130434329
chr9	130434395	130435459
chr9	130435540	130438082
chr9	130438221	130438922
chr9	130439032	130440709
chr9	130440811	130442435
chr9	130442521	130444684
chr9	130444839	130453053
chrX	48755297	48755774
chrX	48755859	48758466
chrX	48758578	48759206
chrX	48759319	48759509
chrX	48759794	48760008
chrX	48760072	48760204
chrX	18460381	18460494
chrX	18460543	18525054
chrX	18525280	18528939
chrX	18528974	18582596
chrX	18582642	18593473
chrX	18593610	18597967
chrX	18598088	18600010
chrX	18600070	18602382
chrX	18602473	18606073
chrX	18606263	18613467
chrX	18613548	18616581
chrX	18616733	18622021
chrX	18622988	18626930
chrX	18627032	18627584
chrX	18627690	18631271
chrX	18631395	18637986
chrX	18638086	18643247
chrX	18643367	18646490
chrX	18646707	18664126
chrX	18664210	18668529
chrX	18668712	18671551
chrX	46360770	46387769
chrX	46387880	46388217
chrX	46388344	46401507
chrX	46401551	46403935
chrX	46404046	46404805
chr2	166096150	166152282
chr2	166152600	166153526
chr2	166153645	166164357
chr2	166164447	166165175
chr2	166165304	166165861
chr2	166165953	166166832
chr2	166167105	166168534
chr2	166168598	166170129
chr2	166170271	166170411
chr2	166170618	166171980
chr2	166172268	166179665
chr2	166180010	166183361
chr2	166183494	166187839
chr2	166188078	166198805
chr2	166198979	166201064
chr2	166201421	166210701
chr2	166211181	166221652
chr2	166221773	166223726
chr2	166223881	166226635
chr2	166226809	166229734
chr2	166229857	166231194
chr2	166231476	166234106
chr2	166234160	166237101
chr2	166237239	166237602
chr2	166237707	166243255
chr2	166243526	166245138
chrX	135067986	135076944
chrX	135077144	135080266
chrX	135080344	135080640
chrX	135080717	135081014
chrX	135081127	135084266
chrX	135084372	135092600
chrX	135092742	135095107
chrX	135095213	135095507
chrX	135095596	135098803
chrX	135098917	135104744
chrX	135104856	135106488
chrX	135106642	135112290
chrX	135112321	135115572
chrX	135115652	135122234
chrX	135122340	135126610
chr15	93444054	93444396
chr15	93444529	93467550
chr15	93467782	93470473
chr15	93470560	93472259
chr15	93472321	93480747
chr15	93480855	93482807
chr15	93482948	93485051
chr15	93485185	93486072
chr15	93486298	93487644
chr15	93487745	93489050
chr15	93489095	93489267
chr15	93489446	93492181
chr7	35242382	35244081
chr7	35244194	35271115
chr7	35271192	35280490
chr7	35280649	35284560
chr7	35284669	35288288
chr7	35288453	35289562
chr7	35289815	35293104
chr16	3779875	3781192
chr16	3781474	3781776
chr16	3781938	3786036
chr16	3786204	3786650
chr16	3786816	3788559
chr16	3788673	3789578
chr16	3789725	3790399
chr16	3790550	3794894
chr16	3794962	3795277
chr16	3795355	3799627
chr16	3799684	3801726
chr16	3801807	3807288
chr16	3807377	3807809
chr16	3808049	3808854
chr16	3808973	3817720
chr16	3817910	3819174
chr16	3819354	3820570
chr16	3820987	3823751
chr16	3823931	3824569
chr16	3824694	3827613
chr16	3827658	3828011
chr16	3828183	3828700
chr16	3828818	3830732
chr16	3830879	3831204
chr16	3831307	3832684
chr16	3832927	3843386
chr16	3843627	3860603
chr16	3860780	3900297
chr16	3901010	3929832
chrX	119660711	119663956
chrX	119664109	119666276
chrX	119666449	119668335
chrX	119668441	119669684
chrX	119669798	119670781
chrX	119670889	119671978
chrX	119672064	119672514
chrX	119672625	119673122
chrX	119673227	119674224
chrX	119674417	119675456
chrX	119675575	119676820
chrX	119676888	119677581
chrX	119677664	119677968
chrX	119678058	119678335
chrX	119678498	119679298
chrX	119679372	119680401
chrX	119680471	119680990
chrX	119681094	119691778
chrX	119691894	119693937
chr18	52895261	52895451
chr18	52895592	52896077
chr18	52896307	52899739
chr18	52899902	52901778
chr18	52901914	52921727
chr18	52921931	52924545
chr18	52924622	52927179
chr18	52927258	52928696
chr18	52928764	52937061
chr18	52937194	52942849
chr18	52942983	52946781
chr18	52946887	53017589
chr18	53017639	53018104
chr18	53018234	53070684
chr18	53070749	53128249
chr18	53128346	53131306
chr18	53131368	53252510
chr18	53252583	53254275
chr18	53254367	53255268
chr7	94214827	94217089
chr7	94217124	94218000
chr7	94218044	94228086
chr7	94228275	94229957
chr7	94230169	94232601
chr7	94232764	94248069
chr7	94248268	94252636
chr7	94252709	94257513
chr7	94257671	94259030
chr7	94259153	94285301
chrX	153770667	153780202
chrX	153780404	153784379
chrX	153784591	153786746
chrX	153786865	153788621
chrX	153788774	153789902
chrX	153789999	153791024
chrX	153791168	153791773
chrX	153791916	153792173
chrX	153792235	153792533
chrX	99551873	99596900
chrX	99597073	99605643
chrX	99605702	99657521
chrX	99657849	99661448
chr19	33183580	33200090
chr19	33200298	33202657
chrX	153577404	153577729
chrX	153577933	153578016
chrX	153578235	153578398
chrX	153578575	153579276
chrX	153579409	153579948
chrX	153580064	153580251
chrX	153580389	153580548
chrX	153580815	153580920
chrX	153581043	153581139
chrX	153581292	153581368
chrX	153581572	153581663
chrX	153581825	153581921
chrX	153582095	153582282
chrX	153582411	153582518
chrX	153582659	153582748
chrX	153582851	153582983
chrX	153583079	153583192
chrX	153583440	153585618
chrX	153585642	153585801
chrX	153585991	153586566
chrX	153586723	153586812
chrX	153586936	153587351
chrX	153587522	153587613
chrX	153587774	153587851
chrX	153588014	153588099
chrX	153588273	153588357
chrX	153588955	153589675
chrX	153589938	153590037
chrX	153590155	153590346
chrX	153590516	153590609
chrX	153590700	153590785
chrX	153590946	153591028
chrX	153591152	153592389
chrX	153592533	153592626
chrX	153592740	153592893
chrX	153593087	153593188
chrX	153593325	153593503
chrX	153593627	153593716
chrX	153593854	153594391
chrX	153594592	153594675
chrX	153594838	153594929
chrX	153595007	153595099
chrX	153595218	153595764
chrX	153595912	153596008
chrX	153596106	153596209
chrX	153596458	153599240
chrX	153599729	153602873
chrX	153296901	153297657
chrX	153298008	153363060
chr13	111768038	111806251
chr13	111806338	111811373
chr13	111811436	111857635
chr13	111857720	111862218
chr13	111862349	111870025
chr13	111870227	111885551
chr13	111885640	111896218
chr13	111896313	111896545
chr13	111896641	111919894
chr13	111920017	111926160
chr13	111926299	111927077
chr13	111927137	111927878
chr13	111928025	111929933
chr13	111930020	111932618
chr13	111932697	111932884
chr13	111933024	111935485
chr13	111935710	111938493
chr13	111938587	111940700
chr13	111940790	111944464
chrX	123480629	123499610
chrX	123499674	123504025
chrX	123504161	123505200
chr3	189349366	189455528
chr3	189455657	189456430
chr3	189456563	189526060
chr3	189526315	189582020
chr3	189582207	189584470
chr3	189584586	189585621
chr3	189585731	189586368
chr3	189586505	189587112
chr3	189587195	189590647
chr3	189590784	189604182
chr3	189604340	189607128
chr3	189607273	189611994
chrX	119562481	119575584
chrX	119575749	119576453
chrX	119576517	119580159
chrX	119580282	119581695
chrX	119581880	119582824
chrX	119582983	119589211
chrX	119589425	119590505
chrX	119590624	119602960
chrX	11129580	11130138
chrX	11130280	11132954
chrX	11133106	11135386
chrX	11135535	11136620
chrX	11136740	11139026
chrX	11139113	11139731
chrX	39911653	39913138
chrX	39913295	39913508
chrX	39913586	39914620
chrX	39914766	39916407
chrX	39916574	39921391
chrX	39921646	39921998
chrX	39922324	39922860
chrX	39923103	39923588
chrX	39923852	39930225
chrX	39930412	39930889
chrX	39930943	39931601
chrX	39934433	39935706
chrX	39935785	39937096
chrX	39937222	40036259
chrX	41379849	41383203
chrX	41383287	41390259
chrX	41390462	41393958
chrX	41394039	41394145
chrX	41394211	41401943
chrX	41402059	41412971
chrX	41413168	41414852
chrX	41414888	41419031
chrX	41419100	41420811
chrX	41420897	41428920
chrX	41428999	41437592
chrX	41437781	41446159
chrX	41446240	41448767
chrX	41448845	41469156
chrX	41469278	41481869
chrX	41481887	41485856
chrX	41485956	41495830
chrX	41495914	41519691
chrX	41519814	41524529
chrX	41524705	41530680
chrX	41530783	41598636
chrX	41598709	41604776
chrX	41604854	41646430
chrX	41646536	41712367
chrX	41712480	41782182
chr7	69064948	69364271
chr7	69364484	69583117
chr7	69583219	69599521
chr7	69599557	69900737
chr7	69900767	70163554
chr7	70163606	70227855
chr7	70228327	70229737
chr7	70229991	70231099
chr7	70231320	70233009
chr7	70233054	70236534
chr7	70236630	70240342
chr7	70240372	70242088
chr7	70242160	70246600
chr7	70246742	70249927
chr7	70250005	70250940
chr7	70251024	70252194
chr7	70252417	70254733
chr16	51171463	51172598
chr16	51176056	51184291
chr19	11071850	11091452
chr19	11091528	11094796
chr19	11095049	11095948
chr19	11096081	11096864
chr19	11097269	11097580
chr19	11097679	11098341
chr19	11098600	11099992
chr19	11100119	11101825
chr19	11101999	11105503
chr19	11105677	11106888
chr19	11107056	11107169
chr19	11107220	11113704
chr19	11113835	11114015
chr19	11114073	11118577
chr19	11118699	11121056
chr19	11121207	11123624
chr19	11123788	11129632
chr19	11129699	11130266
chr19	11130377	11132400
chr19	11132643	11134193
chr19	11134307	11135006
chr19	11135114	11136097
chr19	11136184	11136975
chr19	11137022	11138459
chr19	11138626	11141405
chr19	11141569	11143965
chr19	11144193	11144442
chr19	11144541	11144798
chr19	11144876	11145589
chr19	11145808	11151982
chr19	11152236	11168930
chr19	11169039	11169463
chr19	11169565	11170428
chr19	11170561	11170720
chr19	11170863	11172459
chrX	151999661	152000177
chrX	152000244	152014825
chrX	152014976	152018808
chrX	152018967	152027313
chrX	152027460	152031139
chrX	152031268	152034362
chrX	152034505	152036114
chrX	152036217	152037327
chr6	33388108	33391253
chr6	33391375	33393574
chr6	33393680	33399937
chr6	33400029	33400461
chr6	33400583	33402928
chr6	33403082	33403291
chr6	33403390	33405444
chr6	33406068	33406195
chr6	33406340	33406551
chr6	33406696	33408505
chr6	33408742	33408949
chr6	33409151	33409357
chr6	33409536	33410665
chr6	33411737	33412220
chr6	33412394	33414357
chr6	33414563	33415619
chr6	33415709	33419536
chr6	33388108	33391253
chr6	33391375	33393574
chr6	33393680	33399937
chr6	33400029	33400461
chr6	33400583	33402928
chr6	33403082	33403291
chr6	33403390	33405444
chr6	33406068	33406195
chr6	33406340	33406551
chr6	33406696	33408505
chr6	33408742	33408949
chr6	33409151	33409357
chr6	33409536	33410665
chr6	33411737	33412220
chr6	33412394	33414357
chr6	33414563	33415619
chr6	33415709	33419536
chr18	42260360	42281139
chr18	42281797	42449194
chr18	42449248	42456529
chr9	101867584	101891136
chr9	101891382	101900140
chr9	101900371	101904817
chr9	101904985	101907013
chr9	101907170	101908766
chr9	101908891	101909935
chr9	101910066	101911461
chrX	152853852	152857963
chrX	152858191	152860004
chrX	152860137	152861461
chrX	152861645	152864419
chrX	152864477	152864479
chrX	152864513	152864515
chr5	88018742	88024309
chr5	88024445	88025034
chr5	88025164	88027545
chr5	88027718	88044886
chr5	88044934	88047673
chr5	88047860	88056804
chr5	88056942	88100414
chr5	88100618	88119551
chr5	88119747	88183318
chr5	88183415	88199732
chr1	61548490	61553820
chr1	61554352	61743191
chr1	61743257	61798183
chr1	61798258	61818121
chr1	61818239	61824818
chr1	61824946	61848908
chr1	61849037	61869775
chr1	61869954	61872233
chr1	61872399	61892136
chr1	61892228	61920974
chr2	50149389	50170841
chr2	50170929	50280408
chr2	50280728	50282092
chr2	50282182	50318460
chr2	50318632	50463926
chr2	50464108	50692579
chr2	50692699	50699435
chr2	50699609	50723042
chr2	50723233	50724470
chr2	50724852	50733632
chr2	50733755	50755762
chr2	50755789	50758364
chr2	50758568	50765390
chr2	50765774	50779724
chr2	50780163	50847159
chr2	50847321	50848342
chr2	50848387	50850451
chr2	50850753	51149006
chr2	51149018	51149795
chr2	51149825	51153075
chr2	51153093	51253508
chr2	51253607	51254639
chr2	51256332	51259118
chrX	17653720	17705861
chrX	17706014	17710454
chrX	17710588	17737463
chrX	17737526	17739560
chrX	17739753	17742418
chrX	17742550	17743466
chrX	17746448	17746768
chrX	17746895	17749977
chr16	6069993	6366995
chr16	6367058	6704603
chr16	6704651	7102057
chr16	7102099	7568148
chr16	7568391	7629778
chr16	7629922	7637248
chr16	7637302	7645550
chr16	7645643	7647372
chr16	7647433	7657286
chr16	7657340	7703816
chr16	7703949	7714930
chr16	7714970	7726775
chr16	7726840	7759057
chr16	7759133	7760624
chrX	153991256	153993173
chrX	153993241	153993718
chrX	153993805	153994181
chrX	153994273	153994490
chrX	153994675	153995271
chrX	153995336	153995530
chrX	153995657	153996576
chrX	153996707	153997441
chrX	153997585	153999033
chrX	153999154	154001405
chrX	154001524	154002876
chrX	154002965	154003469
chrX	154003548	154004461
chrX	154004599	154005073
chr17	42928737	42929077
chr17	42929185	42929776
chr17	42929930	42930663
chr17	42930758	42930884
chr17	42931003	42931636
chr17	42931724	42931923
chr17	42932050	42932285
chr17	42932372	42934442
chr17	42934525	42936447
chr17	42936549	42937272
chr17	42937413	42937799
chr17	42937911	42940080
chr17	42940274	42941022
chr17	42941150	42942297
chr17	42942433	42945174
chr17	42945265	42945654
chr17	42945718	42949813
chr17	42949938	42953301
chr17	42953468	42956923
chr17	42957006	42957921
chr17	42958012	42959054
chr17	42959090	42960460
chr17	42960526	42961016
chr17	42961092	42962623
chr17	42962702	42963952
chr17	42964118	42976736
chrX	152954291	152955829
chrX	152955961	152956758
chrX	152957008	152957429
chrX	152957562	152958495
chrX	152958630	152958717
chrX	152958821	152958946
chrX	152959041	152959359
chrX	152959472	152959584
chrX	152959722	152959798
chrX	152959901	152959987
chrX	152960088	152960173
chrX	152960344	152960528
chrX	109919589	109922563
chrX	109922653	109924709
chrX	109924877	109931821
chrX	109932031	109937390
chrX	109937559	109943881
chrX	109943949	109963062
chrX	109963156	109964612
chrX	109964758	110002888
chrX	110002982	110005922
chrX	110006035	110035315
chrX	110035443	110038971
chr15	67418322	67457232
chr15	67457426	67457590
chr15	67457722	67459116
chr15	67459191	67462891
chr15	67462942	67473578
chr15	67473791	67477064
chr15	67477202	67479702
chr15	67479847	67482750
chr9	140513501	140605418
chr9	140605482	140611077
chr9	140611634	140622800
chr9	140622981	140637822
chr9	140637980	140638353
chr9	140638542	140646782
chr9	140646860	140648622
chr9	140648743	140652331
chr9	140652463	140657126
chr9	140657272	140669560
chr9	140669704	140671069
chr9	140671296	140672333
chr9	140672507	140674086
chr9	140674169	140676742
chr9	140676849	140678557
chrX	100603389	100603520
chrX	53222019	53222679
chrX	53222818	53222963
chrX	53223033	53223320
chrX	53223920	53224112
chrX	53224250	53224412
chrX	53224592	53225097
chrX	53225236	53225867
chrX	53226226	53226952
chrX	53227058	53227671
chrX	53227819	53227945
chrX	53228070	53228158
chrX	53228340	53230731
chrX	53230926	53231035
chrX	53231155	53239595
chrX	53239758	53239857
chrX	53240039	53240678
chrX	53240837	53240968
chrX	53241088	53243870
chrX	53244029	53244976
chrX	53245158	53245255
chrX	53245379	53246324
chrX	53246459	53246977
chrX	53247148	53253921
chr20	30946635	30954186
chr20	30954269	30955529
chr20	30955532	30956817
chr20	30956926	30959966
chrX	132670321	132730467
chrX	132730627	132795757
chrX	132795878	132826396
chrX	132826522	132833922
chrX	132834056	132838232
chrX	132838301	132887508
chrX	132888203	133087076
chrX	133087238	133119301
chr7	156798567	156799172
chr7	156799333	156801691
chr10	119303184	119307575
chr2	166848932	166850655
chr2	166850926	166852522
chr2	166852627	166854547
chr2	166854685	166856232
chr2	166856286	166858981
chr2	166859263	166866228
chr2	166866351	166868618
chr2	166868792	166870253
chr2	166870408	166872116
chr2	166872237	166892557
chr2	166893040	166894285
chr2	166894642	166895932
chr2	166896106	166897740
chr2	166897979	166898801
chr2	166898934	166900178
chr2	166900559	166901552
chr2	166901837	166903279
chr2	166903486	166904136
chr2	166904278	166905395
chr2	166905459	166908228
chr2	166908498	166909361
chr2	166909453	166911147
chr2	166911276	166912920
chr2	166913010	166915079
chr2	166915198	166929867
chr2	166930180	166934219
chr2	166934311	166983433
chr2	166983520	166984280
chr5	172660504	172661752
chrX	69675113	69698999
chrX	69699114	69711956
chrX	69712133	69712370
chrX	69712446	69713225
chrX	69713325	69717029
chrX	69717071	69718369
chrX	69718420	69719025
chrX	69719127	69719726
chrX	69719899	69720320
chrX	69720430	69720747
chrX	69720839	69722012
chrX	122994143	123019480
chrX	123020389	123022468
chrX	123022568	123025087
chrX	123025166	123026580
chrX	123026623	123034342
chrX	123034543	123040837
chr12	65564898	65604708
chr12	65604743	65609756
chr12	65609823	65612331
chr12	65612399	65632281
chr12	65632361	65632448
chr12	65632594	65633708
chr12	65633810	65633915
chr12	65634018	65634688
chr12	65634867	65637167
chr12	65637249	65639448
chr12	65639554	65639640
chr12	65639719	65639941
chr3	147106646	147108717
chr3	147109033	147113638
chr3	147114256	147120514
chr3	147120599	147121750
chrX	147582664	147733519
chrX	147733640	147743428
chrX	147744289	147891399
chrX	147891444	147924489
chrX	147924526	147924905
chrX	147924957	147967418
chrX	147967515	147985750
chrX	147985788	148035109
chrX	148035269	148037132
chrX	148038143	148039866
chrX	148039988	148044244
chrX	148044461	148048319
chrX	148048609	148049158
chrX	148049222	148055000
chrX	148055137	148059462
chrX	148059534	148059891
chrX	148059985	148062267
chrX	148062320	148068896
chrX	148069087	148072740
chr14	21854335	21859105
chr14	21859222	21859621
chr14	21859801	21859991
chr14	21860105	21860665
chr14	21860968	21861264
chr14	21861413	21861634
chr14	21862354	21862435
chr14	21862644	21863070
chr14	21863278	21863456
chr14	21863511	21863975
chr14	21864051	21865981
chr14	21866111	21867760
chr14	21867864	21868139
chr14	21868229	21868309
chr14	21868466	21868571
chr14	21868771	21869033
chr14	21869230	21869561
chr14	21869672	21870115
chr14	21870295	21870494
chr14	21870662	21871175
chr14	21871371	21871611
chr14	21871822	21873367
chr14	21873623	21873879
chr14	21874023	21875014
chr14	21875191	21876470
chr14	21876714	21876862
chr14	21876984	21878009
chr14	21878147	21881071
chr14	21881155	21882459
chr14	21882577	21883096
chr14	21883152	21883732
chr14	21883801	21883883
chr14	21884066	21894286
chr14	21894401	21896027
chr14	21896413	21897122
chr14	21897494	21898959
chr14	21900017	21924190
chr2	145147595	145153978
chr2	145154159	145155867
chr2	145157837	145158765
chr2	145158874	145161482
chr2	145161697	145162402
chr2	145162591	145187335
chr2	145187593	145274844
chr2	145274986	145277505
chr2	200137395	200173482
chr2	200173680	200188525
chr2	200188681	200193420
chr2	200193633	200213423
chr2	200213896	200233327
chr2	200233430	200245086
chr2	200245210	200246416
chr2	200246543	200298060
chr2	200298237	200320591
chr2	200320819	200322061
chr7	114055415	114066556
chr7	114066734	114174671
chr7	114174761	114268594
chr7	114268732	114269859
chr7	114270060	114271585
chr7	114271760	114282464
chr7	114282678	114284739
chr7	114284844	114292257
chr7	114292345	114293980
chr7	114294064	114298120
chr7	114298322	114299410
chr7	114299487	114299626
chr7	114299728	114302119
chr7	114302241	114303504
chr7	114303574	114304327
chr7	114304491	114329836
chrX	62858089	62863859
chrX	62863928	62875373
chrX	62875617	62885765
chrX	62885897	62893917
chrX	62894047	62898219
chrX	62898452	62917004
chrX	62917184	62926137
chrX	62926329	63004995
chr8	38271322	38271435
chr8	38271541	38271669
chr8	38271807	38272076
chr8	38272147	38272296
chr8	38272419	38273387
chr8	38273578	38274823
chr8	38274934	38275387
chr8	38275509	38275745
chr8	38275891	38277056
chr8	38277253	38279314
chr8	38279459	38282026
chr8	38282217	38283639
chr8	38283763	38285438
chr8	38285611	38285863
chr8	38285953	38287199
chr8	38287466	38314873
chr8	38315052	38325498
chr3	46616073	46620584
chr3	46620637	46620721
chr3	46620856	46621228
chr3	46621343	46621440
chr3	46621550	46622621
chr9	129376867	129377661
chr9	129377848	129453114
chr9	129453347	129455420
chr9	129455602	129455802
chr9	129455880	129456024
chr9	129456124	129458117
chr9	129458261	129458572
chr2	162481076	162627482
chr2	162627564	162660958
chr2	162661105	162696298
chr2	162696437	162711479
chr2	162711640	162719383
chr2	162719572	162728802
chr2	162728894	162730425
chr2	162730515	162735640
chr2	162735798	162738866
chr2	162738954	162751188
chr2	162751335	162757420
chr2	162757521	162760513
chr2	162760688	162761285
chr2	162761419	162762151
chr2	162762397	162799301
chr2	162799407	162804075
chr2	162804237	162805657
chr2	162805771	162807196
chr2	162807358	162813498
chr2	162813750	162814996
chr2	162815065	162820644
chr2	162820818	162821560
chr2	162821683	162830758
chr2	162830826	162833269
chr2	162833386	162834231
chr2	162834270	162839688
chrX	154722361	154736558
chrX	154736795	154741333
chrX	154741453	154743646
chrX	154743926	154754116
chrX	154754293	154774756
chrX	154774938	154842452
chrX	53965679	53966612
chrX	53966949	53970566
chrX	53970676	53989276
chrX	53989372	54011346
chrX	54011660	54012248
chrX	54012382	54013510
chrX	54013596	54014198
chrX	54014377	54019168
chrX	54019272	54020033
chrX	54020336	54022125
chrX	54022215	54026302
chrX	54026394	54028587
chrX	54028694	54029027
chrX	54029115	54037554
chrX	54037717	54040809
chrX	54040996	54043027
chrX	54043169	54044093
chrX	54044254	54048691
chrX	54048800	54049190
chrX	54049276	54069063
chrX	54069253	54071307
chr17	29298463	29311634
chr17	29311778	29314961
chr17	29315124	29320857
chr17	29320922	29324259
chr17	29324349	29325679
chr4	2471769	2472713
chr4	2472836	2492063
chr4	2492229	2498733
chr4	2498848	2502385
chr4	2502465	2513682
chr4	2513692	2514164
chr4	2514324	2514809
chr4	2514858	2515396
chrX	146993748	147003450
chrX	147003503	147007057
chrX	147007151	147009839
chrX	147009911	147010176
chrX	147010325	147011466
chrX	147011560	147011646
chrX	147011763	147013943
chrX	147014114	147014203
chrX	147014282	147018022
chrX	147018132	147018984
chrX	147019119	147019617
chrX	147019680	147022094
chrX	147022181	147026463
chrX	147026571	147027053
chrX	147027136	147030202
chr1	103343721	103345238
chr1	103345472	103347252
chr1	103347321	103348754
chr1	103348867	103352362
chr1	103352612	103354132
chr1	103354186	103354278
chr1	103354314	103354421
chr1	103354475	103355010
chr1	103355118	103356006
chr1	103356060	103363680
chr1	103363734	103364221
chr1	103364329	103364496
chr1	103364550	103377714
chr1	103377768	103379192
chr1	103379246	103379907
chr1	103379961	103380259
chr1	103380367	103381186
chr1	103381240	103385866
chr1	103385920	103387073
chr1	103387127	103388891
chr1	103388945	103400004
chr1	103400112	103400615
chr1	103400669	103404590
chr1	103404644	103405882
chr1	103405990	103412404
chr1	103412512	103427421
chr1	103427475	103427731
chr1	103427821	103428208
chr1	103428316	103431042
chr1	103431096	103435774
chr1	103435828	103440385
chr1	103440439	103444263
chr1	103444308	103444415
chr1	103444469	103444615
chr1	103444660	103444937
chr1	103444991	103449693
chr1	103449747	103453188
chr1	103453296	103455073
chr1	103455127	103461419
chr1	103461464	103461544
chr1	103461598	103462635
chr1	103462680	103463865
chr1	103463919	103467480
chr1	103467525	103467983
chr1	103468037	103468302
chr1	103468347	103468770
chr1	103468824	103469999
chr1	103470044	103470163
chr1	103470217	103471393
chr1	103471447	103471623
chr1	103471677	103471817
chr1	103471871	103474018
chr1	103474072	103477968
chr1	103478025	103480066
chr1	103480150	103481223
chr1	103481298	103483375
chr1	103483438	103484373
chr1	103484415	103487262
chr1	103487325	103488297
chr1	103488552	103491076
chr1	103491169	103496671
chr1	103496800	103540173
chr1	103540336	103544213
chr1	103544427	103548360
chr1	103548528	103573628
chr5	1253946	1254482
chr5	1254620	1255401
chr5	1255526	1258712
chr5	1258774	1260588
chr5	1260715	1266578
chr5	1266650	1268634
chr5	1268748	1271233
chr5	1271319	1272299
chr5	1272395	1278755
chr5	1278911	1279405
chr5	1279585	1280272
chr5	1280453	1282543
chr5	1282739	1293427
chr5	1294781	1294885
chr17	44109069	44109412
chr17	44109665	44110445
chr17	44110558	44110768
chr17	44110826	44111526
chr17	44111648	44115903
chr17	44116052	44116392
chr17	44116581	44117067
chr17	44117250	44127898
chr17	44128070	44143902
chr17	44144098	44144914
chr17	44145033	44159806
chr17	44159908	44171925
chr17	44172067	44248220
chr17	44249598	44301036
chr17	44301170	44302706
chr11	118307659	118339489
chr11	118339559	118342376
chr11	118345030	118347519
chr11	118347697	118348681
chr11	118348916	118350888
chr11	118350953	118352429
chr11	118352807	118353136
chr11	118353210	118354897
chr11	118355029	118355576
chr11	118355690	118359328
chr11	118359475	118360506
chr11	118360602	118360843
chr11	118360964	118361910
chr11	118362033	118362458
chr11	118362643	118363771
chr11	118363945	118365002
chr11	118365113	118365408
chr11	118365482	118366414
chr11	118366608	118366975
chr11	118367082	118368650
chr11	118368788	118369084
chr11	118369243	118370017
chr11	118370135	118370549
chr11	118370628	118371701
chr11	118371862	118372386
chr11	118372572	118373112
chr11	118377361	118378243
chr11	118378324	118379850
chr11	118379915	118380662
chr11	118380833	118382665
chr11	118382740	118390332
chr11	118390507	118390671
chr11	118390779	118391516
chr11	118391600	118392002
chr11	118392132	118392611
chr1	120478227	120479904
chr1	120480089	120480479
chr1	120480633	120483177
chr1	120483379	120484148
chr1	120484377	120491036
chr1	120491189	120491629
chr1	120491749	120493346
chr1	120493460	120496165
chr1	120496311	120497662
chr1	120497855	120502014
chr1	120502125	120506196
chr1	120506430	120508075
chr1	120508189	120508998
chr1	120509112	120510055
chr1	120510244	120510699
chr1	120510855	120512133
chr1	120512367	120529582
chr1	120529705	120539619
chr1	120539955	120547951
chr1	120548211	120572528
chr1	120572610	120611947
chr14	54417606	54418570
chr14	54418947	54419993
chr14	54420118	54423267
chr2	203242273	203329531
chr2	203329702	203332241
chr2	203332412	203378441
chr2	203378552	203379610
chr2	203379702	203383544
chr2	203383775	203384809
chr2	203384924	203395516
chr2	203395677	203397307
chr2	203397455	203407033
chr2	203407170	203417438
chr2	203417611	203419974
chr2	203421254	203424418
chrX	106871980	106888406
chrX	106888580	106890835
chrX	106890995	106893169
chr13	28195277	28222515
chr13	28222590	28239822
chr1	209961989	209963011
chr1	209963130	209963839
chr1	209964232	209965613
chr1	209965772	209968634
chr1	209968763	209969692
chr1	209969897	209979291
chr3	2280752	2380861
chr3	2380917	2613099
chr3	2613242	2777898
chr3	2778025	2787205
chr3	2787381	2861169
chr3	2861265	2908435
chr3	2908633	2924828
chr3	2924931	2928723
chr3	2928908	2942368
chr3	2942505	2944559
chr3	2944689	2967312
chr3	2967463	3030028
chr3	3030156	3067785
chr3	3067961	3072538
chr3	3072659	3076315
chr3	3076474	3078862
chr3	3079012	3080616
chr3	3080687	3081720
chr3	3081955	3083993
chr3	3084106	3084660
chr3	3084847	3085275
chr3	3085388	3095490
chr3	3095659	3097803
chr16	89335071	89337224
chr16	89337317	89341221
chr16	89341365	89341500
chr16	89341599	89345479
chr16	89352057	89352446
chr16	89352594	89354935
chr16	89355078	89357032
chr16	89357236	89357420
chr16	89357591	89371613
chr16	89371752	89383340
chr16	89383486	89484691
chr16	89484776	89497663
chr16	89497734	89556652
chr16	29823644	29824310
chr16	29825254	29825653
chr10	76586543	76598440
chr10	76598510	76602357
chr10	76603236	76719727
chr10	76719836	76729417
chr10	76729533	76729777
chr10	76729859	76732264
chr10	76732397	76735156
chr10	76735539	76737073
chr10	76737195	76738981
chr10	76739097	76741544
chr10	76741686	76744837
chr10	76744999	76748776
chr10	76748870	76780339
chr10	76780571	76780883
chr10	76781043	76781638
chr10	76781989	76784715
chr10	76785007	76788246
chrX	21958991	21985313
chrX	21985434	21995178
chrX	21995354	21996077
chrX	21996232	21996994
chrX	21997084	22002421
chrX	22002536	22003261
chrX	22003341	22010714
chrX	22010830	22012429
chr2	131350649	131355066
chr2	131355176	131356214
chr2	131356388	131356482
chr2	131356532	131356837
chr14	57269073	57270905
chr14	57271057	57272077
chr14	57272293	57276876
chr14	57276940	57277093
chr19	13135498	13135834
chr19	13136366	13183860
chr19	13183923	13184235
chr19	13184310	13184719
chr19	13184840	13186348
chr19	13186485	13189426
chr19	13189549	13192493
chr19	13192669	13198802
chr19	13198950	13201112
chr19	13201204	13205448
chr15	67495236	67495885
chr15	67495935	67496381
chr15	67496486	67500899
chr15	67500996	67501799
chr15	67501882	67524151
chr15	67524235	67528316
chr15	67528406	67528745
chr15	67528842	67528967
chr15	67529158	67547474
chrX	15845495	15846314
chrX	15846323	15863501
chrX	15863639	15864025
chrX	15864134	15870468
chrX	15870647	15872810
chr6	170151759	170153959
chr6	170154128	170155378
chr6	170155518	170156433
chr6	170156535	170156814
chr6	170156904	170159063
chr6	170159161	170159933
chr6	170160070	170160737
chr6	170160852	170162524
chr6	170162627	170166733
chr6	170166763	170168198
chr6	170168267	170169635
chr6	170169809	170173414
chr6	170173498	170175365
chr6	170175442	170176035
chr6	170176161	170176429
chr6	170176507	170179277
chr6	170179391	170181425
chr18	3449654	3456351
chr18	3456578	3457362
chrX	5811707	5821117
chrX	5821907	5827094
chrX	5827280	5947320
chrX	5947473	6069035
chrX	6069812	6105523
chrX	6105830	6146581
chrX	48334784	48337425
chrX	48337504	48339676
chrX	48339730	48339813
chrX	48339916	48340019
chrX	48340103	48340790
chrX	48340894	48340984
chrX	48341182	48341373
chrX	48341415	48344123
chrX	118708718	118708870
chrX	118708944	118709337
chrX	118709363	118715469
chrX	118715559	118716550
chrX	118716639	118717089
chrX	48367491	48367955
chrX	48368344	48369753
chrX	48369875	48370279
chrX	48370323	48370713
chrX	48370895	48370976
chrX	48371107	48372627
chrX	48372753	48372912
chrX	48373013	48374104
chrX	48374181	48374277
chrX	48374341	48374448
chrX	48374534	48375570
chrX	48375681	48378762
chr8	116427312	116430557
chr8	116430680	116599227
chr8	116599831	116616099
chr8	116617229	116631358
chr8	116632287	116680100
chrX	44732958	44733169
chrX	44733233	44820528
chrX	44820637	44833910
chrX	44833960	44870205
chrX	44870264	44879854
chrX	44879975	44894175
chrX	44894230	44896899
chrX	44896934	44910953
chrX	44911047	44913073
chrX	44913200	44918250
chrX	44918349	44918491
chrX	44918711	44919266
chrX	44919401	44919853
chrX	44920009	44920568
chrX	44920664	44921891
chrX	44921993	44922666
chrX	44923062	44928823
chrX	44929602	44935941
chrX	44936071	44937644
chrX	44937750	44938390
chrX	44938596	44941820
chrX	44941885	44941959
chrX	44942034	44942704
chrX	44942853	44945109
chrX	44945224	44948987
chrX	44949175	44949967
chrX	44950109	44966654
chrX	44966781	44969323
chrX	44969494	44970626
chr2	16081175	16082069
chr2	16082976	16085614
chr6	133562887	133595853
chr6	133595951	133703529
chr6	133703579	133767767
chr6	133767892	133782251
chr6	133782318	133783472
chr6	133783615	133783758
chr6	133783902	133785916
chr6	133785996	133789703
chr6	133789869	133802600
chr6	133802737	133804169
chr6	133804253	133827243
chr6	133827333	133833858
chr6	133833917	133834015
chr6	133834176	133836458
chr6	133836573	133844193
chr6	133844315	133846152
chr6	133846253	133849862
chrX	131212994	131214033
chrX	131214109	131214225
chrX	131214294	131216390
chrX	131216554	131218517
chrX	131218613	131219608
chrX	131219756	131219947
chrX	131220062	131228069
chrX	131228167	131231293
chrX	131231327	131233495
chrX	131233538	131234639
chrX	131234744	131261815
chr8	11561813	11565364
chr8	11566437	11606424
chr8	11606594	11607619
chr8	11607745	11612554
chr8	11612642	11614443
chr8	11614592	11615801
chr8	61655656	61693558
chr8	61693609	61774787
chr8	61774895	61775106
chr8	61775211	61777574
chr20	50401223	50405399
chr20	50405680	50407871
chr20	50408891	50418817
chrX	108887415	108902582
chrX	108902740	108904759
chrX	108904874	108906439
chrX	108906631	108908648
chrX	108908723	108911329
chrX	108911502	108912262
chrX	108912402	108917630
chrX	108917702	108921216
chrX	108921340	108921493
chrX	108921644	108924226
chrX	108924365	108924494
chrX	108924604	108925947
chrX	108926125	108926364
chrX	108926895	108939372
chrX	108939425	108976367
chr1	92712203	92712618
chr1	92712701	92713434
chr1	92713546	92728419
chr1	92728483	92729179
chr1	92729289	92730110
chr1	92730195	92731975
chr1	92732049	92733469
chr1	92733559	92733661
chr1	92733692	92735279
chr1	92735333	92737021
chr1	92737209	92752046
chr1	92752149	92754470
chr1	92754708	92755754
chr1	92755863	92756974
chr1	92757094	92762960
chr1	92763086	92763517
chr1	92763586	92764481
chr1	89150311	89206670
chr1	89206971	89225904
chr1	89226059	89236034
chr1	89236152	89237103
chr1	89237249	89237345
chr1	89237562	89250321
chr1	89250507	89251786
chr1	89251896	89270528
chr1	89270604	89271179
chr1	89271354	89271573
chr1	89271700	89272995
chr1	89273126	89273211
chr1	89273287	89273366
chr1	89273458	89279239
chr1	89279416	89287623
chr1	89287686	89289992
chr1	89290069	89294163
chr1	89294306	89298426
chr1	89298534	89298759
chr1	89298840	89298927
chr17	59529938	59533848
chr17	59534037	59534897
chr17	59534992	59543179
chr17	59543299	59544870
chr17	59545018	59555987
chr17	59556140	59557241
chr17	59557330	59557450
chr17	59557680	59560257
chrX	47308873	47315319
chrX	47315415	47315670
chrX	47315797	47342522
chr10	72192844	72195041
chr10	72195739	72207679
chrX	13753202	13753366
chrX	13753465	13754596
chrX	13754797	13756964
chrX	13757033	13757120
chrX	13757151	13762533
chrX	13762638	13764437
chrX	13764574	13764898
chrX	13765072	13767545
chrX	13767652	13771486
chrX	13771560	13773269
chrX	13773361	13774696
chrX	13774886	13775778
chrX	13775909	13776455
chrX	13776567	13778233
chrX	13778839	13779203
chrX	13779330	13780462
chrX	13780563	13781863
chrX	13781974	13785245
chrX	13785403	13786172
chrX	13786343	13786836
chrX	13786904	13787184
chr12	112856929	112884079
chr12	112884202	112888121
chr12	112888316	112890998
chr12	112891191	112892367
chr12	112892484	112893753
chr12	112893867	112910747
chr12	112910844	112915454
chr12	112915534	112915660
chr12	112915819	112919877
chr12	112920009	112924266
chr12	112924433	112926246
chr12	112926314	112926827
chr12	112926979	112939947
chr12	112940060	112942498
chr12	112942600	112943628
chrX	84499197	84500908
chrX	84501028	84501935
chrX	84502194	84502552
chrX	84502657	84510264
chrX	84510807	84519280
chrX	84519436	84520123
chrX	84520261	84522283
chrX	84522421	84523299
chrX	84523347	84525008
chrX	84525152	84525656
chrX	136649910	136651060
chrX	136651224	136659280
chr21	38739930	38792600
chr21	38792686	38844985
chr21	38845182	38850509
chr21	38850602	38852939
chr21	38853128	38858768
chr21	38858916	38862476
chr21	38862763	38865318
chr21	38865465	38868419
chr21	38868560	38877585
chr21	38877892	38878401
chr21	38878526	38884213
chr5	147204269	147207584
chr5	147207691	147209161
chr5	147209193	147211085
chr5	147211364	147218696
chr10	43600641	43601823
chr10	43602019	43604478
chr10	43604678	43606654
chr10	43606913	43607546
chr10	43607672	43608300
chr10	43608411	43609003
chr10	43609123	43609927
chr10	43610184	43612031
chr10	43612179	43613820
chr10	43613928	43614978
chr10	43615193	43615528
chr10	43615651	43617393
chr10	43617464	43619118
chr10	43619256	43620330
chr10	43620430	43622022
chr8	106331209	106456507
chr8	106456609	106573590
chr8	106573709	106646473
chr8	106646585	106800945
chr8	106801152	106810951
chr8	106811176	106813274
chr22	41489102	41513190
chr22	41513825	41521867
chr22	41522044	41523490
chr22	41523752	41525893
chr22	41526007	41527391
chr22	41527637	41531816
chr22	41531910	41533656
chr22	41533794	41536143
chr22	41536261	41537051
chr22	41537226	41543840
chr22	41543950	41545041
chr22	41545179	41545764
chr22	41546202	41547836
chr22	41548016	41548209
chr22	41548354	41550998
chr22	41551117	41553172
chr22	41553412	41554415
chr22	41554504	41556645
chr22	41556726	41558726
chr22	41558783	41560056
chr22	41560134	41562602
chr22	41562670	41564452
chr22	41564603	41564724
chr22	41564871	41565506
chr22	41565620	41566409
chr22	41566575	41568502
chr22	41568667	41569626
chr22	41569788	41572250
chr22	41572532	41572776
chr5	174152070	174156161
chr6	157357655	157357968
chr6	157358010	157405795
chr6	157406039	157431605
chr6	157431695	157454161
chr6	157454341	157469757
chr6	157470085	157488173
chr6	157488319	157495141
chr6	157495251	157495980
chr6	157496139	157502102
chr6	157502312	157505364
chr6	157505569	157510775
chr6	157510914	157511171
chr6	157511344	157517298
chr6	157517449	157519944
chr6	157520041	157521838
chr6	157522622	157524999
chr6	157525130	157527300
chr9	843555	846959
chr9	847143	893911
chr9	894195	916762
chr9	916907	967984
chr5	176561246	176562087
chr5	176562201	176562941
chr5	176563031	176618884
chr5	176619020	176631120
chr5	176631293	176636636
chr5	176639196	176662821
chr5	176662946	176665237
chr5	176665508	176666756
chr5	176666866	176671195
chr5	176671271	176673678
chr5	176673797	176675181
chr5	176675325	176678730
chr5	176678854	176683951
chr5	176684152	176686989
chr5	176687169	176694562
chr5	176694719	176696602
chr5	176696808	176700672
chr5	176700785	176707565
chr5	176707835	176709465
chr5	176709582	176710787
chr5	176710929	176715819
chr5	176715926	176718954
chr5	176719159	176720832
chrX	77084732	77086301
chrX	77086392	77096742
chrX	77096817	77109397
chrX	77109461	77110997
chrX	77111087	77112229
chrX	77112370	77112853
chrX	77112994	77126304
chrX	77126422	77130924
chrX	77131094	77150805
chr2	121493861	121554866
chr2	121555044	121684936
chr2	121685042	121708818
chr2	121709021	121712820
chr2	121713006	121726289
chr2	121726491	121727968
chr2	121728182	121729516
chr2	121729639	121732499
chr2	121732685	121736009
chr2	121736159	121740291
chr2	121740456	121742046
chr2	121742319	121743853
chr2	121744190	121745783
chr22	51111281	51112503
chr22	51113007	51113009
chr22	51113132	51113475
chr22	51113679	51115049
chr22	51115121	51117012
chr22	51117121	51117196
chr22	51117348	51117446
chr22	51117614	51117739
chr22	51117856	51121767
chr22	51121845	51123012
chr22	51123079	51133202
chr22	51133474	51135984
chr22	51135989	51135991
chr22	51136143	51137117
chr22	51137231	51142287
chr22	51142363	51142593
chr22	51142676	51143165
chr22	51143290	51143391
chr22	51143524	51144499
chr22	51144580	51150042
chr22	51150066	51153344
chr22	51153475	51154096
chr22	51154181	51158611
chr22	51160865	51169148
chr14	37131298	37132101
chr14	37132728	37135666
chr14	37135806	37145402
chr6	100838967	100841362
chr6	100841765	100868665
chr6	100868834	100895143
chr6	100895291	100896021
chr6	100896128	100896354
chr6	100896554	100897238
chr6	100897324	100897466
chr6	100897575	100898142
chr6	100898232	100901637
chr6	100901720	100911169
chr6	100911811	100912271
chr2	148779253	148936268
chr2	148936362	148990813
chr2	148990964	149099782
chr2	149099905	149215771
chr2	149216440	149220150
chr2	149220253	149221307
chr2	149221488	149225909
chr2	149228030	149240678
chr2	149241704	149243310
chr2	149243519	149246954
chr2	149248163	149260004
chr2	149260078	149267628
chr2	149267704	149270438
chr2	239974832	239975155
chr2	239975297	239976444
chr2	239976529	239988417
chr2	239988551	239990184
chr2	239990303	240002790
chr2	240002888	240003797
chr2	240003917	240005850
chr2	240005938	240009254
chr2	240009310	240011704
chr2	240011812	240016705
chr2	240016752	240024471
chr2	240024592	240029745
chr2	240029879	240033221
chr2	240033408	240036748
chr2	240037006	240048151
chr2	240048390	240055940
chr2	240056139	240056222
chr2	240056339	240061379
chr2	240061492	240066278
chr2	240066410	240078347
chr2	240078469	240085498
chr2	240085619	240098108
chr2	240098259	240111528
chr2	240111773	240158288
chr2	240158360	240274372
chr2	240274613	240322671
chrX	41306769	41307101
chrX	41307179	41332743
chr22	19748803	19750763
chr22	19750865	19751677
chr22	19751849	19752480
chr22	19752636	19753280
chr22	19753348	19753424
chr22	19753525	19753911
chr20	62038728	62039765
chr20	62039889	62043127
chr20	62043235	62044802
chr20	62044934	62045440
chr20	62045546	62046255
chr20	62046479	62055529
chr20	62055559	62059719
chr20	62059788	62062692
chr20	62062722	62065161
chr20	62065256	62069977
chr20	62070073	62070950
chr20	62071061	62073758
chr20	62073884	62076011
chr20	62076187	62076590
chr20	62076717	62078099
chr20	62078190	62103520
chr16	86545154	86546530
chrX	153665645	153666868
chrX	153666976	153667110
chrX	153667210	153667351
chrX	153667486	153668287
chrX	153668486	153668721
chrX	153668853	153669442
chrX	153669542	153669969
chrX	153670141	153670457
chrX	153670602	153670720
chrX	153670775	153670866
chr12	48367336	48367871
chr12	48368114	48368457
chr12	48368645	48369099
chr12	48369388	48369745
chr12	48369853	48370296
chr12	48370350	48370594
chr12	48370702	48370884
chr12	48370938	48371102
chr12	48371210	48371382
chr12	48371436	48371792
chr12	48371900	48372073
chr12	48372181	48372379
chr12	48372541	48373293
chr12	48373347	48373791
chr12	48373845	48374336
chr12	48374444	48374697
chr12	48374751	48375125
chr12	48375179	48375558
chr12	48375612	48375889
chr12	48375943	48376284
chr12	48376392	48376630
chr12	48376729	48376875
chr12	48376920	48377167
chr12	48377221	48377465
chr12	48377519	48377869
chr12	48377923	48378328
chr12	48378382	48378777
chr12	48378876	48379316
chr12	48379370	48379510
chr12	48379609	48379694
chr12	48379748	48380118
chr12	48380226	48380617
chr12	48380671	48380860
chr12	48380959	48381051
chr12	48381096	48381393
chr12	48381492	48383010
chr12	48383064	48383543
chr12	48383588	48386660
chr12	48386714	48387240
chr12	48387285	48387591
chr12	48387645	48387776
chr12	48387830	48388206
chr12	48388260	48389037
chr12	48389091	48389492
chr12	48389546	48389657
chr12	48389702	48390330
chr12	48390408	48391388
chr12	48391490	48391653
chr12	48391707	48391814
chr12	48391847	48391951
chr12	48391984	48392197
chr12	48392214	48393701
chr12	48393908	48398019
chr4	4862095	4864427
chr9	21802780	21815431
chr9	21815518	21816712
chr9	21816771	21818033
chr9	21818201	21837906
chr9	21838009	21854629
chr9	21854869	21859301
chr9	21859424	21861974
chrX	67267005	67268257
chrX	67268299	67272381
chrX	67272432	67273486
chrX	67273652	67283695
chrX	67284019	67292993
chrX	67293141	67316711
chrX	67316871	67331695
chrX	67331801	67333022
chrX	67333081	67339089
chrX	67339174	67412760
chrX	67412835	67413731
chrX	67413794	67414306
chrX	67414340	67417027
chrX	67417106	67421460
chrX	67421552	67426414
chrX	67426515	67429994
chrX	67430124	67431949
chrX	67432054	67433703
chrX	67433814	67454328
chrX	67454430	67494579
chrX	67494651	67502897
chrX	67502959	67518842
chrX	67518938	67652708
chrX	67652866	67653009
chr12	28116703	28122326
chr12	28122449	28122957
chr12	28123200	28124859
chr3	147128881	147130304
chr3	147130468	147131140
chr2	113976186	113977668
chr2	113977755	113984731
chr2	113984833	113992970
chr2	113993159	113994177
chr2	113994298	113999127
chr2	113999303	113999584
chr2	113999707	114000266
chr2	114000355	114002003
chr2	114002201	114004330
chr2	114004496	114035946
chr2	114036046	114036407
chr12	49415655	49415825
chr12	49415934	49416062
chr12	49416136	49416372
chr12	49416658	49418360
chr12	49418491	49418592
chr12	49418729	49419964
chr12	49421105	49421585
chr12	49421713	49421791
chr12	49421924	49422610
chr12	49422741	49422843
chr12	49423019	49423183
chr12	49423259	49424062
chr12	49424222	49424383
chr12	49424551	49424675
chr12	49424816	49424957
chr12	49427747	49427849
chr12	49428082	49428192
chr12	49428259	49428364
chr12	49428449	49428594
chr12	49428718	49430907
chr12	49432772	49433004
chr12	49433141	49433217
chr12	49433400	49433506
chr12	49435318	49435437
chr12	49435488	49435699
chr12	49435773	49435871
chr12	49436113	49436343
chr12	49436428	49436523
chr12	49436661	49436858
chr12	49436969	49437145
chr12	49437211	49437417
chr12	49437565	49437650
chr12	49437781	49437982
chr12	49438087	49438185
chr12	49438305	49438526
chr12	49438748	49439702
chr12	49439750	49439847
chr12	49439957	49440042
chr12	49440207	49440391
chr12	49440573	49441747
chr12	49441852	49442441
chr12	49442552	49442887
chr12	49443001	49443464
chr12	49444573	49444668
chr12	49446207	49446346
chr12	49446492	49446697
chr12	49446855	49446989
chr12	49447104	49447258
chr12	49447424	49447760
chr12	49447923	49448089
chr12	49448199	49448310
chr12	49448534	49448682
chr12	49448809	49449058
chr12	49449144	49453395
chr10	88516676	88598621
chr10	88598736	88635623
chr10	88635842	88649818
chr10	88649981	88651883
chr10	88651986	88659550
chr10	88659647	88659783
chr10	88659883	88671996
chr10	88672141	88676890
chr10	88677083	88678928
chr10	88679226	88681276
chr10	88681452	88683132
chr10	88683263	88683350
chrX	68049747	68058459
chrX	68058737	68059506
chrX	68059599	68059802
chrX	68059931	68060084
chrX	54472847	54473743
chrX	54473887	54475238
chrX	54475400	54475575
chrX	54475701	54476091
chrX	54476193	54476703
chrX	54476734	54481880
chrX	54481960	54482124
chrX	54482217	54482652
chrX	54482799	54482941
chrX	54483000	54491883
chrX	54492022	54492128
chrX	54492285	54494216
chrX	54494365	54495219
chrX	54495309	54496448
chrX	54496890	54497015
chrX	54497193	54497746
chrX	54497920	54521558
chr5	44305294	44310528
chr5	44310632	44388459
chr10	94353209	94366021
chr10	94366154	94366375
chr10	94366473	94366915
chr10	94366994	94368776
chr10	94368962	94369141
chr10	94369266	94372796
chr10	94372887	94373133
chr10	94373376	94376493
chr10	94376589	94381141
chr10	94381230	94388564
chr10	94388652	94389932
chr10	94390121	94392242
chr10	94392450	94393379
chr10	94393552	94396940
chr10	94397066	94397143
chr10	94397302	94399550
chr10	94399657	94405119
chr10	94405399	94407968
chr10	94408191	94409591
chr10	94409743	94410157
chr10	94410274	94413421
chrX	20173638	20174226
chrX	20174367	20179761
chrX	20179879	20181081
chrX	20181158	20183016
chrX	20183178	20185706
chrX	20185865	20187519
chrX	20187609	20190863
chrX	20190989	20193281
chrX	20193406	20194367
chrX	20194470	20194551
chrX	20194616	20195113
chrX	20195202	20204413
chrX	20204484	20205945
chrX	20206088	20206614
chrX	20206652	20211604
chrX	20211711	20212306
chrX	20212386	20213182
chrX	20213263	20222139
chrX	20222221	20227405
chrX	20227522	20252875
chrX	20252932	20284681
chrX	38420880	38525374
chrX	38525563	38530629
chrX	38530704	38533474
chrX	38533570	38534958
chrX	38535114	38540457
chrX	38540541	38546852
chrX	38546928	38547192
chr9	127245284	127253359
chr9	127253507	127255308
chr9	127255428	127262368
chr9	127262994	127265357
chr9	127265499	127265572
chr9	127265689	127269527
chr18	19749643	19751068
chr18	19752240	19756915
chr18	19757082	19761413
chr18	19761539	19762717
chr18	19762805	19762900
chr18	19763004	19780618
chr1	147231379	147245355
chr1	147374987	147380071
chr18	48556993	48573289
chr18	48573665	48575055
chr18	48575230	48575664
chr18	48575694	48581150
chr18	48581363	48584494
chr18	48584614	48584709
chr18	48584826	48586235
chr18	48586286	48591792
chr18	48591976	48593388
chr18	48593557	48603007
chr18	48603146	48604625
chr2	45170049	45171706
chr19	34919475	34921480
chr19	34921564	34922765
chr19	34922836	34924252
chr19	34924317	34925772
chr19	34925873	34929549
chr19	34929671	34934748
chr19	34934816	34935904
chr19	34936026	34941169
chr19	34941269	34942885
chr19	34943052	34945164
chr19	34945258	34945348
chr19	34945461	34949673
chr19	34949829	34951374
chr19	34951471	34954930
chr19	34955036	34957782
chr19	34957919	34959944
chr1	149895621	149895732
chr1	149895906	149897727
chr1	149897934	149898267
chr1	149898810	149899057
chr1	149899186	149899617
chr12	115110107	115111969
chr12	115112640	115114117
chr12	115114275	115115384
chr12	115115461	115117309
chr12	115117456	115118683
chr12	115118951	115120616
chr1	27024031	27056141
chr1	27056354	27057642
chr1	27058095	27059166
chr1	27059283	27087346
chr1	27087587	27087874
chr1	27087964	27088642
chr1	27088810	27089463
chr1	27089776	27092711
chr1	27092857	27092947
chr1	27093057	27094280
chr1	27094490	27097609
chr1	27097817	27098990
chr1	27099123	27099302
chr1	27099478	27099836
chr1	27099987	27100070
chr1	27100208	27100292
chr1	27100389	27100819
chr1	27101711	27102067
chr1	27102198	27105513
chrX	73641902	73740824
chrX	73740969	73744193
chrX	73744644	73745584
chrX	73745728	73749047
chrX	73749276	73751167
chr22	38370205	38373873
chr22	38374142	38379363
chr22	38379875	38380345
chrX	47432398	47433400
chrX	47433989	47434086
chrX	47434174	47434526
chrX	47434673	47435529
chrX	47435632	47435730
chrX	47435805	47435896
chrX	47436039	47436837
chrX	47436900	47464376
chrX	47464466	47464621
chrX	47464778	47466343
chrX	47466435	47466539
chrX	47466597	47478750
chr13	100635393	100637199
chr13	100637363	100637576
chr11	86663512	86665842
chr7	145814065	146471362
chr7	146471473	146536802
chr7	146536996	146740998
chr7	146741146	146805238
chr7	146805442	146818070
chr7	146818255	146825784
chr7	146825928	146829336
chr7	146829601	146997232
chr7	146997382	147092700
chr7	147092872	147183026
chr7	147183133	147259229
chr7	147259349	147336197
chr7	147336398	147600656
chr7	147600813	147674953
chr7	147675081	147815209
chr7	147815380	147844582
chr7	147844801	147869333
chr7	147869570	147914379
chr7	147914616	147926737
chr7	147926871	147964124
chr7	147964218	148080740
chr7	148080980	148106482
chr7	148106563	148112508
chrX	28606164	28807436
chrX	28807542	29301054
chrX	29301334	29414374
chrX	29414561	29417271
chrX	29417425	29686546
chrX	29686621	29935580
chrX	29935713	29938065
chrX	29938211	29959767
chrX	29959911	29972638
chrX	29972809	29973218
chr5	36877280	36953719
chr5	36953862	36955573
chr5	36955739	36958205
chr5	36958333	36961585
chr5	36961685	36962224
chr5	36962376	36970977
chr5	36971138	36972046
chr5	36972143	36975877
chr5	36976504	36984777
chr5	36986403	36995723
chr5	36995906	37000474
chr5	37000672	37000918
chr5	37000990	37001090
chr5	37001180	37002763
chr5	37002867	37003362
chr5	37003449	37006458
chr5	37006690	37007424
chr5	37007576	37008109
chr5	37008190	37008724
chr5	37008825	37010188
chr5	37010327	37014784
chr5	37014867	37016139
chr5	37016272	37017120
chr5	37017264	37019412
chr5	37019502	37020560
chr5	37020775	37020876
chr5	37020979	37022152
chr5	37022251	37022345
chr5	37022492	37024686
chr5	37024821	37026330
chr5	37026429	37027460
chr5	37027514	37036480
chr5	37036589	37038703
chr5	37038840	37044448
chr5	37044589	37044737
chr5	37044831	37045544
chr5	37045699	37046210
chr5	37046301	37048603
chr5	37048777	37049212
chr5	37049403	37051880
chr5	37051988	37052467
chr5	37052668	37057287
chr5	37057434	37058992
chr5	37059267	37060945
chr5	37061120	37063891
chr11	44286733	44289043
chr11	44289172	44296897
chr11	44297208	44331146
chrX	118968990	118971719
chrX	118972014	118972329
chrX	118972490	118975038
chrX	118975221	118975697
chrX	118975741	118977153
chrX	118977264	118979160
chrX	118979259	118985457
chrX	118985564	118985729
chrX	118985836	118986735
chrX	101087255	101092463
chrX	101092626	101092753
chrX	101092812	101093171
chrX	101093227	101093313
chrX	101093382	101093761
chrX	101093798	101095470
chrX	101095580	101095759
chrX	101095867	101095987
chrX	101096076	101096232
chrX	101096302	101096449
chrX	101096530	101096645
chrX	101096750	101096861
chrX	101096945	101097713
chrX	101097867	101098093
chrX	101098277	101112476
chr1	180199740	180217419
chr1	180217591	180235526
chr1	180235729	180240514
chr1	180240669	180240969
chr1	180241141	180243319
chr15	38545418	38591573
chr15	38591748	38614441
chr15	38614610	38616963
chr15	38617010	38631937
chr15	38632096	38641622
chr15	38641724	38643214
chrX	79932862	79936839
chrX	79936998	79937495
chrX	79937593	79937963
chrX	79938127	79939508
chrX	79939661	79940960
chrX	79941035	79942361
chrX	79942502	79943567
chrX	79943624	79945266
chrX	79945345	79945465
chrX	79945591	79946551
chrX	79946672	79947321
chrX	79947477	79947587
chrX	79947649	79948438
chrX	79948550	79951406
chrX	79951489	79952237
chrX	79952362	79955455
chrX	79955563	79958978
chrX	79959092	79960176
chrX	79960345	79962925
chrX	79963002	79964926
chrX	79965076	79971655
chrX	79971749	79973071
chrX	79973258	79974987
chrX	79975155	79978060
chrX	79978286	79979246
chrX	79979375	79980431
chrX	79980566	79984250
chrX	79984404	79985414
chrX	79985519	79988954
chrX	79988995	79989616
chrX	79989717	79990625
chrX	79990696	79991486
chrX	79991587	79999530
chrX	79999752	80001067
chrX	80001228	80047352
chrX	80047451	80049120
chrX	80049271	80064037
chrX	80064097	80064511
chrX	80064541	80064744
chrX	80064803	80064939
chrX	154490514	154493358
chr10	91193083	91195816
chr10	91196076	91198360
chr10	91198940	91200864
chr10	91201008	91203512
chr10	91203616	91222135
chr10	91222381	91294257
chr10	91294397	91295198
chrX	73047819	73048902
chrX	73049066	73050900
chrX	73051109	73053072
chrX	73053209	73057274
chrX	73057338	73061216
chr14	101292554	101295044
chr14	101295153	101295370
chr14	101296086	101297757
chr14	101297871	101302503
chr14	101302637	101311794
chr14	101311870	101327027
