chrX	152990310	153010209
chr5	112073581	112181936
chr2	128176002	128186818
chr5	112073581	112181936
chr5	112043194	112181936
chr5	112043194	112181936
chr5	112073581	112181936
chr5	112043194	112181936
chr5	112073581	112181936
chr5	112073581	112181936
chr5	112073581	112181936
chr5	112073581	112181936
chr5	112043194	112181936
chr5	112073581	112181936
chr5	112073581	112181936
chr5	112073581	112181936
chr5	112073581	112181936
chr2	128176002	128186818
chr2	128176002	128186818
chr2	128176002	128186818
chr2	128176002	128186818
chr2	128176002	128186818
chr2	128176002	128186818
chr2	128176002	128186818
chr2	128176002	128186818
chr2	128176002	128186818
chr2	128176002	128186818
chr2	128177272	128186818
chrX	66763862	66950461
chrX	66764464	66950461
chr7	134127101	134143991
chrX	66764464	66915917
chrX	66764464	66909600
chrX	66764464	66915917
chr7	134127107	134143852
chr4	75310852	75320722
chr7	134127107	134143852
chrX	2852561	2882382
chrX	2852561	2882382
chrX	2852850	2886286
chrX	2852850	2886286
chrX	2852850	2886286
chrX	77166189	77305892
chrX	77166189	77305892
chrX	77166189	77305892
chrX	153170167	153172620
chrX	153170167	153172620
chrX	153168078	153172620
chr13	32889644	32974405
chrX	100604437	100641179
chrX	100604437	100645784
chrX	100604437	100641179
chr11	2904447	2906995
chr11	2904447	2907005
chr11	2904447	2907005
chr11	2904447	2907005
chr11	2904447	2907005
chrX	49832242	49863887
chrX	49687205	49863887
chrX	49687205	49863887
chrX	49687205	49807150
chrX	49834155	49863887
chr17	48261461	48278992
chrX	31137338	33357505
chrX	31137338	33229666
chrX	31137344	33146545
chrX	31137344	33146544
chrX	31137338	32430345
chrX	31137338	32430345
chrX	31137338	32173586
chrX	31137338	31526413
chrX	31137338	31285071
chrX	31137338	31285071
chrX	31137338	31285071
chrX	31137338	31285071
chrX	31196311	31285071
chrX	31137338	32173586
chrX	31137338	32173586
chrX	31137338	32173586
chrX	31137338	32173586
chr13	78469621	78549662
chr13	78469621	78492966
chr13	78469615	78493903
chr13	78469621	78492966
chr8	118806728	119124065
chrX	154064066	154250998
chrX	154064066	154114592
chrX	138612897	138645618
chrX	138612897	138645618
chr15	48700509	48937906
chr7	44183873	44229038
chrX	30671539	30749579
chrX	30671539	30749579
chrX	30671539	30749579
chr7	44182811	44229038
chr7	44183869	44186232
chr7	44182811	44185743
chr7	44183873	44185743
chr7	44183873	44198881
chr7	44183873	44198881
chrX	30671539	30749579
chr7	42000546	42276808
chrX	100652790	100662913
chr2	73867849	73869549
chrX	100652790	100662913
chr12	114791734	114846247
chr12	114791715	114845817
chr12	114791715	114843949
chr7	155592673	155605157
chr7	155592673	155601857
chr7	155592673	155601857
chr7	155592673	155601857
chrX	133594194	133634698
chrX	148558518	148586836
chrX	148558518	148586836
chrX	148568661	148586836
chrX	148568661	148586836
chr20	10618331	10654647
chrX	8496914	8700178
chr11	2466237	2870335
chr11	2482683	2870340
chrX	43515546	43606064
chrX	43514253	43606064
chr3	69985742	70017483
chr3	69812654	70017483
chr3	69985742	69988216
chr3	69788614	70017483
chr3	69788614	70017483
chr3	69788614	70017483
chr3	69788614	70017483
chr3	69788614	70017483
chr3	69812961	70017483
chr3	69985742	70017483
chr3	69788614	70017483
chr3	69915374	70017483
chr3	69985742	70017483
chrX	149737070	149841616
chrX	149737070	149841616
chrX	149737070	149841616
chrX	149737070	149841616
chr9	98205261	98271548
chr9	98205261	98279253
chr9	98205261	98279253
chr9	98205261	98270322
chr9	98205261	98270322
chr9	98205261	98269709
chr9	98205261	98269481
chr9	98205261	98271548
chr9	98244108	98279253
chr9	98205261	98271548
chrX	43808021	43832636
chr17	29421944	29704695
chr17	29421994	29704693
chr17	29421994	29549782
chr22	29999621	30094587
chr22	29999544	30094589
chr22	29999621	30079904
chr22	29999621	30094587
chr22	29999621	30094587
chr22	29999621	30094587
chr22	29999621	30080164
chr22	29999621	30094587
chr22	29999621	30094587
chr22	29999621	30094587
chrX	128674235	128726533
chrX	128674235	128726533
chrX	128674235	128726533
chr10	102505338	102589701
chr10	102495152	102589701
chr10	102495152	102507194
chr10	102505338	102589701
chr10	102505338	102589701
chr10	102505338	102589701
chr10	102505338	102589701
chr11	31810573	31832563
chr11	31810573	31839509
chr11	31810573	31839509
chr11	31810573	31833751
chr11	31810573	31832870
chr11	31810573	31832669
chr11	31810573	31833751
chr11	31814752	31828473
chr11	31810573	31825607
chr11	31810573	31825607
chr11	31810573	31833586
chr11	31810573	31833751
chr11	31810573	31831507
chr11	31810573	31834268
chr11	31810573	31829170
chr11	31810573	31832669
chr11	31810573	31832870
chr11	31810573	31832870
chr11	31810573	31825221
chr11	31810573	31825221
chr11	31810573	31825607
chr11	31810573	31825221
chr11	31810573	31825221
chr11	31810573	31832669
chr11	31810573	31832669
chr11	31810573	31827549
chr11	31810573	31825221
chr11	31810573	31826589
chr11	31810573	31832669
chr11	31810573	31832870
chr11	31810573	31832669
chr11	31810573	31832870
chr11	31810573	31832669
chr11	31810573	31832870
chr11	31810573	31833586
chr11	31810573	31832669
chr11	31810573	31832870
chr11	31810573	31832669
chr11	31810573	31839509
chr11	31810573	31832669
chr11	31810573	31839509
chr11	31810573	31832870
chr11	31810573	31839509
chr11	31810573	31829170
chr11	31810573	31832669
chr11	31810573	31832870
chr11	31810573	31832870
chr11	31810573	31832669
chr11	31810573	31825221
chr11	31810573	31822209
chr11	31810573	31832870
chr11	31810573	31832669
chr11	31810573	31839509
chrX	19362044	19379836
chrX	19362044	19379803
chrX	19362044	19379803
chrX	19362044	19379803
chrX	77359744	77384792
chr16	2138708	2185899
chr16	2138708	2185899
chr4	88928786	88998929
chr19	47177572	47220371
chr19	47177572	47220371
chr19	47177572	47217577
chr19	47177572	47220371
chr4	88928786	88998929
chr17	15133095	15168643
chr17	15133095	15165869
chr17	15133095	15168643
chr17	15138535	15168643
chr12	133264172	133281571
chr17	15133095	15165869
chr17	15133095	15164137
chr17	15133095	15168643
chr17	15133095	15168643
chr10	89623381	89731687
chr10	89623381	89731687
chr10	89623381	89731687
chr13	48877886	49056026
chr4	111538578	111544233
chr4	111538578	111563279
chr4	111538578	111563279
chr4	111538578	111563279
chr4	111538578	111563279
chr4	111538578	111563279
chrX	18657807	18690228
chr1	15986207	15988528
chr17	70117160	70122557
chrX	7137496	7272682
chrX	7065330	7272682
chrX	7065752	7272682
chrX	7065752	7272682
chrX	7170284	7272682
chrX	7170513	7272682
chr5	149737259	149779856
chr5	149737259	149764201
chr5	149737259	149779856
chr5	149737259	149779856
chr5	149737259	149779856
chr5	149737259	149779856
chr5	149737259	149779856
chr9	135766735	135820003
chr9	135766735	135820003
chr9	135766735	135820003
chr9	135766735	135820003
chr11	32409320	32457085
chr11	32409320	32452363
chr11	32409320	32452359
chr11	32409320	32421946
chr11	32409320	32457085
chr11	32409320	32457085
chr11	32409320	32457085
chrX	10413595	10588625
chrX	10413349	10645779
chrX	10413349	10544957
chrX	10437304	10535643
chrX	10437304	10535643
chrX	10437304	10535643
chrX	10413349	10558000
chrX	10413349	10588625
chrX	10413349	10851802
chrX	85116184	85302562
chr1	161274524	161279758
chrX	85224098	85302562
chr1	161274524	161279758
chrX	85116184	85302329
chrX	85116184	85302332
chrX	85116184	85302310
chrX	85116184	85302332
chrX	37639311	37672714
chr11	44117746	44266980
chr11	44117227	44273512
chr11	44117227	44273512
chr3	33038108	33138638
chr4	152041432	152147572
chr3	33038108	33138314
chr4	152041432	152147572
chr4	152041432	152096704
chr3	33038108	33138638
chr4	152041432	152149061
chr3	33038108	33138638
chr4	152041432	152246757
chr4	152041432	152246757
chr4	152041432	152149061
chr4	152041432	152147572
chr4	152041432	152149061
chr4	152041432	152147572
chr4	152041432	152246757
chr4	152041432	152149061
chr4	152041432	152147572
chr4	152041432	152246757
chrX	48380195	48387104
chrX	153126970	153141469
chrX	153126968	153141399
chrX	153126970	153151627
chrX	153126968	153141399
chr17	2496947	2588909
chr2	223158353	223163717
chr2	223064605	223163717
chr2	223158353	223163717
chr2	223066431	223163717
chr2	223064605	223163717
chr2	223064605	223163717
chr2	223064605	223163717
chr2	223064605	223163717
chrX	22050442	22269427
chrX	22050442	22269427
chrX	585078	607558
chrX	585078	620146
chr17	36046433	36105050
chr17	36046433	36105050
chr17	36046433	36105050
chr15	25582380	25684203
chr15	25582380	25683376
chr15	25578874	25684171
chr15	25578874	25684171
chr15	25578874	25684171
chr15	25578874	25684171
chr15	25578874	25684171
chr15	25578874	25684171
chr15	25578874	25684171
chr15	25578874	25684171
chr15	25582380	25683376
chr15	25578874	25684171
chr15	25578874	25684171
chr15	25578874	25684171
chr15	25578874	25684171
chr15	25578874	25684171
chr15	25578874	25684171
chr15	25578874	25684171
chr15	25578874	25684171
chr15	25578874	25684171
chr15	25578874	25684171
chr15	25578874	25684171
chr15	25578874	25684171
chr15	25578874	25684171
chr15	25578874	25684171
chr15	25582374	25684171
chr15	25578874	25684171
chr15	25578874	25684171
chr15	25578874	25684171
chr7	19155090	19157259
chr7	19152669	19157259
chrX	30322322	30327507
chrX	76760357	77041702
chrX	76760357	77041702
chrX	107683067	107940775
chrX	107683067	107940775
chr22	25615605	25627836
chr7	73442502	73484237
chr7	73442502	73484237
chr7	73442502	73484237
chr7	73442502	73484237
chr7	73442502	73484237
chr17	73642330	73644054
chr7	73442502	73484237
chr7	73442502	73484237
chr7	73442502	73484237
chr7	73442502	73484237
chr7	73442502	73484237
chr7	73442502	73484237
chr7	73442502	73484237
chr7	73442502	73484237
chr8	72109667	72274304
chr8	72109667	72274304
chr8	72109667	72274304
chr8	72109667	72460329
chr8	72109667	72459939
chr8	72109667	72460329
chr8	72109667	72460329
chr8	72109667	72268941
chr8	72109667	72459939
chr20	57466475	57486247
chr20	57466475	57486247
chr20	57466475	57486244
chr20	57427770	57486247
chr20	57464234	57486244
chr20	57466475	57475554
chr20	57416674	57486244
chr20	57428035	57475554
chr20	57414802	57486247
chr20	57427770	57486247
chr20	57466475	57486244
chr20	57467217	57475554
chr20	57463467	57475554
chr2	176957448	176960672
chrX	38211856	38280699
chrX	103031767	103047548
chrX	103031433	103047548
chrX	103031780	103047548
chrX	103031767	103047548
chr17	7571738	7590808
chr17	7571738	7590808
chr17	7571738	7590808
chr17	7571738	7590808
chr17	7571738	7578562
chr17	7571738	7578562
chr17	7571738	7578562
chr17	7571738	7590808
chr17	7571738	7590808
chr17	7571738	7590808
chr17	7571738	7578562
chr17	7571738	7578562
chr17	7571738	7578562
chr17	7571738	7590808
chr17	7571738	7590808
chr16	2097985	2139492
chr16	2097985	2139492
chr16	2097985	2139492
chr16	2097985	2139492
chr16	2097985	2139492
chr16	2097985	2139492
chr16	2098202	2139492
chr16	2097985	2139492
chr16	2097985	2139492
chr16	2097985	2139492
chr16	2097985	2139492
chr3	10183461	10195351
chr3	10183461	10195351
chr3	10183461	10195351
chrX	110537006	110654374
chrX	110537006	110655420
chrX	110537006	110655325
chrX	110537006	110655325
chrX	110537006	110655420
chrX	110537006	110655420
chrX	110537006	110655325
chrX	110537006	110655420
chrX	110537006	110655420
chrX	110537006	110655420
chr20	34021144	34026008
chr20	34021144	34042571
chr12	2162152	2807116
chr12	2162152	2807116
chr12	2162152	2807116
chr12	2162152	2807116
chr12	2162152	2807116
chr12	2162152	2807116
chr12	2162152	2807116
chr12	2162152	2807116
chr12	2162152	2807116
chr12	2162152	2807116
chr12	2162152	2807116
chr12	2162152	2807116
chr12	2162152	2807116
chr12	2162152	2807116
chr12	2162152	2807116
chr12	2162152	2807116
chr12	2162152	2807116
chr12	2162152	2807116
chr12	2162152	2807116
chr12	2162152	2807116
chr12	2162152	2807116
chr12	2162152	2807116
chr12	2162152	2807116
chr15	32322717	32465219
chr15	32322717	32465219
chr15	30652768	30685743
chr15	30653442	30685864
chr15	32322685	32462384
chrX	122318130	122624766
chrX	122318130	122338534
chrX	122318130	122624766
chr16	9847264	10276765
chr16	9847264	10276285
chr16	9847260	10275924
chr12	13690270	14134536
chr15	99191767	99507759
chr15	99191767	99507759
chr21	36160097	36260996
chr21	36193575	36260996
chr21	36160097	36421599
chr10	8096650	8117161
chr10	8096650	8117161
chrX	68835956	69259322
chrX	68835956	69080948
chrX	68835956	69259322
chrX	68835956	69080948
chrX	68835956	69259322
chr22	24129152	24180196
chr22	24129152	24180196
chr22	24129152	24180196
chr22	24129152	24180196
chrX	128937263	128977575
chrX	128937263	128977862
chrX	73952690	74145287
chrX	13730363	13752739
chrX	13730363	13752739
chrX	13730363	13752739
chr3	71247032	71633129
chr3	71003858	71632879
chr3	71003858	71633129
chr3	71003858	71353922
chr3	71003858	71114075
chr3	71003858	71294228
chr3	71003858	71179737
chr3	71003858	71592708
chr3	71003858	71179737
chr3	71003858	71632879
chr3	71003858	71632879
chr3	71003858	71632879
chr3	71003858	71181348
chr3	71003858	71181348
chr3	71003858	71114075
chr3	71003858	71179737
chr3	71003858	71633129
chr3	71003858	71632879
chr3	71003858	71632879
chr6	45296066	45518819
chr6	45296066	45518819
chr6	45390011	45518819
chr6	45390011	45518819
chr6	45296066	45339785
chr6	45296066	45339785
chrX	133507341	133562820
chrX	133507341	133549322
chrX	133507341	133562820
chrX	14861526	14891191
chrX	14861526	14891191
chrX	14861526	14891191
chrX	14883314	14891191
chr19	42364324	42376993
chr19	42364473	42376993
chr19	42364324	42376993
chr19	42364324	42376993
chr14	66974864	67648520
chr14	66974864	67648520
chr14	66974864	67648520
chr14	66974864	67648520
chr14	66974864	67648520
chr14	66974864	67648520
chr14	66974864	67648520
chr14	66974864	67648520
chr14	21058231	21058982
chr6	31937591	31939915
chr6	31937591	31939915
chr6	31937591	31939915
chr17	17584771	17714767
chr3	30647993	30735634
chr3	30648092	30735634
chr6	43737947	43754224
chr6	43737947	43754224
chr6	43737947	43754224
chr6	43737947	43754224
chr6	43737947	43754224
chr6	43737947	43754224
chr6	43737947	43754224
chr6	43737945	43754224
chr6	43737945	43754224
chr6	43737945	43754224
chr6	43737945	43754224
chr6	43737945	43754224
chr6	43737945	43754224
chr6	43737945	43754224
chr6	43737945	43754224
chr6	43737945	43754224
chr6	43737947	43754224
chr6	43739704	43754224
chr6	43737945	43754224
chr6	43737947	43754224
chr9	130374555	130454978
chr9	130374555	130454978
chr9	130374555	130454978
chr9	130374555	130454978
chr9	130374190	130454978
chr9	130374555	130454978
chr9	130374555	130454978
chr9	130374555	130454978
chr9	130374555	130454978
chr9	130374555	130458308
chr9	130374555	130454978
chr9	130374555	130454978
chrX	48755212	48760420
chrX	48755212	48760420
chrX	48755212	48760420
chrX	48755538	48760420
chrX	48755212	48760420
chrX	48755212	48760420
chrX	48755774	48760420
chrX	48755538	48760420
chrX	48755212	48760420
chrX	18460343	18671749
chrX	18443727	18658316
chrX	18443727	18671749
chrX	46357159	46404856
chrX	46357159	46404856
chrX	46357159	46404856
chr2	166095923	166248814
chr2	166095923	166248814
chr2	166095923	166248814
chr2	166097569	166248814
chr2	166150564	166248814
chrX	135067593	135129428
chrX	135067593	135129428
chrX	46458685	46618553
chrX	135067593	135129428
chrX	135067593	135129428
chrX	135067593	135129428
chrX	46458685	46618553
chr15	93443553	93492464
chr15	93443553	93571226
chr21	41382925	42219084
chr21	41382925	42219084
chr21	41382925	42219084
chr7	35242041	35293711
chr7	35271111	35293711
chr16	3775054	3930121
chr16	3775054	3930714
chrX	119657712	119694817
chrX	119657712	119695308
chrX	119658466	119693753
chrX	119657712	119709387
chr18	52889415	53255423
chr10	114710005	114927437
chr10	114710005	114927437
chr10	114710005	114927437
chr10	114710005	114927437
chr10	114710005	114927437
chr10	114710005	114927437
chr10	114710005	114927437
chr10	114710005	114927437
chr10	114710005	114927437
chr10	114710005	114927437
chr10	114710005	114927437
chr10	114710005	114927437
chr18	52889415	53303188
chr18	52889415	53257042
chr18	52889415	53257042
chr18	52889415	53255848
chr18	52889415	53178003
chr18	52889561	53071226
chr18	52889415	53089528
chr18	52889415	52989072
chr18	52889415	52989072
chr18	52889415	52969891
chr18	52889561	53253350
chr18	52889561	53071226
chr18	52889415	53255423
chr18	52889415	53068919
chr18	52889415	53178003
chr18	52889415	53089528
chr18	52889415	53089528
chr18	52889415	52989072
chr18	52889415	52988166
chr18	52889415	52969891
chr18	52889561	53253350
chr18	52889415	53253353
chr18	52889415	53253353
chr18	52889561	53253350
chr10	114889029	114927437
chr10	114886391	114927437
chr10	114710005	114927437
chr10	114710005	114927437
chr18	52889415	53257042
chr18	52889415	53255848
chr18	52889415	53255848
chr18	52889415	53255423
chr18	52889415	53257042
chr18	52889415	53255848
chr18	52889415	53255423
chr18	52889415	53255423
chr18	52889415	53255423
chr18	52889415	53257042
chr18	52889415	53257042
chr18	52889415	53255423
chr18	52889415	53255423
chr18	52889415	53253353
chr18	52889415	53253353
chr18	52889415	53257042
chr18	52889415	53255423
chr18	52889415	53257042
chr18	52889415	53255423
chr18	52889415	53257042
chr18	52889415	53255423
chr10	114710005	114927437
chr7	94214291	94285445
chr7	94214291	94285445
chr7	94214291	94285445
chr7	94214291	94285445
chr7	94214291	94285445
chr7	94214291	94285445
chr7	94214291	94285445
chr7	94214291	94285445
chr7	94214291	94285445
chr7	94214291	94285445
chr7	94214291	94285445
chr7	94214291	94285445
chrX	153770426	153793261
chrX	153775834	153793248
chrX	153775834	153793261
chrX	153770426	153793261
chrX	153775834	153793261
chrX	153769452	153793261
chrX	153769452	153793261
chrX	153775834	153793261
chrX	153775834	153793261
chrX	153776061	153793261
chrX	153775834	153793261
chrX	99546641	99665271
chrX	99546641	99665271
chrX	99546641	99665271
chr4	134070448	134075043
chr4	134070448	134115855
chr19	33182726	33204698
chrX	46696477	46741793
chrX	153576898	153603002
chrX	153576898	153603002
chrX	153287023	153363174
chrX	153287023	153363174
chrX	153287023	153363174
chrX	153287023	153363174
chrX	153287023	153363174
chrX	153287023	153362427
chrX	153287023	153363174
chrX	153287023	153363174
chrX	153287023	153363174
chrX	153287023	153363174
chr13	111766965	111947542
chr13	111766965	111947542
chr13	111839140	111958079
chrX	110187624	110470589
chrX	110187624	110470589
chrX	110339418	110470589
chrX	110366304	110470589
chrX	110339418	110470589
chr13	111806012	111958079
chr13	111766965	111958081
chr13	111855406	111958079
chr13	111893520	111947539
chrX	110187624	110470589
chrX	110339418	110470589
chrX	110339418	110470589
chrX	110339418	110470589
chrX	110339418	110470589
chrX	110187624	110470589
chrX	110339418	110470589
chrX	110339418	110470589
chrX	110339418	110470589
chrX	110339418	110470589
chr13	111806012	111947539
chr13	111806012	111947539
chr13	111767656	111958079
chr13	111766965	111947542
chr13	111766965	111958081
chr13	111806012	111958079
chr13	111806012	111958079
chr13	111806012	111958079
chr13	111806012	111958079
chr13	111806012	111958079
chr13	111806012	111958079
chr13	111893520	111958079
chr13	111766965	111947542
chr13	111806012	111947539
chr13	111806012	111947539
chr13	111806012	111947539
chr13	111806012	111947539
chr13	111893520	111947539
chrX	110339418	110470589
chr13	111806012	111958079
chr13	111766965	111947542
chrX	110339418	110372431
chrX	110339418	110372431
chrX	110339418	110372431
chrX	110339418	110372431
chrX	110339418	110372431
chrX	110339418	110372431
chrX	110339418	110372431
chrX	110339418	110470589
chrX	110346386	110470589
chrX	123480412	123507010
chrX	123480412	123507010
chr3	189349177	189615065
chr3	189349177	189599292
chr3	189507447	189615065
chr3	189507447	189615065
chr3	189507447	189599292
chr3	189349177	189615065
chr3	189507447	189615065
chr3	189507447	189615065
chr3	189349177	189615065
chr3	189507447	189615065
chr3	189507447	189615065
chr3	189314534	189615065
chr3	189349177	189615065
chrX	119560002	119603204
chrX	119560002	119603151
chrX	119570348	119603204
chrX	11129451	11141206
chrX	11129451	11141206
chrX	11129451	11141206
chrX	39910498	40036582
chrX	39910503	40036530
chrX	39910503	39957211
chrX	39910503	39957211
chrX	41374186	41782287
chrX	41374186	41782287
chrX	41374186	41782807
chrX	41374186	41782287
chr7	69063460	70258492
chr7	69063460	69759225
chr7	69063460	70258492
chr16	51169892	51184508
chr16	51169892	51185181
chr19	11071705	11172949
chr19	11094799	11172949
chr19	11094799	11172949
chr19	11071705	11172949
chr19	11094799	11172949
chr19	11071705	11172949
chr19	11071705	11172949
chr19	11071705	11172949
chr19	11071705	11172949
chr19	11071705	11172949
chrX	151999606	152038273
chrX	151999606	152038273
chr6	33387841	33421466
chr6	33387841	33421466
chr6	33387841	33421466
chr5	86563699	86687733
chr6	33387841	33421466
chr5	86564753	86687733
chr18	42260037	42457384
chr18	42260037	42648475
chr18	42280839	42648475
chr18	42260852	42648475
chr9	101867394	101916474
chr9	101867394	101916474
chr9	101867394	101916474
chrX	152853382	152864595
chrX	152853382	152864595
chr5	88014057	88199922
chr5	88014057	88199922
chr5	88014057	88119744
chr5	88014057	88179001
chr5	88012933	88179001
chr5	88012933	88179001
chr5	88014057	88120161
chr5	88012933	88185192
chr5	88012933	88185192
chr5	88012933	88179001
chr5	88014057	88179001
chr5	88012933	88179001
chr5	88014057	88185192
chr5	88014057	88180353
chr5	88014057	88179001
chr5	88014057	88179001
chr5	88014057	88179001
chr5	88014057	88179001
chr5	88014057	88179001
chr5	88014057	88123009
chr5	88014057	88123009
chr5	88014057	88179001
chr5	88012933	88179001
chr5	88014057	88180353
chr5	88014057	88179001
chr5	88014057	88179001
chr5	88014057	88179001
chr5	88014057	88179001
chr5	88014057	88121877
chr5	88014057	88179001
chr5	88012933	88081328
chr5	88014057	88179001
chr5	88014057	88179001
chr5	88014057	88081328
chr5	88014057	88081328
chr5	88012933	88179001
chr1	61548232	61928460
chr1	61542898	61928460
chr1	61547410	61928460
chr1	61548232	61928460
chr2	50145640	51259270
chr2	50145640	50201304
chr2	50145640	50201304
chr2	50145640	51259270
chr2	50145640	51259270
chr2	51143959	51259270
chr2	51143959	51259270
chr2	50145640	51259270
chr2	50145640	51259270
chr2	50145640	51259270
chr2	50145640	51259270
chr2	50145640	51259270
chr2	50145640	51259270
chr2	50145640	51259270
chr2	51149658	51259270
chr2	51143959	51259270
chr2	50145640	50574945
chr2	50145640	50574945
chr2	50145640	51259270
chr2	50145640	51259270
chr2	50145640	51259270
chr2	50145640	51259270
chr2	50145640	50574945
chr2	50145640	51259270
chr2	50145640	50574945
chrX	17653619	17754114
chrX	17393322	17754114
chrX	17653619	17754114
chrX	17393322	17754114
chr16	6069024	7763342
chr16	6823809	7763342
chr16	6069703	7759783
chr16	6069024	7763342
chr16	6069024	7763342
chr16	7382845	7763342
chr16	7382845	7763342
chr16	7382845	7763342
chrX	153991138	154005964
chrX	153991138	154005964
chrX	153991138	154005964
chrX	153991138	154005964
chrX	153991138	154005964
chrX	153991138	154005964
chr17	42927315	42976813
chr17	42927315	42976736
chr17	42927315	42976813
chr17	42927315	42976813
chrX	152953380	152962043
chrX	152954965	152962048
chrX	152953380	152962043
chrX	109917083	110039045
chrX	109917083	110039045
chrX	109917083	110039045
chrX	109917083	110039045
chrX	109917083	110039045
chrX	109917083	110039045
chrX	109917083	110039045
chrX	109917083	110039045
chrX	109917083	110039045
chrX	109917083	110039045
chrX	109917083	110039045
chr15	67418079	67487507
chr15	67430358	67487507
chr15	67458498	67487507
chr15	67357939	67487507
chr9	140513456	140678845
chr9	140513456	140688626
chr9	140513456	140730579
chr9	140513456	140659228
chr9	140513456	140659228
chr9	140513456	140730579
chrX	100600648	100603730
chrX	100600648	100603730
chrX	53221339	53254389
chrX	53221339	53254389
chrX	53221339	53254389
chrX	53205458	53254389
chrX	53205458	53254389
chrX	53205458	53254389
chrX	53220502	53254389
chrX	53221339	53254389
chrX	53205458	53254389
chrX	53205458	53254389
chrX	53205458	53254389
chr20	30946146	30960352
chr20	30946867	31027122
chr20	30946133	31027122
chrX	132669772	133119621
chrX	132669772	133119621
chrX	132669772	133119621
chrX	132669772	133119621
chr7	156797547	156802129
chr7	156797547	156803357
chr10	119302256	119309057
chr10	119302256	119309057
chr2	166842322	166984530
chr2	166841150	166984530
chr2	166841150	167005671
chr2	166841150	166984530
chr2	166841150	167005671
chr2	166841150	167005671
chr2	166841150	166984530
chr2	166841150	166984530
chr2	166841150	166984530
chr2	166841150	166984530
chr2	166841150	166984530
chr2	166841150	167005671
chr2	166841150	166984530
chr2	166841150	166984530
chr2	166841150	166984530
chr2	166841150	166984530
chr5	172659111	172662209
chr5	172659111	172662209
chr5	172659111	172662209
chrX	69675026	69725340
chr17	41878178	41910514
chr17	41878178	41910514
chr17	41878178	41910514
chrX	69672141	69725340
chrX	69664684	69725340
chr17	41878178	41910514
chr17	41878178	41910514
chr17	41878178	41910514
chr17	41878178	41910514
chr17	41878178	41910514
chrX	122993902	123047822
chrX	122993663	123047822
chrX	122994299	123047822
chrX	122993663	123047822
chrX	122993557	123047822
chrX	122993902	123047822
chrX	122993557	123047822
chr12	65563362	65642135
chr12	65563362	65642135
chr3	147103834	147122071
chr3	147103832	147123307
chr3	147103832	147124330
chr3	147103832	147124330
chr3	147103832	147110169
chr3	147103832	147110169
chr3	147103832	147110169
chrX	147582136	148082193
chrX	147582136	148082193
chrX	147582136	148082193
chrX	147582136	148082193
chrX	147800614	148082193
chrX	147582136	148082193
chr14	21853357	21924282
chr14	21853357	21905434
chr2	145141647	145277686
chr2	145141647	145277686
chr2	145268951	145277686
chr2	200134227	200322662
chr2	200134222	200329831
chr2	200134227	200335989
chr2	200260553	200322662
chr7	114054869	114333820
chr7	114066556	114294198
chr7	114054869	114333820
chr7	114054869	114333820
chr7	114066556	114294198
chr7	114054869	114333820
chr7	113726381	114333820
chr7	114054869	114333820
chrX	62854846	63005094
chrX	62854846	62975003
chrX	62854846	63005094
chrX	62854846	63005094
chrX	62854846	63005094
chrX	62854846	62975096
chrX	62854846	62975003
chrX	62854846	62975003
chrX	62854846	62975003
chrX	62854846	62975003
chrX	62854846	62975003
chrX	62854846	62975003
chrX	62854846	62975003
chrX	62854846	62975003
chrX	62854846	62975003
chrX	62854846	62975003
chrX	62854846	62975003
chrX	62854846	62975003
chrX	62854846	62975003
chrX	62854846	62975003
chrX	62854846	62975003
chrX	62854846	62975003
chrX	62854846	62975003
chrX	62854846	63005094
chrX	62854846	62975003
chrX	62854846	62975003
chrX	62854846	62975003
chr8	38268660	38326153
chr8	38268660	38326153
chr8	38268660	38325242
chr8	38268660	38325242
chr8	38268660	38325242
chr8	38268660	38326153
chr8	38268660	38326153
chr8	38268660	38325242
chr8	38268660	38326153
chr8	38268660	38326153
chr8	38268660	38326153
chr8	38268660	38326153
chr8	38268660	38326153
chr3	46616024	46623947
chr3	46619277	46623947
chrX	109763539	109766249
chr9	129376206	129463311
chr9	129376206	129463311
chr9	129376206	129463311
chr2	162480925	162841780
chr2	162480925	162841780
chr2	162480925	162841780
chr2	162480925	162841780
chr2	162480925	162841780
chr2	162480925	162841780
chr2	162480925	162841780
chr2	162480925	162841780
chr2	162480925	162841780
chr2	162480925	162841780
chr2	162480925	162841780
chr2	162480925	162841780
chr2	162480925	162841780
chr2	162480925	162841780
chr2	162480925	162841780
chr2	162480925	162841780
chr2	162480925	162841780
chr2	162480925	162841780
chr2	162480925	162841780
chrX	154722195	154842613
chrX	154718671	154842613
chrX	53963112	54071569
chrX	53963112	54070906
chrX	53969047	54069580
chrX	53963112	54070906
chr17	29298056	29326929
chr17	29298056	29326929
chr17	29298056	29326929
chr4	2471179	2517584
chr4	2470832	2517584
chr4	2470832	2517584
chr15	25200133	25223870
chr15	25200133	25213968
chrX	146993436	147032645
chrX	146993436	147032645
chrX	146993436	147032645
chrX	146993436	147032645
chrX	146993436	147032645
chrX	146993436	147032645
chrX	146993436	147032645
chr1	103342028	103574078
chr1	103342028	103574078
chr1	103342028	103574078
chr1	103342028	103574078
chr1	103342028	103574078
chr5	1253281	1295183
chr5	1253281	1295183
chr5	1253281	1295183
chr5	1253281	1295183
chr17	44107281	44302733
chr17	44107281	44270148
chr17	44107281	44302733
chr17	44107281	44270795
chr11	118307206	118397547
chr11	118307206	118397547
chr1	120477735	120612276
chr1	120454175	120612276
chr14	54416453	54423543
chr14	54416453	54423609
chr14	54416453	54423543
chr14	54416453	54420113
chr14	54416453	54420113
chr14	54416453	54421768
chr14	54416453	54421768
chr14	54416453	54423609
chr14	54416453	54421206
chr2	203241049	203432472
chrX	106871739	106894256
chrX	106871739	106894256
chr7	18066392	18067469
chr13	28194879	28241548
chr13	28194879	28197586
chr13	28196028	28197586
chr13	28196028	28241548
chr1	209958961	209979487
chr1	209958961	209979487
chr3	2280512	3099643
chr3	2933903	3099643
chr3	2140549	3099643
chr3	2140549	3099643
chr3	2933903	3099643
chr16	89334037	89556969
chr16	89334037	89556969
chr16	89334037	89556969
chr16	89353068	89556969
chr16	29823513	29827202
chr16	29823513	29827202
chr16	29823513	29827202
chr10	76586357	76792382
chr10	76586357	76792382
chr10	76586357	76792382
chr10	76585236	76792382
chr10	76585236	76792382
chr10	76586357	76792382
chr10	76585236	76792382
chr10	76586357	76792382
chr10	76585236	76792382
chr10	76585012	76792382
chr10	76585236	76792382
chr10	76585236	76792382
chr10	76586357	76792382
chr10	76585236	76792382
chr10	76586357	76792382
chr10	76586357	76792382
chrX	21958826	22012955
chrX	21958826	22012955
chr17	17584771	17714767
chr2	131349737	131357148
chr2	131349737	131357148
chr2	131349737	131357148
chr14	57266622	57277197
chr14	57266622	57277197
chr14	57266622	57272385
chr14	57266622	57277197
chr14	57266622	57272385
chr14	57266622	57277197
chr14	57266622	57272385
chr19	13135394	13209610
chr19	13134785	13209601
chr19	13106288	13209610
chr19	13106288	13209601
chr19	13135392	13209601
chr19	13135592	13209601
chr19	13135592	13209601
chr19	13134785	13209610
chr19	13135392	13209610
chr19	13106288	13209601
chr15	67493004	67547536
chr15	67493004	67546999
chr15	67493004	67546999
chrX	15843928	15872936
chrX	15848181	15872936
chrX	15848181	15872936
chrX	15848181	15872936
chrX	15843928	15872936
chrX	15848181	15872936
chrX	15848181	15872936
chr6	170151717	170181696
chr6	170151717	170181696
chr6	170151717	170181696
chr6	170151717	170181696
chr18	3449565	3459976
chr18	3449704	3459976
chr18	3412851	3459976
chr18	3448428	3459976
chr18	3451590	3459976
chr18	3450169	3459976
chr18	3451590	3459976
chr18	3447539	3459976
chr18	3449704	3459976
chr18	3449704	3459976
chr18	3451590	3459976
chr18	3453771	3459976
chr18	3412006	3459976
chrX	5808082	6146908
chrX	5808082	6145128
chrX	5808082	6145888
chrX	5808082	6146908
chrX	48334408	48344752
chrX	48334586	48344738
chrX	48334586	48344738
chrX	118708525	118718386
chrX	118708525	118718386
chrX	118708525	118718386
chrX	48367379	48379196
chrX	48367379	48379196
chrX	48367379	48379196
chrX	48368171	48379202
chrX	48367379	48379196
chr8	116420723	116680240
chr8	116420723	116681202
chr8	116420723	116681202
chr8	116420723	116681202
chrX	44732433	44972024
chrX	44732433	44972024
chrX	44732433	44972024
chrX	44732433	44972024
chrX	44732433	44972024
chrX	44732433	44972024
chrX	44732433	44972024
chr2	16080671	16087126
chr2	16080671	16087126
chr2	16080671	16087126
chr2	16080671	16087126
chr6	133562494	133853266
chr6	133562494	133853266
chr6	133562494	133853266
chr6	133562494	133853266
chr6	133562494	133853266
chr6	133562494	133853266
chr6	133562494	133853266
chrX	131211017	131262048
chrX	131211017	131262048
chr8	11561710	11617511
chr8	11534443	11617511
chr8	11561710	11617511
chr8	11561710	11617511
chr8	11561710	11617511
chr8	61653817	61780587
chr8	61591298	61780587
chr20	50398869	50419060
chr20	50398869	50419060
chrX	108884563	108976486
chrX	108884563	108976486
chrX	108884563	108976486
chrX	108884563	108976486
chr1	92711958	92764544
chr1	92711958	92764544
chr1	92711958	92764544
chr1	89149955	89301938
chr1	89149955	89301938
chr1	89149955	89301938
chr3	196466727	196559518
chr1	89149955	89301938
chr17	59529782	59562471
chr17	59533848	59562471
chrX	47304576	47342621
chrX	47304576	47342621
chrX	47304576	47342621
chrX	47304576	47342621
chrX	47304576	47342003
chrX	47304576	47342621
chrX	47304576	47342621
chrX	47304576	47342621
chrX	47304576	47342621
chrX	47304576	47342621
chrX	47304576	47342621
chrX	47304576	47342621
chrX	47304576	47342621
chrX	47304576	47342621
chrX	47304576	47327069
chrX	47304576	47327069
chrX	47304576	47327068
chrX	47304576	47327069
chrX	47304576	47342003
chrX	47304576	47342345
chr10	72191691	72207707
chr10	72191691	72201437
chrX	13752866	13787476
chrX	13752866	13787476
chrX	13752866	13787476
chr12	112856750	112947722
chr12	112856750	112947722
chr12	112856750	112947722
chr12	112856750	112924727
chrX	84498996	84528363
chrX	84498996	84528363
chrX	84498996	84528363
chrX	84498996	84528363
chrX	84498996	84528363
chrX	84498996	84528363
chrX	84498996	84528363
chrX	84498996	84528363
chrX	84498996	84528363
chrX	136648285	136659850
chrX	136648285	136654261
chr21	38739074	38898660
chr21	38738374	38898660
chr21	38739074	38898660
chr21	38737874	38898660
chr21	38739858	38887679
chr21	38791206	38887679
chr21	38792600	38887679
chr5	147204144	147218759
chr5	147204144	147211234
chr5	147204144	147218759
chr10	43600179	43623062
chr10	43572516	43623062
chr10	43572516	43625799
chr8	106330665	106816767
chr8	106331770	106816767
chr8	106330665	106816767
chr22	41488595	41576081
chr22	41488595	41576081
chr5	174151584	174157899
chr5	174151584	174157899
chr6	157357560	157531913
chr6	157097159	157531913
chr6	157098511	157531913
chr6	157098511	157531913
chr6	157098511	157531913
chr9	843288	969090
chr9	841696	969090
chr5	176561229	176727214
chr5	176560773	176727214
chr5	176560015	176727214
chrX	77081243	77150932
chrX	77081860	77151065
chr2	121493443	121750229
chr2	121493443	121750229
chr2	121493443	121750229
chr2	121549856	121750229
chr22	51111250	51171640
chr14	37131064	37148567
chr14	37126772	37148567
chr6	100832884	100912332
chr6	100832884	100912797
chr2	148778659	149274540
chr2	148778579	149274540
chr2	239969863	240322714
chr2	239969863	240323343
chr2	239969863	240322714
chr2	239969863	240323343
chr2	239969863	240322714
chrX	41306595	41334905
chrX	41306712	41334905
chr22	19748300	19754857
chr22	19744225	19771116
chr22	19744225	19767069
chr22	19744225	19754855
chr20	62031560	62104008
chr20	62031560	62104008
chr20	62031560	62104008
chr20	62031560	62104008
chr20	62031560	62104008
chr20	62065030	62104008
chr16	86544132	86549028
chr6	1610149	1614132
chrX	153665499	153671814
chr12	48366749	48398259
chr12	48366749	48398259
chr4	4861391	4865663
chr9	21802634	21867080
chrX	67262185	67653337
chr12	28115253	28124955
chr12	28115253	28122909
chr12	28111016	28125666
chr12	28111016	28122909
chr3	181429712	181432224
chrY	2654895	2655723
chr3	147127151	147134506
chr2	113973573	114036498
chr2	113973573	114036498
chr2	113973573	114036498
chr2	113973573	114036498
chr12	49412760	49454577
chr10	88516375	88687726
chrX	68048863	68062003
chrX	54471886	54522667
chr5	44300348	44389522
chr10	94352886	94415152
chrX	20168028	20285027
chrX	38420794	38548172
chr9	127243514	127269678
chr14	29235992	29239483
chr16	86600434	86603334
chr18	19749549	19782491
chr1	147228331	147245455
chr1	147228331	147232710
chr1	147374920	147381396
chr18	48556582	48611412
chr2	45168840	45173210
chr19	34919285	34962156
chrX	25021810	25034082
chr1	149895208	149899695
chr12	115108059	115121980
chr12	115108059	115121980
chr1	27022505	27108595
chr1	27022505	27108595
chrX	73641327	73753751
chr22	38368318	38380562
chrX	47431299	47479256
chrX	47431299	47479256
chr13	100634037	100639019
chr11	86656720	86666437
chr7	145813892	148118090
chrX	28605562	29974835
chr5	36876870	37065921
chr5	36876870	37066515
chr15	23888695	23893014
chr11	44281989	44331689
chrX	118967984	118986926
chrX	118967984	118986926
chr3	138663065	138665979
chrX	101087084	101112549
chrX	101087084	101112549
chrX	101087084	101112549
chrX	101087084	101112549
chrX	101087084	101112549
chrX	101087084	101112549
chr1	180199398	180248119
chr15	38545036	38649450
chrX	79925001	80065376
chrX	154487519	154493776
chr10	91190055	91295351
chrX	73040485	73072588
chr11	2629557	2721228
chr14	101292444	101327363
chr14	101292444	101327363
chr14	101292468	101327363
chr14	101292444	101327363
chr14	101292444	101327363
chr14	101292444	101327363
chr14	101292444	101327363
chr14	101292444	101327363
chr14	101292444	101327363
chr14	101292444	101327363
chr14	101292444	101327363
chr14	101292444	101327363
chr14	101292444	101327363
chr14	101292444	101327363
chr14	101292444	101320642
