chr1	78	88
chr1	156	166
chr1	381	391
chr1	646	656
chr1	697	707
chr1	1487	1497
chr1	1602	1612
chr1	1655	1665
chr1	1748	1758
chr1	2310	2320
chr1	2741	2751
chr1	2779	2789
chr1	2877	2887
chr1	3160	3170
chr1	3274	3284
chr1	3311	3321
chr1	3334	3344
chr1	3480	3490
chr1	3557	3567
chr1	3674	3684
chr1	3913	3923
chr1	3954	3964
chr1	4211	4221
chr1	4356	4366
chr1	4568	4578
chr1	4662	4672
chr1	4807	4817
chr1	4870	4880
chr1	4984	4994
chr1	5047	5057
chr1	5471	5481
chr1	5493	5503
chr1	5867	5877
chr1	6622	6632
chr1	6998	7008
chr1	7098	7108
chr1	7491	7501
chr1	7680	7690
chr1	7928	7938
chr1	7951	7961
chr1	7989	7999
chr1	8099	8109
chr1	8287	8297
chr1	8347	8357
chr1	8832	8842
chr1	8861	8871
chr1	9160	9170
chr1	9397	9407
chr1	9415	9425
chr1	9463	9473
chr1	9791	9801
chr1	10121	10131
chr1	10298	10308
chr1	10477	10487
chr1	10653	10663
chr1	10712	10722
chr1	10862	10872
chr1	11262	11272
chr1	11370	11380
chr1	11409	11419
chr1	11451	11461
chr1	11581	11591
chr1	12024	12034
chr1	12099	12109
chr1	12378	12388
chr1	12498	12508
chr1	12516	12526
chr1	12541	12551
chr1	12721	12731
chr1	12998	13008
chr1	13158	13168
chr1	13274	13284
chr1	13306	13316
chr1	13351	13361
chr1	13801	13811
chr1	13969	13979
chr1	14410	14420
chr1	14463	14473
chr1	14563	14573
chr1	14731	14741
chr1	14966	14976
chr1	15043	15053
chr1	15091	15101
chr1	15124	15134
chr1	15487	15497
chr1	15606	15616
chr1	15635	15645
chr1	15737	15747
chr1	15795	15805
chr1	16085	16095
chr1	16117	16127
chr1	16164	16174
chr1	16262	16272
chr1	16416	16426
chr1	16564	16574
chr1	16685	16695
chr1	16776	16786
chr1	17169	17179
chr1	17206	17216
chr1	17553	17563
chr1	17592	17602
chr1	18198	18208
chr1	18379	18389
chr1	18401	18411
chr1	18661	18671
chr1	18745	18755
chr1	19531	19541
chr1	19731	19741
chr1	19763	19773
chr1	19979	19989
chr1	20011	20021
chr1	20252	20262
chr1	20344	20354
chr1	20459	20469
chr1	20558	20568
chr1	20618	20628
chr1	20667	20677
chr1	20927	20937
chr1	20982	20992
chr1	20993	21003
chr1	21169	21179
chr1	21279	21289
chr1	21377	21387
chr1	21435	21445
chr1	21523	21533
chr1	21549	21559
chr1	21586	21596
chr1	21767	21777
chr1	21845	21855
chr1	21880	21890
chr1	21975	21985
chr1	22239	22249
chr1	22253	22263
chr1	22403	22413
chr1	22561	22571
chr1	22772	22782
chr1	22801	22811
chr1	23343	23353
chr1	23452	23462
chr1	23593	23603
chr1	24017	24027
chr1	24106	24116
chr1	24428	24438
chr1	24556	24566
chr1	24728	24738
chr1	24850	24860
chr1	25216	25226
chr1	26251	26261
chr1	26346	26356
chr1	26575	26585
chr1	26682	26692
chr1	26846	26856
chr1	27215	27225
chr1	27690	27700
chr1	27758	27768
chr1	27783	27793
chr1	27940	27950
chr1	28055	28065
chr1	28150	28160
chr1	28164	28174
chr1	28633	28643
chr1	28890	28900
chr1	29501	29511
chr1	29809	29819
chr1	30029	30039
chr1	30127	30137
chr1	30447	30457
chr1	30668	30678
chr1	31015	31025
chr1	31094	31104
chr1	31216	31226
chr1	31406	31416
chr1	31523	31533
chr1	31635	31645
chr1	31745	31755
chr1	31950	31960
chr1	32019	32029
chr1	32074	32084
chr1	32171	32181
chr1	32218	32228
chr1	32304	32314
chr1	32553	32563
chr1	32710	32720
chr1	32890	32900
chr1	32950	32960
chr1	33007	33017
chr1	33111	33121
chr1	33472	33482
chr1	33565	33575
chr1	34215	34225
chr1	34289	34299
chr1	34667	34677
chr1	34802	34812
chr1	35160	35170
chr1	35190	35200
chr1	35216	35226
chr1	35277	35287
chr1	35507	35517
chr1	35607	35617
chr1	36141	36151
chr1	36165	36175
chr1	36185	36195
chr1	36800	36810
chr1	37021	37031
chr1	37520	37530
chr1	37564	37574
chr1	37581	37591
chr1	37641	37651
chr1	37698	37708
chr1	38017	38027
chr1	38199	38209
chr1	38385	38395
chr1	38805	38815
chr1	39196	39206
chr1	39515	39525
chr1	39691	39701
chr1	39778	39788
chr1	39789	39799
chr1	39833	39843
chr1	39943	39953
chr1	40063	40073
chr1	40191	40201
chr1	40299	40309
chr1	40469	40479
chr1	40541	40551
chr1	40597	40607
chr1	40639	40649
chr1	40936	40946
chr1	41423	41433
chr1	41594	41604
chr1	41950	41960
chr1	41999	42009
chr1	42165	42175
chr1	42336	42346
chr1	42402	42412
chr1	43154	43164
chr1	43236	43246
chr1	43255	43265
chr1	43298	43308
chr1	43360	43370
chr1	43496	43506
chr1	43518	43528
chr1	43588	43598
chr1	43622	43632
chr1	43737	43747
chr1	43798	43808
chr1	43815	43825
chr1	43860	43870
chr1	43950	43960
chr1	44267	44277
chr1	44652	44662
chr1	44679	44689
chr1	44800	44810
chr1	45257	45267
chr1	45873	45883
chr1	46439	46449
chr1	46797	46807
chr1	46858	46868
chr1	47176	47186
chr1	47557	47567
chr1	47960	47970
chr1	47973	47983
chr1	48039	48049
chr1	48372	48382
chr1	48983	48993
chr1	49002	49012
chr1	49487	49497
chr1	49677	49687
chr1	49803	49813
chr1	49866	49876
chr1	50395	50405
chr1	50806	50816
chr1	50966	50976
chr1	51299	51309
chr1	51344	51354
chr1	51677	51687
chr1	52020	52030
chr1	52200	52210
chr1	52511	52521
chr1	52541	52551
chr1	52592	52602
chr1	52707	52717
chr1	52725	52735
chr1	52780	52790
chr1	53103	53113
chr1	53223	53233
chr1	53325	53335
chr1	53451	53461
chr1	53584	53594
chr1	53664	53674
chr1	53799	53809
chr1	53996	54006
chr1	54184	54194
chr1	54392	54402
chr1	54713	54723
chr1	54781	54791
chr1	54914	54924
chr1	55203	55213
chr1	55464	55474
chr1	55510	55520
chr1	55523	55533
chr1	55581	55591
chr1	55665	55675
chr1	55980	55990
chr1	56045	56055
chr1	56075	56085
chr1	56439	56449
chr1	56490	56500
chr1	56515	56525
chr1	56846	56856
chr1	56902	56912
chr1	57059	57069
chr1	57167	57177
chr1	57193	57203
chr1	57283	57293
chr1	57429	57439
chr1	57715	57725
chr1	58031	58041
chr1	58163	58173
chr1	58256	58266
chr1	58622	58632
chr1	58641	58651
chr1	58653	58663
chr1	58916	58926
chr1	58938	58948
chr1	59097	59107
chr1	59354	59364
chr1	59382	59392
chr1	59905	59915
chr1	60189	60199
chr1	60458	60468
chr1	60507	60517
chr1	60831	60841
chr1	61269	61279
chr1	61408	61418
chr1	61820	61830
chr1	61993	62003
chr1	62073	62083
chr1	62452	62462
chr1	62605	62615
chr1	62653	62663
chr1	62979	62989
chr1	63323	63333
chr1	63387	63397
chr1	63429	63439
chr1	63554	63564
chr1	63613	63623
chr1	63624	63634
chr1	63766	63776
chr1	63797	63807
chr1	63830	63840
chr1	64198	64208
chr1	64220	64230
chr1	64643	64653
chr1	64877	64887
chr1	64936	64946
chr1	65410	65420
chr1	65443	65453
chr1	65540	65550
chr1	65625	65635
chr1	65698	65708
chr1	65714	65724
chr1	65726	65736
chr1	65835	65845
chr1	65877	65887
chr1	66011	66021
chr1	66136	66146
chr1	66149	66159
chr1	66669	66679
chr1	66769	66779
chr1	66934	66944
chr1	67146	67156
chr1	67215	67225
chr1	67503	67513
chr1	67583	67593
chr1	67752	67762
chr1	67806	67816
chr1	67837	67847
chr1	68040	68050
chr1	68457	68467
chr1	68768	68778
chr1	69299	69309
chr1	69686	69696
chr1	69961	69971
chr1	70016	70026
chr1	70171	70181
chr1	70456	70466
chr1	70737	70747
chr1	70804	70814
chr1	71329	71339
chr1	71513	71523
chr1	71544	71554
chr1	71845	71855
chr1	72357	72367
chr1	72378	72388
chr1	72557	72567
chr1	72584	72594
chr1	72792	72802
chr1	72944	72954
chr1	73037	73047
chr1	73128	73138
chr1	73512	73522
chr1	73743	73753
chr1	73791	73801
chr1	73882	73892
chr1	74067	74077
chr1	74401	74411
chr1	74438	74448
chr1	74912	74922
chr1	74926	74936
chr1	75083	75093
chr1	75354	75364
chr1	75425	75435
chr1	75914	75924
chr1	75935	75945
chr1	76694	76704
chr1	76951	76961
chr1	77336	77346
chr1	77356	77366
chr1	77402	77412
chr1	77417	77427
chr1	78278	78288
chr1	78607	78617
chr1	79157	79167
chr1	79592	79602
chr1	80217	80227
chr1	80491	80501
chr1	81030	81040
chr1	81196	81206
chr1	81462	81472
chr1	81760	81770
chr1	82192	82202
chr1	82312	82322
chr1	82455	82465
chr1	82808	82818
chr1	83703	83713
chr1	84201	84211
chr1	84536	84546
chr1	85287	85297
chr1	85816	85826
chr1	85947	85957
chr1	86268	86278
chr1	86339	86349
chr1	86395	86405
chr1	86480	86490
chr1	86573	86583
chr1	86597	86607
chr1	86645	86655
chr1	86745	86755
chr1	86821	86831
chr1	86867	86877
chr1	87015	87025
chr1	87252	87262
chr1	87270	87280
chr1	87407	87417
chr1	87569	87579
chr1	87924	87934
chr1	88672	88682
chr1	88697	88707
chr1	89298	89308
chr1	89486	89496
chr1	89872	89882
chr1	90059	90069
chr1	90261	90271
chr1	90393	90403
chr1	90539	90549
chr1	90843	90853
chr1	91112	91122
chr1	91426	91436
chr1	91638	91648
chr1	91675	91685
chr1	92204	92214
chr1	92320	92330
chr1	92559	92569
chr1	92608	92618
chr1	92792	92802
chr1	92899	92909
chr1	93707	93717
chr1	93730	93740
chr1	93760	93770
chr1	93844	93854
chr1	93879	93889
chr1	94402	94412
chr1	94528	94538
chr1	94828	94838
chr1	94839	94849
chr1	94944	94954
chr1	94986	94996
chr1	95132	95142
chr1	95318	95328
chr1	95466	95476
chr1	95625	95635
chr1	95906	95916
chr1	96088	96098
chr1	96342	96352
chr1	96425	96435
chr1	96629	96639
chr1	96653	96663
chr1	96728	96738
chr1	97268	97278
chr1	97396	97406
chr1	97411	97421
chr1	97519	97529
chr1	97572	97582
chr1	97674	97684
chr1	97893	97903
chr1	98159	98169
chr1	98220	98230
chr1	98233	98243
chr1	98671	98681
chr1	98737	98747
chr1	98931	98941
chr1	98958	98968
chr1	99111	99121
chr1	99261	99271
chr1	99569	99579
chr1	99632	99642
chr1	99706	99716
chr1	99719	99729
chr1	100436	100446
chr1	100657	100667
chr1	100757	100767
chr1	100792	100802
chr1	100977	100987
chr1	101063	101073
chr1	101241	101251
chr1	101922	101932
chr1	102294	102304
chr1	102382	102392
chr1	102651	102661
chr1	102774	102784
chr1	102869	102879
chr1	102899	102909
chr1	103215	103225
chr1	103400	103410
chr1	104155	104165
chr1	104218	104228
chr1	104913	104923
chr1	105314	105324
chr1	105488	105498
chr1	105512	105522
chr1	105562	105572
chr1	105792	105802
chr1	106305	106315
chr1	106419	106429
chr1	106476	106486
chr1	106752	106762
chr1	106772	106782
chr1	106840	106850
chr1	106871	106881
chr1	107178	107188
chr1	107494	107504
chr1	107555	107565
chr1	107693	107703
chr1	107737	107747
chr1	107841	107851
chr1	107989	107999
chr1	108008	108018
chr1	108091	108101
chr1	108344	108354
chr1	108453	108463
chr1	108503	108513
chr1	109323	109333
chr1	109679	109689
chr1	109734	109744
chr1	109962	109972
chr1	110299	110309
chr1	110375	110385
chr1	110478	110488
chr1	110667	110677
chr1	110822	110832
chr1	111146	111156
chr1	111858	111868
chr1	111898	111908
chr1	112432	112442
chr1	112492	112502
chr1	112614	112624
chr1	112687	112697
chr1	112799	112809
chr1	113505	113515
chr1	113804	113814
chr1	113973	113983
chr1	114058	114068
chr1	114300	114310
chr1	114461	114471
chr1	114624	114634
chr1	115051	115061
chr1	115160	115170
chr1	115199	115209
chr1	115741	115751
chr1	116059	116069
chr1	116225	116235
chr1	116262	116272
chr1	116591	116601
chr1	116614	116624
chr1	116678	116688
chr1	116838	116848
chr1	117043	117053
chr1	117139	117149
chr1	117246	117256
chr1	117428	117438
chr1	117454	117464
chr1	117513	117523
chr1	117741	117751
chr1	117895	117905
chr1	118004	118014
chr1	118134	118144
chr1	118206	118216
chr1	118529	118539
chr1	118558	118568
chr1	118720	118730
chr1	119149	119159
chr1	119186	119196
chr1	119515	119525
chr1	119549	119559
chr1	119663	119673
chr1	119728	119738
chr1	119758	119768
chr1	119930	119940
chr1	120016	120026
chr1	120272	120282
chr1	120351	120361
chr1	120479	120489
chr1	121198	121208
chr1	121253	121263
chr1	121679	121689
chr1	121706	121716
chr1	121786	121796
chr1	121853	121863
chr1	122326	122336
chr1	122455	122465
chr1	122823	122833
chr1	123146	123156
chr1	123229	123239
chr1	123267	123277
chr1	123495	123505
chr1	123721	123731
chr1	124251	124261
chr1	124646	124656
chr1	124747	124757
chr1	124779	124789
chr1	125128	125138
chr1	125245	125255
chr1	125543	125553
chr1	125881	125891
chr1	125911	125921
chr1	125994	126004
chr1	126093	126103
chr1	126256	126266
chr1	126353	126363
chr1	126525	126535
chr1	126877	126887
chr1	126904	126914
chr1	127061	127071
chr1	127144	127154
chr1	127222	127232
chr1	127530	127540
chr1	127685	127695
chr1	127798	127808
chr1	127996	128006
chr1	128255	128265
chr1	128745	128755
chr1	128811	128821
chr1	128849	128859
chr1	129200	129210
chr1	129277	129287
chr1	129506	129516
chr1	129599	129609
chr1	129780	129790
chr1	129997	130007
chr1	130302	130312
chr1	130621	130631
chr1	130891	130901
chr1	131216	131226
chr1	131465	131475
chr1	131542	131552
chr1	131643	131653
chr1	131752	131762
chr1	131863	131873
chr1	132067	132077
chr1	132084	132094
chr1	132117	132127
chr1	132418	132428
chr1	132465	132475
chr1	132513	132523
chr1	132705	132715
chr1	132825	132835
chr1	132881	132891
chr1	133250	133260
chr1	133262	133272
chr1	133298	133308
chr1	133424	133434
chr1	133470	133480
chr1	133621	133631
chr1	133747	133757
chr1	133912	133922
chr1	134403	134413
chr1	134590	134600
chr1	134846	134856
chr1	135239	135249
chr1	135367	135377
chr1	135685	135695
chr1	135942	135952
chr1	136139	136149
chr1	136381	136391
chr1	136852	136862
chr1	136866	136876
chr1	136881	136891
chr1	136909	136919
chr1	136994	137004
chr1	137271	137281
chr1	137659	137669
chr1	137859	137869
chr1	137931	137941
chr1	137975	137985
chr1	138013	138023
chr1	138144	138154
chr1	138558	138568
chr1	138777	138787
chr1	138790	138800
chr1	138974	138984
chr1	139238	139248
chr1	139468	139478
chr1	139610	139620
chr1	139875	139885
chr1	139894	139904
chr1	140336	140346
chr1	140463	140473
chr1	140815	140825
chr1	141103	141113
chr1	141202	141212
chr1	141258	141268
chr1	141360	141370
chr1	141511	141521
chr1	141562	141572
chr1	141694	141704
chr1	142348	142358
chr1	142391	142401
chr1	142437	142447
chr1	142619	142629
chr1	142807	142817
chr1	143015	143025
chr1	143336	143346
chr1	143467	143477
chr1	143754	143764
chr1	143839	143849
chr1	143965	143975
chr1	144359	144369
chr1	144510	144520
chr1	144622	144632
chr1	144887	144897
chr1	145058	145068
chr1	145071	145081
chr1	145261	145271
chr1	145291	145301
chr1	145326	145336
chr1	145420	145430
chr1	145597	145607
chr1	145978	145988
chr1	146009	146019
chr1	146386	146396
chr1	146493	146503
chr1	146754	146764
chr1	146946	146956
chr1	147066	147076
chr1	147324	147334
chr1	147389	147399
chr1	147749	147759
chr1	148152	148162
chr1	148959	148969
chr1	149321	149331
chr1	149459	149469
chr1	149642	149652
chr1	149877	149887
chr1	150015	150025
chr1	150064	150074
chr1	150076	150086
chr1	150171	150181
chr1	150282	150292
chr1	150484	150494
chr1	150529	150539
chr1	150682	150692
chr1	150816	150826
chr1	150960	150970
chr1	151260	151270
chr1	151325	151335
chr1	151521	151531
chr1	151580	151590
chr1	151763	151773
chr1	151830	151840
chr1	151871	151881
chr1	151996	152006
chr1	152162	152172
chr1	152420	152430
chr1	152753	152763
chr1	153187	153197
chr1	153218	153228
chr1	153329	153339
chr1	153548	153558
chr1	153654	153664
chr1	153996	154006
chr1	154165	154175
chr1	154204	154214
chr1	154247	154257
chr1	154561	154571
chr1	154797	154807
chr1	155011	155021
chr1	155487	155497
chr1	155612	155622
chr1	155765	155775
chr1	156303	156313
chr1	156372	156382
chr1	156467	156477
chr1	156550	156560
chr1	156674	156684
chr1	156749	156759
chr1	157067	157077
chr1	157326	157336
chr1	157380	157390
chr1	157428	157438
chr1	157525	157535
chr1	157733	157743
chr1	157992	158002
chr1	158022	158032
chr1	158093	158103
chr1	158352	158362
chr1	158411	158421
chr1	158445	158455
chr1	159506	159516
chr1	159847	159857
chr1	159859	159869
chr1	159933	159943
chr1	160024	160034
chr1	160140	160150
chr1	160224	160234
chr1	160636	160646
chr1	160852	160862
chr1	161250	161260
chr1	161563	161573
chr1	161754	161764
chr1	161825	161835
chr1	161963	161973
chr1	162014	162024
chr1	162070	162080
chr1	162259	162269
chr1	162741	162751
chr1	162862	162872
chr1	162979	162989
chr1	163102	163112
chr1	163307	163317
chr1	164411	164421
chr1	164819	164829
chr1	164904	164914
chr1	164944	164954
chr1	165244	165254
chr1	165349	165359
chr1	165476	165486
chr1	165502	165512
chr1	165518	165528
chr1	165572	165582
chr1	165642	165652
chr1	165878	165888
chr1	166578	166588
chr1	166720	166730
chr1	167057	167067
chr1	167294	167304
chr1	167586	167596
chr1	167640	167650
chr1	167661	167671
chr1	167680	167690
chr1	167787	167797
chr1	168034	168044
chr1	168365	168375
chr1	168594	168604
chr1	169039	169049
chr1	169139	169149
chr1	169227	169237
chr1	169901	169911
chr1	169969	169979
chr1	170070	170080
chr1	170107	170117
chr1	170227	170237
chr1	170391	170401
chr1	170513	170523
chr1	170691	170701
chr1	170910	170920
chr1	171081	171091
chr1	171185	171195
chr1	171533	171543
chr1	172024	172034
chr1	172061	172071
chr1	172351	172361
chr1	172448	172458
chr1	172485	172495
chr1	172627	172637
chr1	172740	172750
chr1	172814	172824
chr1	173000	173010
chr1	173283	173293
chr1	173624	173634
chr1	173896	173906
chr1	174090	174100
chr1	174160	174170
chr1	174426	174436
chr1	174509	174519
chr1	174537	174547
chr1	174645	174655
chr1	174850	174860
chr1	175049	175059
chr1	175577	175587
chr1	175732	175742
chr1	175753	175763
chr1	175810	175820
chr1	176024	176034
chr1	176291	176301
chr1	176775	176785
chr1	177015	177025
chr1	177171	177181
chr1	177287	177297
chr1	177450	177460
chr1	177625	177635
chr1	178254	178264
chr1	178427	178437
chr1	178483	178493
chr1	178585	178595
chr1	178659	178669
chr1	180353	180363
chr1	180448	180458
chr1	180643	180653
chr1	180728	180738
chr1	181320	181330
chr1	181834	181844
chr1	182048	182058
chr1	182197	182207
chr1	182577	182587
chr1	182864	182874
chr1	183160	183170
chr1	183711	183721
chr1	184007	184017
chr1	184253	184263
chr1	184632	184642
chr1	185232	185242
chr1	185244	185254
chr1	185594	185604
chr1	185983	185993
chr1	186099	186109
chr1	186120	186130
chr1	186144	186154
chr1	186451	186461
chr1	186656	186666
chr1	186693	186703
chr1	186862	186872
chr1	187113	187123
chr1	187239	187249
chr1	187337	187347
chr1	187351	187361
chr1	187602	187612
chr1	187903	187913
chr1	188003	188013
chr1	188117	188127
chr1	188198	188208
chr1	188354	188364
chr1	188377	188387
chr1	188413	188423
chr1	188453	188463
chr1	188491	188501
chr1	188691	188701
chr1	188926	188936
chr1	189202	189212
chr1	189267	189277
chr1	189356	189366
chr1	189842	189852
chr1	190002	190012
chr1	190076	190086
chr1	190133	190143
chr1	190332	190342
chr1	190381	190391
chr1	190411	190421
chr1	190625	190635
chr1	190909	190919
chr1	191530	191540
chr1	191773	191783
chr1	192152	192162
chr1	192319	192329
chr1	192503	192513
chr1	193175	193185
chr1	193222	193232
chr1	193566	193576
chr1	193823	193833
chr1	193863	193873
chr1	193957	193967
chr1	194285	194295
chr1	194334	194344
chr1	194381	194391
chr1	194841	194851
chr1	194944	194954
chr1	195364	195374
chr1	195491	195501
chr1	195526	195536
chr1	195562	195572
chr1	196104	196114
chr1	196230	196240
chr1	196250	196260
chr1	196293	196303
chr1	196349	196359
chr1	196361	196371
chr1	196856	196866
chr1	197381	197391
chr1	197619	197629
chr1	197956	197966
chr1	198442	198452
chr1	198523	198533
chr1	198560	198570
chr1	198834	198844
chr1	199264	199274
chr1	199439	199449
chr1	199479	199489
chr1	199840	199850
chr1	200102	200112
chr1	200127	200137
chr1	200278	200288
chr1	200336	200346
chr1	200555	200565
chr1	200661	200671
chr1	200700	200710
chr1	201035	201045
chr1	201123	201133
chr1	201508	201518
chr1	201626	201636
chr1	201937	201947
chr1	202360	202370
chr1	203040	203050
chr1	203117	203127
chr1	203794	203804
chr1	204075	204085
chr1	204141	204151
chr1	204264	204274
chr1	204427	204437
chr1	204898	204908
chr1	205028	205038
chr1	205486	205496
chr1	205667	205677
chr1	205781	205791
chr1	205913	205923
chr1	205954	205964
chr1	206185	206195
chr1	206229	206239
chr1	206244	206254
chr1	206443	206453
chr1	206552	206562
chr1	206588	206598
chr1	206600	206610
chr1	206779	206789
chr1	206874	206884
chr1	206925	206935
chr1	207038	207048
chr1	207459	207469
chr1	208240	208250
chr1	208620	208630
chr1	208806	208816
chr1	209177	209187
chr1	209315	209325
chr1	209905	209915
chr1	210118	210128
chr1	210255	210265
chr1	210321	210331
chr1	210377	210387
chr1	210505	210515
chr1	210739	210749
chr1	211397	211407
chr1	211476	211486
chr1	211556	211566
chr1	211606	211616
chr1	211628	211638
chr1	211703	211713
chr1	211838	211848
chr1	212018	212028
chr1	212309	212319
chr1	212557	212567
chr1	212787	212797
chr1	212824	212834
chr1	212881	212891
chr1	213041	213051
chr1	213060	213070
chr1	213133	213143
chr1	213481	213491
chr1	213688	213698
chr1	213767	213777
chr1	213927	213937
chr1	214234	214244
chr1	214396	214406
chr1	214525	214535
chr1	214599	214609
chr1	214983	214993
chr1	215196	215206
chr1	215500	215510
chr1	215927	215937
chr1	216067	216077
chr1	216336	216346
chr1	217002	217012
chr1	217148	217158
chr1	217217	217227
chr1	217265	217275
chr1	217499	217509
chr1	217545	217555
chr1	217620	217630
chr1	217646	217656
chr1	217721	217731
chr1	217735	217745
chr1	217929	217939
chr1	218103	218113
chr1	218193	218203
chr1	218385	218395
chr1	218411	218421
chr1	219120	219130
chr1	219161	219171
chr1	219267	219277
chr1	219347	219357
chr1	219380	219390
chr1	219478	219488
chr1	219807	219817
chr1	220061	220071
chr1	220094	220104
chr1	220112	220122
chr1	220289	220299
chr1	220367	220377
chr1	220588	220598
chr1	220758	220768
chr1	220803	220813
chr1	220888	220898
chr1	220957	220967
chr1	220971	220981
chr1	221091	221101
chr1	221292	221302
chr1	221380	221390
chr1	221611	221621
chr1	221697	221707
chr1	221762	221772
chr1	221809	221819
chr1	222532	222542
chr1	222718	222728
chr1	222831	222841
chr1	222858	222868
chr1	222991	223001
chr1	223124	223134
chr1	223289	223299
chr1	223382	223392
chr1	223720	223730
chr1	224223	224233
chr1	224262	224272
chr1	224476	224486
chr1	224535	224545
chr1	224596	224606
chr1	224685	224695
chr1	224823	224833
chr1	225031	225041
chr1	225061	225071
chr1	225175	225185
chr1	225203	225213
chr1	225293	225303
chr1	225660	225670
chr1	226233	226243
chr1	226386	226396
chr1	226398	226408
chr1	226640	226650
chr1	226858	226868
chr1	226949	226959
chr1	227061	227071
chr1	227231	227241
chr1	227846	227856
chr1	227954	227964
chr1	228171	228181
chr1	228330	228340
chr1	228394	228404
chr1	228798	228808
chr1	228928	228938
chr1	228981	228991
chr1	229366	229376
chr1	229390	229400
chr1	229925	229935
chr1	230068	230078
chr1	230146	230156
chr1	230481	230491
chr1	230675	230685
chr1	230794	230804
chr1	230805	230815
chr1	230935	230945
chr1	231365	231375
chr1	231484	231494
chr1	231813	231823
chr1	231853	231863
chr1	231904	231914
chr1	232168	232178
chr1	232420	232430
chr1	232598	232608
chr1	232843	232853
chr1	232878	232888
chr1	232893	232903
chr1	233136	233146
chr1	233328	233338
chr1	233417	233427
chr1	233713	233723
chr1	233734	233744
chr1	233840	233850
chr1	233863	233873
chr1	233910	233920
chr1	234939	234949
chr1	235007	235017
chr1	235175	235185
chr1	235572	235582
chr1	235627	235637
chr1	235860	235870
chr1	235963	235973
chr1	236257	236267
chr1	236741	236751
chr1	236859	236869
chr1	236885	236895
chr1	237109	237119
chr1	237132	237142
chr1	237418	237428
chr1	237447	237457
chr1	238017	238027
chr1	238054	238064
chr1	238150	238160
chr1	238192	238202
chr1	238230	238240
chr1	238379	238389
chr1	238414	238424
chr1	238889	238899
chr1	239076	239086
chr1	239137	239147
chr1	239154	239164
chr1	239337	239347
chr1	239642	239652
chr1	239704	239714
chr1	239936	239946
chr1	239957	239967
chr1	240278	240288
chr1	240478	240488
chr1	240507	240517
chr1	240536	240546
chr1	240558	240568
chr1	240658	240668
chr1	240959	240969
chr1	241540	241550
chr1	241792	241802
chr1	241950	241960
chr1	242060	242070
chr1	242167	242177
chr1	242214	242224
chr1	242268	242278
chr1	242818	242828
chr1	243222	243232
chr1	243645	243655
chr1	243668	243678
chr1	243896	243906
chr1	244086	244096
chr1	244273	244283
chr1	244318	244328
chr1	244541	244551
chr1	244675	244685
chr1	244741	244751
chr1	244901	244911
chr1	245156	245166
chr1	245812	245822
chr1	245843	245853
chr1	246594	246604
chr1	246892	246902
chr1	247087	247097
chr1	247145	247155
chr1	247274	247284
chr1	247460	247470
chr1	247809	247819
chr1	248172	248182
chr1	248307	248317
chr1	248328	248338
chr1	248369	248379
chr1	248623	248633
chr1	248950	248960
chr1	249576	249586
chr1	250408	250418
chr1	250559	250569
chr1	250730	250740
chr1	250763	250773
chr1	250790	250800
chr1	251161	251171
chr1	251582	251592
chr1	251654	251664
chr1	251672	251682
chr1	252279	252289
chr1	252306	252316
chr1	252378	252388
chr1	252665	252675
chr1	252944	252954
chr1	253038	253048
chr1	253067	253077
chr1	253270	253280
chr1	253426	253436
chr1	253610	253620
chr1	254142	254152
chr1	254219	254229
chr1	254250	254260
chr1	254281	254291
chr1	254397	254407
chr1	254459	254469
chr1	254523	254533
chr1	254623	254633
chr1	254697	254707
chr1	254741	254751
chr1	254877	254887
chr1	255212	255222
chr1	255485	255495
chr1	255610	255620
chr1	255731	255741
chr1	256097	256107
chr1	256522	256532
chr1	256626	256636
chr1	256978	256988
chr1	257560	257570
chr1	257653	257663
chr1	257793	257803
chr1	257973	257983
chr1	258477	258487
chr1	258543	258553
chr1	259322	259332
chr1	259658	259668
chr1	259769	259779
chr1	259844	259854
chr1	260329	260339
chr1	260435	260445
chr1	260455	260465
chr1	260467	260477
chr1	260512	260522
chr1	260775	260785
chr1	261092	261102
chr1	261416	261426
chr1	261679	261689
chr1	261935	261945
chr1	261982	261992
chr1	262416	262426
chr1	262494	262504
chr1	262562	262572
chr1	262883	262893
chr1	262902	262912
chr1	263272	263282
chr1	263332	263342
chr1	263461	263471
chr1	263569	263579
chr1	263758	263768
chr1	264059	264069
chr1	264100	264110
chr1	264174	264184
chr1	264199	264209
chr1	264609	264619
chr1	264934	264944
chr1	265100	265110
chr1	265225	265235
chr1	265243	265253
chr1	265417	265427
chr1	265495	265505
chr1	265850	265860
chr1	265958	265968
chr1	266247	266257
chr1	266408	266418
chr1	266540	266550
chr1	266679	266689
chr1	267211	267221
chr1	267659	267669
chr1	268227	268237
chr1	268239	268249
chr1	268519	268529
chr1	268807	268817
chr1	269162	269172
chr1	269489	269499
chr1	269592	269602
chr1	269743	269753
chr1	270099	270109
chr1	270778	270788
chr1	270897	270907
chr1	271340	271350
chr1	271431	271441
chr1	272025	272035
chr1	272280	272290
chr1	272410	272420
chr1	272603	272613
chr1	272630	272640
chr1	272699	272709
chr1	272822	272832
chr1	273191	273201
chr1	273332	273342
chr1	273459	273469
chr1	273698	273708
chr1	273719	273729
chr1	273748	273758
chr1	273949	273959
chr1	274194	274204
chr1	274289	274299
chr1	274301	274311
chr1	274822	274832
chr1	274859	274869
chr1	274939	274949
chr1	274966	274976
chr1	275482	275492
chr1	275509	275519
chr1	275809	275819
chr1	276171	276181
chr1	276444	276454
chr1	277096	277106
chr1	277497	277507
chr1	277584	277594
chr1	277620	277630
chr1	277746	277756
chr1	278124	278134
chr1	278139	278149
chr1	278217	278227
chr1	278278	278288
chr1	278575	278585
chr1	278701	278711
chr1	278927	278937
chr1	279203	279213
chr1	279219	279229
chr1	279346	279356
chr1	279483	279493
chr1	279503	279513
chr1	279548	279558
chr1	279570	279580
chr1	279745	279755
chr1	280020	280030
chr1	280174	280184
chr1	280259	280269
chr1	280281	280291
chr1	280672	280682
chr1	280944	280954
chr1	281098	281108
chr1	281311	281321
chr1	281480	281490
chr1	282180	282190
chr1	282591	282601
chr1	282716	282726
chr1	282973	282983
chr1	283524	283534
chr1	283586	283596
chr1	283702	283712
chr1	284026	284036
chr1	284121	284131
chr1	284452	284462
chr1	284510	284520
chr1	285160	285170
chr1	285283	285293
chr1	285409	285419
chr1	285468	285478
chr1	285484	285494
chr1	285700	285710
chr1	285712	285722
chr1	286044	286054
chr1	286061	286071
chr1	286263	286273
chr1	286463	286473
chr1	286884	286894
chr1	287413	287423
chr1	287700	287710
chr1	287712	287722
chr1	288051	288061
chr1	288328	288338
chr1	288668	288678
chr1	288682	288692
chr1	288953	288963
chr1	289159	289169
chr1	289183	289193
chr1	289322	289332
chr1	289355	289365
chr1	289475	289485
chr1	290016	290026
chr1	290173	290183
chr1	290383	290393
chr1	290505	290515
chr1	290957	290967
chr1	291271	291281
chr1	291324	291334
chr1	291352	291362
chr1	291372	291382
chr1	291713	291723
chr1	292218	292228
chr1	292234	292244
chr1	292460	292470
chr1	292474	292484
chr1	292539	292549
chr1	292585	292595
chr1	292621	292631
chr1	292734	292744
chr1	293511	293521
chr1	293910	293920
chr1	294231	294241
chr1	294463	294473
chr1	294616	294626
chr1	294653	294663
chr1	294972	294982
chr1	295354	295364
chr1	295794	295804
chr1	295814	295824
chr1	296209	296219
chr1	296275	296285
chr1	296397	296407
chr1	296709	296719
chr1	296741	296751
chr1	296997	297007
chr1	297249	297259
chr1	297910	297920
chr1	298314	298324
chr1	298447	298457
chr1	298526	298536
chr1	298685	298695
chr1	298762	298772
chr1	298859	298869
chr1	298933	298943
chr1	300099	300109
chr1	301103	301113
chr1	301927	301937
chr1	302050	302060
chr1	302183	302193
chr1	302590	302600
chr1	302874	302884
chr1	303156	303166
chr1	303338	303348
chr1	303756	303766
chr1	303988	303998
chr1	304027	304037
chr1	304187	304197
chr1	304253	304263
chr1	304503	304513
chr1	304553	304563
chr1	304654	304664
chr1	304767	304777
chr1	304896	304906
chr1	305010	305020
chr1	305061	305071
chr1	305177	305187
chr1	305476	305486
chr1	305716	305726
chr1	306121	306131
chr1	306241	306251
chr1	306263	306273
chr1	306331	306341
chr1	306726	306736
chr1	306902	306912
chr1	306929	306939
chr1	307148	307158
chr1	307226	307236
chr1	307577	307587
chr1	307601	307611
chr1	308048	308058
chr1	308317	308327
chr1	308352	308362
chr1	308434	308444
chr1	308560	308570
chr1	308587	308597
chr1	309100	309110
chr1	309396	309406
chr1	309603	309613
chr1	309655	309665
chr1	310142	310152
chr1	310296	310306
chr1	310311	310321
chr1	310360	310370
chr1	310787	310797
chr1	310909	310919
chr1	311308	311318
chr1	311365	311375
chr1	311415	311425
chr1	311445	311455
chr1	311468	311478
chr1	311834	311844
chr1	312247	312257
chr1	312361	312371
chr1	313155	313165
chr1	313228	313238
chr1	313241	313251
chr1	313487	313497
chr1	313509	313519
chr1	313643	313653
chr1	313687	313697
chr1	314029	314039
chr1	314233	314243
chr1	314651	314661
chr1	314751	314761
chr1	314809	314819
chr1	314903	314913
chr1	314946	314956
chr1	315297	315307
chr1	315651	315661
chr1	315691	315701
chr1	315755	315765
chr1	315790	315800
chr1	316014	316024
chr1	316598	316608
chr1	316636	316646
chr1	316658	316668
chr1	317329	317339
chr1	317412	317422
chr1	317435	317445
chr1	317474	317484
chr1	317506	317516
chr1	317729	317739
chr1	317797	317807
chr1	317950	317960
chr1	317987	317997
chr1	318023	318033
chr1	318472	318482
chr1	318499	318509
chr1	318629	318639
chr1	319096	319106
chr1	319385	319395
chr1	319488	319498
chr1	320447	320457
chr1	320683	320693
chr1	320770	320780
chr1	320850	320860
chr1	320994	321004
chr1	321026	321036
chr1	321087	321097
chr1	321527	321537
chr1	321586	321596
chr1	322492	322502
chr1	322713	322723
chr1	322873	322883
chr1	323299	323309
chr1	323631	323641
chr1	323866	323876
chr1	324480	324490
chr1	324600	324610
chr1	324763	324773
chr1	324998	325008
chr1	325085	325095
chr1	325264	325274
chr1	325280	325290
chr1	326026	326036
chr1	326165	326175
chr1	326294	326304
chr1	326804	326814
chr1	326823	326833
chr1	327075	327085
chr1	327744	327754
chr1	327847	327857
chr1	327861	327871
chr1	327918	327928
chr1	327935	327945
chr1	327949	327959
chr1	328017	328027
chr1	328250	328260
chr1	328860	328870
chr1	329102	329112
chr1	329953	329963
chr1	330043	330053
chr1	330069	330079
chr1	330182	330192
chr1	330229	330239
chr1	330747	330757
chr1	331190	331200
chr1	331728	331738
chr1	331913	331923
chr1	332119	332129
chr1	332449	332459
chr1	332743	332753
chr1	332884	332894
chr1	333042	333052
chr1	333123	333133
chr1	333313	333323
chr1	333332	333342
chr1	333481	333491
chr1	333605	333615
chr1	333644	333654
chr1	333846	333856
chr1	333936	333946
chr1	334140	334150
chr1	334341	334351
chr1	334365	334375
chr1	334613	334623
chr1	334857	334867
chr1	334903	334913
chr1	335195	335205
chr1	335272	335282
chr1	335473	335483
chr1	335525	335535
chr1	335803	335813
chr1	336020	336030
chr1	336113	336123
chr1	336295	336305
chr1	336431	336441
chr1	336808	336818
chr1	336898	336908
chr1	336939	336949
chr1	337158	337168
chr1	337629	337639
chr1	337693	337703
chr1	337738	337748
chr1	338031	338041
chr1	338308	338318
chr1	338389	338399
chr1	338701	338711
chr1	338900	338910
chr1	338976	338986
chr1	338996	339006
chr1	339494	339504
chr1	339516	339526
chr1	339889	339899
chr1	340199	340209
chr1	340560	340570
chr1	340724	340734
chr1	341058	341068
chr1	341308	341318
chr1	341520	341530
chr1	341542	341552
chr1	341942	341952
chr1	342021	342031
chr1	342153	342163
chr1	342180	342190
chr1	342832	342842
chr1	342951	342961
chr1	343060	343070
chr1	343223	343233
chr1	343326	343336
chr1	343604	343614
chr1	344055	344065
chr1	344118	344128
chr1	344466	344476
chr1	344541	344551
chr1	344592	344602
chr1	344679	344689
chr1	344759	344769
chr1	344812	344822
chr1	345028	345038
chr1	345172	345182
chr1	345237	345247
chr1	345508	345518
chr1	345587	345597
chr1	345702	345712
chr1	345990	346000
chr1	346176	346186
chr1	346237	346247
chr1	346673	346683
chr1	346808	346818
chr1	346985	346995
chr1	347026	347036
chr1	347589	347599
chr1	348128	348138
chr1	348163	348173
chr1	348212	348222
chr1	348251	348261
chr1	348422	348432
chr1	348766	348776
chr1	348964	348974
chr1	349180	349190
chr1	349299	349309
chr1	349503	349513
chr1	349668	349678
chr1	349732	349742
chr1	349873	349883
chr1	350010	350020
chr1	350157	350167
chr1	350168	350178
chr1	350390	350400
chr1	350434	350444
chr1	350678	350688
chr1	350755	350765
chr1	350965	350975
chr1	351165	351175
chr1	351671	351681
chr1	351753	351763
chr1	351855	351865
chr1	352144	352154
chr1	352415	352425
chr1	352578	352588
chr1	352903	352913
chr1	353008	353018
chr1	353207	353217
chr1	353832	353842
chr1	354107	354117
chr1	354135	354145
chr1	354269	354279
chr1	354569	354579
chr1	354976	354986
chr1	355077	355087
chr1	355442	355452
chr1	355655	355665
chr1	355880	355890
chr1	355974	355984
chr1	355987	355997
chr1	356057	356067
chr1	356171	356181
chr1	356394	356404
chr1	356451	356461
chr1	356472	356482
chr1	356691	356701
chr1	356785	356795
chr1	357113	357123
chr1	357591	357601
chr1	357608	357618
chr1	357777	357787
chr1	357809	357819
chr1	357836	357846
chr1	357932	357942
chr1	358001	358011
chr1	358579	358589
chr1	358603	358613
chr1	358862	358872
chr1	358912	358922
chr1	359130	359140
chr1	359485	359495
chr1	359512	359522
chr1	359719	359729
chr1	359800	359810
chr1	359952	359962
chr1	360010	360020
chr1	360313	360323
chr1	360327	360337
chr1	360522	360532
chr1	360585	360595
chr1	360970	360980
chr1	361461	361471
chr1	361560	361570
chr1	361780	361790
chr1	361953	361963
chr1	361997	362007
chr1	362199	362209
chr1	362249	362259
chr1	363180	363190
chr1	363234	363244
chr1	364042	364052
chr1	364200	364210
chr1	364467	364477
chr1	364628	364638
chr1	364981	364991
chr1	365573	365583
chr1	365601	365611
chr1	365814	365824
chr1	365906	365916
chr1	366217	366227
chr1	366379	366389
chr1	366443	366453
chr1	366729	366739
chr1	366771	366781
chr1	367363	367373
chr1	367422	367432
chr1	367605	367615
chr1	367973	367983
chr1	368145	368155
chr1	368285	368295
chr1	368308	368318
chr1	368447	368457
chr1	368582	368592
chr1	368824	368834
chr1	369169	369179
chr1	370047	370057
chr1	370146	370156
chr1	371105	371115
chr1	371209	371219
chr1	371438	371448
chr1	371640	371650
chr1	371852	371862
chr1	372016	372026
chr1	372241	372251
chr1	372677	372687
chr1	372997	373007
chr1	373049	373059
chr1	373301	373311
chr1	373868	373878
chr1	373903	373913
chr1	373942	373952
chr1	374164	374174
chr1	374252	374262
chr1	375234	375244
chr1	375801	375811
chr1	375871	375881
chr1	375918	375928
chr1	376157	376167
chr1	376294	376304
chr1	376457	376467
chr1	376673	376683
chr1	376833	376843
chr1	377069	377079
chr1	377109	377119
chr1	377197	377207
chr1	377282	377292
chr1	377446	377456
chr1	377955	377965
chr1	377976	377986
chr1	378526	378536
chr1	378540	378550
chr1	378604	378614
chr1	378662	378672
chr1	378917	378927
chr1	379117	379127
chr1	379302	379312
chr1	379337	379347
chr1	379409	379419
chr1	379559	379569
chr1	379628	379638
chr1	380479	380489
chr1	380570	380580
chr1	380692	380702
chr1	380817	380827
chr1	381437	381447
chr1	381560	381570
chr1	381599	381609
chr1	381744	381754
chr1	381933	381943
chr1	382380	382390
chr1	382440	382450
chr1	382655	382665
chr1	382723	382733
chr1	382873	382883
chr1	383037	383047
chr1	383106	383116
chr1	383695	383705
chr1	383755	383765
chr1	383822	383832
chr1	383857	383867
chr1	384094	384104
chr1	384184	384194
chr1	384319	384329
chr1	384527	384537
chr1	384984	384994
chr1	385078	385088
chr1	385231	385241
chr1	386076	386086
chr1	386364	386374
chr1	386619	386629
chr1	386656	386666
chr1	386695	386705
chr1	387087	387097
chr1	387291	387301
chr1	387386	387396
chr1	387460	387470
chr1	387830	387840
chr1	388076	388086
chr1	388111	388121
chr1	388276	388286
chr1	388310	388320
chr1	388352	388362
chr1	388860	388870
chr1	389031	389041
chr1	389145	389155
chr1	389325	389335
chr1	389493	389503
chr1	389577	389587
chr1	389853	389863
chr1	389929	389939
chr1	390010	390020
chr1	390082	390092
chr1	390121	390131
chr1	390287	390297
chr1	390299	390309
chr1	390971	390981
chr1	391000	391010
chr1	391310	391320
chr1	391468	391478
chr1	391588	391598
chr1	391716	391726
chr1	392176	392186
chr1	392203	392213
chr1	392438	392448
chr1	392857	392867
chr1	393186	393196
chr1	393702	393712
chr1	393987	393997
chr1	394138	394148
chr1	394548	394558
chr1	394856	394866
chr1	394899	394909
chr1	395036	395046
chr1	395419	395429
chr1	395549	395559
chr1	395827	395837
chr1	395871	395881
chr1	395922	395932
chr1	396026	396036
chr1	396109	396119
chr1	396511	396521
chr1	396613	396623
chr1	396737	396747
chr1	396987	396997
chr1	397030	397040
chr1	397136	397146
chr1	397260	397270
chr1	397486	397496
chr1	397836	397846
chr1	398270	398280
chr1	398466	398476
chr1	398606	398616
chr1	398859	398869
chr1	398967	398977
chr1	399283	399293
chr1	399491	399501
chr1	399522	399532
chr1	399719	399729
chr1	399998	400008
chr1	400130	400140
chr1	400143	400153
chr1	400224	400234
chr1	400332	400342
chr1	400418	400428
chr1	401006	401016
chr1	401406	401416
chr1	401560	401570
chr1	401716	401726
chr1	402483	402493
chr1	403213	403223
chr1	403238	403248
chr1	403449	403459
chr1	403505	403515
chr1	403723	403733
chr1	403764	403774
chr1	403964	403974
chr1	404014	404024
chr1	404251	404261
chr1	404751	404761
chr1	404846	404856
chr1	404903	404913
chr1	405070	405080
chr1	405485	405495
chr1	406316	406326
chr1	406490	406500
chr1	406616	406626
chr1	406651	406661
chr1	406820	406830
chr1	407245	407255
chr1	407325	407335
chr1	408062	408072
chr1	408425	408435
chr1	408931	408941
chr1	409053	409063
chr1	409213	409223
chr1	409384	409394
chr1	409438	409448
chr1	409514	409524
chr1	409820	409830
chr1	409854	409864
chr1	410010	410020
chr1	410208	410218
chr1	410674	410684
chr1	410696	410706
chr1	410793	410803
chr1	411311	411321
chr1	411489	411499
chr1	411677	411687
chr1	412007	412017
chr1	412172	412182
chr1	412554	412564
chr1	412894	412904
chr1	412941	412951
chr1	413273	413283
chr1	413290	413300
chr1	413399	413409
chr1	413588	413598
chr1	413673	413683
chr1	413893	413903
chr1	413936	413946
chr1	414134	414144
chr1	414296	414306
chr1	414362	414372
chr1	414490	414500
chr1	415154	415164
chr1	415261	415271
chr1	415456	415466
chr1	415484	415494
chr1	415605	415615
chr1	415631	415641
chr1	415924	415934
chr1	416050	416060
chr1	416216	416226
chr1	416358	416368
chr1	416798	416808
chr1	416838	416848
chr1	417013	417023
chr1	417031	417041
chr1	417243	417253
chr1	417291	417301
chr1	417393	417403
chr1	417477	417487
chr1	417651	417661
chr1	417772	417782
chr1	418040	418050
chr1	418281	418291
chr1	418542	418552
chr1	418617	418627
chr1	418686	418696
chr1	419690	419700
chr1	419757	419767
chr1	420247	420257
chr1	420295	420305
chr1	420489	420499
chr1	420778	420788
chr1	420908	420918
chr1	421038	421048
chr1	421157	421167
chr1	421191	421201
chr1	421443	421453
chr1	421896	421906
chr1	422018	422028
chr1	422461	422471
chr1	422714	422724
chr1	422751	422761
chr1	422872	422882
chr1	423124	423134
chr1	423158	423168
chr1	423699	423709
chr1	424142	424152
chr1	424516	424526
chr1	424883	424893
chr1	425032	425042
chr1	425216	425226
chr1	425495	425505
chr1	425543	425553
chr1	425619	425629
chr1	425638	425648
chr1	425714	425724
chr1	425978	425988
chr1	426057	426067
chr1	426222	426232
chr1	426298	426308
chr1	426366	426376
chr1	426697	426707
chr1	426753	426763
chr1	426865	426875
chr1	427209	427219
chr1	427322	427332
chr1	427933	427943
chr1	428124	428134
chr1	428179	428189
chr1	428293	428303
chr1	428473	428483
chr1	428556	428566
chr1	428621	428631
chr1	428671	428681
chr1	428765	428775
chr1	429050	429060
chr1	429118	429128
chr1	429651	429661
chr1	429776	429786
chr1	429803	429813
chr1	430079	430089
chr1	430128	430138
chr1	430209	430219
chr1	430365	430375
chr1	430593	430603
chr1	430740	430750
chr1	431108	431118
chr1	431125	431135
chr1	431163	431173
chr1	431238	431248
chr1	431380	431390
chr1	431431	431441
chr1	431520	431530
chr1	431807	431817
chr1	431845	431855
chr1	432016	432026
chr1	432216	432226
chr1	432465	432475
chr1	432687	432697
chr1	433233	433243
chr1	433277	433287
chr1	433368	433378
chr1	433400	433410
chr1	433458	433468
chr1	433842	433852
chr1	433939	433949
chr1	434003	434013
chr1	434028	434038
chr1	434040	434050
chr1	434277	434287
chr1	434363	434373
chr1	434452	434462
chr1	434702	434712
chr1	434744	434754
chr1	435002	435012
chr1	435100	435110
chr1	435151	435161
chr1	435619	435629
chr1	435895	435905
chr1	436306	436316
chr1	436335	436345
chr1	436474	436484
chr1	436583	436593
chr1	436689	436699
chr1	436794	436804
chr1	437061	437071
chr1	437131	437141
chr1	437312	437322
chr1	437330	437340
chr1	437372	437382
chr1	437636	437646
chr1	437849	437859
chr1	437891	437901
chr1	437902	437912
chr1	438245	438255
chr1	438403	438413
chr1	438552	438562
chr1	438639	438649
chr1	438681	438691
chr1	439277	439287
chr1	439331	439341
chr1	439376	439386
chr1	439576	439586
chr1	439947	439957
chr1	440093	440103
chr1	440114	440124
chr1	440141	440151
chr1	440267	440277
chr1	440409	440419
chr1	440550	440560
chr1	441070	441080
chr1	441379	441389
chr1	441563	441573
chr1	441669	441679
chr1	441685	441695
chr1	442248	442258
chr1	442495	442505
chr1	442647	442657
chr1	442819	442829
chr1	442920	442930
chr1	443427	443437
chr1	443910	443920
chr1	443996	444006
chr1	444134	444144
chr1	444274	444284
chr1	444499	444509
chr1	444689	444699
chr1	444707	444717
chr1	445068	445078
chr1	445288	445298
chr1	445908	445918
chr1	446084	446094
chr1	446110	446120
chr1	446386	446396
chr1	446415	446425
chr1	446440	446450
chr1	446787	446797
chr1	446811	446821
chr1	446979	446989
chr1	447206	447216
chr1	447443	447453
chr1	447670	447680
chr1	447705	447715
chr1	448826	448836
chr1	448958	448968
chr1	449024	449034
chr1	449117	449127
chr1	449551	449561
chr1	449715	449725
chr1	449779	449789
chr1	449953	449963
chr1	450002	450012
chr1	450101	450111
chr1	450115	450125
chr1	450190	450200
chr1	450305	450315
chr1	450600	450610
chr1	450629	450639
chr1	450648	450658
chr1	450917	450927
chr1	451160	451170
chr1	451215	451225
chr1	451564	451574
chr1	451631	451641
chr1	451853	451863
chr1	452007	452017
chr1	452028	452038
chr1	452107	452117
chr1	452394	452404
chr1	452597	452607
chr1	452644	452654
chr1	452761	452771
chr1	452772	452782
chr1	453008	453018
chr1	453080	453090
chr1	453246	453256
chr1	453494	453504
chr1	453647	453657
chr1	453876	453886
chr1	453975	453985
chr1	454032	454042
chr1	454140	454150
chr1	454243	454253
chr1	454336	454346
chr1	454433	454443
chr1	454502	454512
chr1	454556	454566
chr1	454638	454648
chr1	454777	454787
chr1	454846	454856
chr1	455101	455111
chr1	455368	455378
chr1	455419	455429
chr1	456444	456454
chr1	457164	457174
chr1	457271	457281
chr1	457347	457357
chr1	457658	457668
chr1	457814	457824
chr1	458052	458062
chr1	458244	458254
chr1	458416	458426
chr1	458580	458590
chr1	458885	458895
chr1	458923	458933
chr1	459067	459077
chr1	459167	459177
chr1	459195	459205
chr1	459276	459286
chr1	459318	459328
chr1	459671	459681
chr1	459952	459962
chr1	460429	460439
chr1	460719	460729
chr1	461080	461090
chr1	461184	461194
chr1	461407	461417
chr1	461542	461552
chr1	462295	462305
chr1	462341	462351
chr1	462437	462447
chr1	462638	462648
chr1	462864	462874
chr1	462912	462922
chr1	463363	463373
chr1	463396	463406
chr1	463647	463657
chr1	463670	463680
chr1	463774	463784
chr1	463874	463884
chr1	464086	464096
chr1	464114	464124
chr1	464140	464150
chr1	464218	464228
chr1	464303	464313
chr1	464435	464445
chr1	464860	464870
chr1	465022	465032
chr1	465426	465436
chr1	465498	465508
chr1	465579	465589
chr1	465778	465788
chr1	466324	466334
chr1	466337	466347
chr1	466374	466384
chr1	466565	466575
chr1	467132	467142
chr1	467273	467283
chr1	467751	467761
chr1	467871	467881
chr1	467900	467910
chr1	468102	468112
chr1	468260	468270
chr1	468654	468664
chr1	469256	469266
chr1	469347	469357
chr1	469485	469495
chr1	469683	469693
chr1	470092	470102
chr1	470681	470691
chr1	470774	470784
chr1	470926	470936
chr1	471402	471412
chr1	471570	471580
chr1	471764	471774
chr1	472319	472329
chr1	472352	472362
chr1	472500	472510
chr1	472528	472538
chr1	472697	472707
chr1	472729	472739
chr1	472847	472857
chr1	473032	473042
chr1	473062	473072
chr1	473107	473117
chr1	473258	473268
chr1	473753	473763
chr1	473885	473895
chr1	473961	473971
chr1	474065	474075
chr1	474395	474405
chr1	475191	475201
chr1	475413	475423
chr1	475660	475670
chr1	475711	475721
chr1	475889	475899
chr1	475961	475971
chr1	476040	476050
chr1	476281	476291
chr1	476529	476539
chr1	476596	476606
chr1	476792	476802
chr1	477226	477236
chr1	477257	477267
chr1	477487	477497
chr1	477613	477623
chr1	477725	477735
chr1	478044	478054
chr1	478574	478584
chr1	478991	479001
chr1	479062	479072
chr1	479353	479363
chr1	479647	479657
chr1	479885	479895
chr1	479965	479975
chr1	479991	480001
chr1	480039	480049
chr1	480424	480434
chr1	480804	480814
chr1	481047	481057
chr1	481118	481128
chr1	481153	481163
chr1	481178	481188
chr1	481310	481320
chr1	481752	481762
chr1	481874	481884
chr1	482581	482591
chr1	482660	482670
chr1	483062	483072
chr1	483432	483442
chr1	483564	483574
chr1	483849	483859
chr1	484270	484280
chr1	484347	484357
chr1	484447	484457
chr1	484565	484575
chr1	484651	484661
chr1	484674	484684
chr1	484999	485009
chr1	485100	485110
chr1	485632	485642
chr1	485844	485854
chr1	486815	486825
chr1	487332	487342
chr1	487413	487423
chr1	487494	487504
chr1	487632	487642
chr1	487672	487682
chr1	487724	487734
chr1	488204	488214
chr1	488364	488374
chr1	488413	488423
chr1	488835	488845
chr1	488926	488936
chr1	489004	489014
chr1	489299	489309
chr1	489517	489527
chr1	489794	489804
chr1	489849	489859
chr1	489896	489906
chr1	490019	490029
chr1	490143	490153
chr1	490221	490231
chr1	490281	490291
chr1	490808	490818
chr1	491082	491092
chr1	491113	491123
chr1	491240	491250
chr1	491593	491603
chr1	491663	491673
chr1	492113	492123
chr1	492274	492284
chr1	492313	492323
chr1	493101	493111
chr1	493632	493642
chr1	493886	493896
chr1	494218	494228
chr1	494690	494700
chr1	494759	494769
chr1	494912	494922
chr1	495129	495139
chr1	495374	495384
chr1	495463	495473
chr1	495623	495633
chr1	496106	496116
chr1	496131	496141
chr1	496774	496784
chr1	496881	496891
chr1	497155	497165
chr1	497242	497252
chr1	497707	497717
chr1	497841	497851
chr1	497921	497931
chr1	498154	498164
chr1	498714	498724
chr1	498806	498816
chr1	498952	498962
chr1	499017	499027
chr1	500046	500056
chr1	500090	500100
chr1	500244	500254
chr1	500521	500531
chr1	500778	500788
chr1	500880	500890
chr1	500974	500984
chr1	501643	501653
chr1	501663	501673
chr1	501791	501801
chr1	502319	502329
chr1	502524	502534
chr1	502949	502959
chr1	503109	503119
chr1	503451	503461
chr1	503462	503472
chr1	503952	503962
chr1	504057	504067
chr1	504152	504162
chr1	504197	504207
chr1	504290	504300
chr1	504417	504427
chr1	504460	504470
chr1	505694	505704
chr1	505718	505728
chr1	505764	505774
chr1	505866	505876
chr1	506148	506158
chr1	506386	506396
chr1	506930	506940
chr1	507037	507047
chr1	507060	507070
chr1	507547	507557
chr1	508053	508063
chr1	508119	508129
chr1	508314	508324
chr1	508333	508343
chr1	508814	508824
chr1	508987	508997
chr1	509371	509381
chr1	509426	509436
chr1	509829	509839
chr1	510024	510034
chr1	510189	510199
chr1	510266	510276
chr1	510408	510418
chr1	510592	510602
chr1	510682	510692
chr1	511170	511180
chr1	511502	511512
chr1	511518	511528
chr1	511532	511542
chr1	511584	511594
chr1	512164	512174
chr1	512238	512248
chr1	512611	512621
chr1	512767	512777
chr1	512807	512817
chr1	512892	512902
chr1	512957	512967
chr1	513100	513110
chr1	513520	513530
chr1	513532	513542
chr1	513579	513589
chr1	513616	513626
chr1	513719	513729
chr1	514027	514037
chr1	514094	514104
chr1	514296	514306
chr1	514469	514479
chr1	514685	514695
chr1	515048	515058
chr1	515149	515159
chr1	515595	515605
chr1	515957	515967
chr1	516257	516267
chr1	516456	516466
chr1	516487	516497
chr1	516545	516555
chr1	517027	517037
chr1	517135	517145
chr1	517321	517331
chr1	517588	517598
chr1	517878	517888
chr1	518088	518098
chr1	518114	518124
chr1	518407	518417
chr1	518568	518578
chr1	518878	518888
chr1	519323	519333
chr1	519359	519369
chr1	519405	519415
chr1	519582	519592
chr1	519610	519620
chr1	519636	519646
chr1	520048	520058
chr1	520241	520251
chr1	520508	520518
chr1	521256	521266
chr1	521622	521632
chr1	522098	522108
chr1	522152	522162
chr1	522354	522364
chr1	522417	522427
chr1	522850	522860
chr1	522928	522938
chr1	522955	522965
chr1	523704	523714
chr1	524606	524616
chr1	524908	524918
chr1	525091	525101
chr1	525735	525745
chr1	526444	526454
chr1	526482	526492
chr1	526518	526528
chr1	526570	526580
chr1	527019	527029
chr1	527085	527095
chr1	527212	527222
chr1	527386	527396
chr1	527420	527430
chr1	527565	527575
chr1	527946	527956
chr1	528545	528555
chr1	528739	528749
chr1	528865	528875
chr1	529073	529083
chr1	529499	529509
chr1	529697	529707
chr1	529882	529892
chr1	530096	530106
chr1	530194	530204
chr1	530294	530304
chr1	530488	530498
chr1	530757	530767
chr1	530827	530837
chr1	531092	531102
chr1	531549	531559
chr1	531989	531999
chr1	532024	532034
chr1	532525	532535
chr1	532568	532578
chr1	532825	532835
chr1	533494	533504
chr1	533547	533557
chr1	533564	533574
chr1	533648	533658
chr1	533805	533815
chr1	533997	534007
chr1	534036	534046
chr1	534050	534060
chr1	534382	534392
chr1	534538	534548
chr1	534805	534815
chr1	534972	534982
chr1	535629	535639
chr1	535844	535854
chr1	535906	535916
chr1	535933	535943
chr1	536144	536154
chr1	536241	536251
chr1	536530	536540
chr1	536860	536870
chr1	537096	537106
chr1	537628	537638
chr1	537730	537740
chr1	537794	537804
chr1	537971	537981
chr1	538044	538054
chr1	538067	538077
chr1	538104	538114
chr1	538334	538344
chr1	538522	538532
chr1	538537	538547
chr1	538800	538810
chr1	538886	538896
chr1	538901	538911
chr1	539083	539093
chr1	539122	539132
chr1	539377	539387
chr1	539396	539406
chr1	539542	539552
chr1	539567	539577
chr1	539729	539739
chr1	539894	539904
chr1	539911	539921
chr1	540110	540120
chr1	540134	540144
chr1	540388	540398
chr1	540764	540774
chr1	541045	541055
chr1	541099	541109
chr1	541487	541497
chr1	541550	541560
chr1	541625	541635
chr1	541670	541680
chr1	541798	541808
chr1	541839	541849
chr1	541870	541880
chr1	542127	542137
chr1	542207	542217
chr1	542222	542232
chr1	542252	542262
chr1	542415	542425
chr1	542579	542589
chr1	542664	542674
chr1	542748	542758
chr1	543033	543043
chr1	543128	543138
chr1	543287	543297
chr1	543340	543350
chr1	543491	543501
chr1	543507	543517
chr1	543573	543583
chr1	544074	544084
chr1	544211	544221
chr1	544366	544376
chr1	544422	544432
chr1	544921	544931
chr1	545167	545177
chr1	545217	545227
chr1	545504	545514
chr1	545516	545526
chr1	545560	545570
chr1	545782	545792
chr1	545929	545939
chr1	546136	546146
chr1	546326	546336
chr1	546419	546429
chr1	546457	546467
chr1	546476	546486
chr1	546657	546667
chr1	546914	546924
chr1	547425	547435
chr1	547571	547581
chr1	547595	547605
chr1	547812	547822
chr1	548034	548044
chr1	548148	548158
chr1	548359	548369
chr1	548525	548535
chr1	548741	548751
chr1	549021	549031
chr1	549090	549100
chr1	549159	549169
chr1	549180	549190
chr1	549599	549609
chr1	549679	549689
chr1	549776	549786
chr1	549856	549866
chr1	550224	550234
chr1	550290	550300
chr1	550427	550437
chr1	550454	550464
chr1	550543	550553
chr1	550742	550752
chr1	550829	550839
chr1	551088	551098
chr1	551166	551176
chr1	551187	551197
chr1	551211	551221
chr1	551432	551442
chr1	551963	551973
chr1	552033	552043
chr1	552294	552304
chr1	552412	552422
chr1	552512	552522
chr1	552564	552574
chr1	552659	552669
chr1	553071	553081
chr1	553119	553129
chr1	553314	553324
chr1	553367	553377
chr1	554054	554064
chr1	554333	554343
chr1	554851	554861
chr1	555174	555184
chr1	555402	555412
chr1	555423	555433
chr1	555512	555522
chr1	555616	555626
chr1	555630	555640
chr1	555770	555780
chr1	555808	555818
chr1	555987	555997
chr1	556124	556134
chr1	556167	556177
chr1	556197	556207
chr1	556278	556288
chr1	556341	556351
chr1	556382	556392
chr1	556561	556571
chr1	557028	557038
chr1	557442	557452
chr1	557604	557614
chr1	557766	557776
chr1	557970	557980
chr1	558037	558047
chr1	558511	558521
chr1	558571	558581
chr1	558772	558782
chr1	558806	558816
chr1	559101	559111
chr1	559279	559289
chr1	559311	559321
chr1	559440	559450
chr1	559949	559959
chr1	560008	560018
chr1	560058	560068
chr1	560200	560210
chr1	560223	560233
chr1	560254	560264
chr1	560292	560302
chr1	560336	560346
chr1	560821	560831
chr1	560920	560930
chr1	561009	561019
chr1	561135	561145
chr1	561403	561413
chr1	561467	561477
chr1	561632	561642
chr1	561697	561707
chr1	561865	561875
chr1	561893	561903
chr1	562022	562032
chr1	562890	562900
chr1	562956	562966
chr1	562974	562984
chr1	563201	563211
chr1	563666	563676
chr1	563729	563739
chr1	563883	563893
chr1	564190	564200
chr1	564261	564271
chr1	564488	564498
chr1	564646	564656
chr1	564667	564677
chr1	564790	564800
chr1	564982	564992
chr1	565178	565188
chr1	565229	565239
chr1	565892	565902
chr1	566209	566219
chr1	566314	566324
chr1	566560	566570
chr1	566751	566761
chr1	566905	566915
chr1	567049	567059
chr1	567081	567091
chr1	567164	567174
chr1	567408	567418
chr1	567603	567613
chr1	567760	567770
chr1	567784	567794
chr1	567847	567857
chr1	567877	567887
chr1	568110	568120
chr1	568143	568153
chr1	568252	568262
chr1	568263	568273
chr1	568330	568340
chr1	568390	568400
chr1	568510	568520
chr1	568643	568653
chr1	568730	568740
chr1	568781	568791
chr1	568886	568896
chr1	568924	568934
chr1	569249	569259
chr1	569316	569326
chr1	569401	569411
chr1	569751	569761
chr1	570122	570132
chr1	570191	570201
chr1	570239	570249
chr1	570393	570403
chr1	570750	570760
chr1	570780	570790
chr1	570860	570870
chr1	570912	570922
chr1	571158	571168
chr1	571236	571246
chr1	571508	571518
chr1	571779	571789
chr1	572378	572388
chr1	572453	572463
chr1	572509	572519
chr1	573229	573239
chr1	573254	573264
chr1	573591	573601
chr1	573830	573840
chr1	574052	574062
chr1	574064	574074
chr1	574082	574092
chr1	574169	574179
chr1	574261	574271
chr1	574283	574293
chr1	574457	574467
chr1	575303	575313
chr1	576184	576194
chr1	576271	576281
chr1	576392	576402
chr1	576597	576607
chr1	576672	576682
chr1	576833	576843
chr1	576944	576954
chr1	577402	577412
chr1	577435	577445
chr1	577536	577546
chr1	577577	577587
chr1	577662	577672
chr1	578232	578242
chr1	578440	578450
chr1	578642	578652
chr1	578755	578765
chr1	579024	579034
chr1	579081	579091
chr1	579338	579348
chr1	579561	579571
chr1	579646	579656
chr1	579668	579678
chr1	579993	580003
chr1	580007	580017
chr1	580480	580490
chr1	580604	580614
chr1	580665	580675
chr1	580952	580962
chr1	581139	581149
chr1	581161	581171
chr1	581988	581998
chr1	582139	582149
chr1	582153	582163
chr1	582378	582388
chr1	582719	582729
chr1	583144	583154
chr1	583254	583264
chr1	583313	583323
chr1	583361	583371
chr1	583630	583640
chr1	583660	583670
chr1	583838	583848
chr1	583899	583909
chr1	583971	583981
chr1	584378	584388
chr1	584499	584509
chr1	584685	584695
chr1	584959	584969
chr1	585003	585013
chr1	585065	585075
chr1	585447	585457
chr1	585643	585653
chr1	585792	585802
chr1	585815	585825
chr1	586004	586014
chr1	586484	586494
chr1	586592	586602
chr1	586696	586706
chr1	586713	586723
chr1	586848	586858
chr1	587054	587064
chr1	587156	587166
chr1	587635	587645
chr1	588187	588197
chr1	588441	588451
chr1	588639	588649
chr1	589421	589431
chr1	589432	589442
chr1	589829	589839
chr1	589871	589881
chr1	589920	589930
chr1	590040	590050
chr1	590279	590289
chr1	590381	590391
chr1	590436	590446
chr1	590451	590461
chr1	591080	591090
chr1	591190	591200
chr1	591358	591368
chr1	591459	591469
chr1	591824	591834
chr1	591877	591887
chr1	591997	592007
chr1	592076	592086
chr1	592173	592183
chr1	592241	592251
chr1	592595	592605
chr1	592651	592661
chr1	592665	592675
chr1	592972	592982
chr1	593059	593069
chr1	593180	593190
chr1	593208	593218
chr1	594166	594176
chr1	594362	594372
chr1	594526	594536
chr1	594849	594859
chr1	594883	594893
chr1	595011	595021
chr1	595132	595142
chr1	595181	595191
chr1	595249	595259
chr1	595525	595535
chr1	595827	595837
chr1	595859	595869
chr1	595890	595900
chr1	596508	596518
chr1	596595	596605
chr1	596908	596918
chr1	596998	597008
chr1	597149	597159
chr1	597506	597516
chr1	597856	597866
chr1	597920	597930
chr1	598330	598340
chr1	598619	598629
chr1	598678	598688
chr1	598690	598700
chr1	599099	599109
chr1	599628	599638
chr1	599843	599853
chr1	600178	600188
chr1	600235	600245
chr1	600404	600414
chr1	600447	600457
chr1	601022	601032
chr1	601037	601047
chr1	601117	601127
chr1	601161	601171
chr1	601670	601680
chr1	601689	601699
chr1	601793	601803
chr1	602136	602146
chr1	602320	602330
chr1	602439	602449
chr1	602718	602728
chr1	602773	602783
chr1	602932	602942
chr1	603638	603648
chr1	604180	604190
chr1	604230	604240
chr1	604253	604263
chr1	604337	604347
chr1	604885	604895
chr1	605374	605384
chr1	605549	605559
chr1	605615	605625
chr1	606024	606034
chr1	606377	606387
chr1	606529	606539
chr1	606690	606700
chr1	606801	606811
chr1	606839	606849
chr1	606896	606906
chr1	607590	607600
chr1	607641	607651
chr1	608128	608138
chr1	608329	608339
chr1	608395	608405
chr1	608477	608487
chr1	608582	608592
chr1	609823	609833
chr1	609992	610002
chr1	610186	610196
chr1	610334	610344
chr1	610371	610381
chr1	610444	610454
chr1	610504	610514
chr1	610683	610693
chr1	610709	610719
chr1	610849	610859
chr1	611262	611272
chr1	611400	611410
chr1	611552	611562
chr1	612089	612099
chr1	612335	612345
chr1	612379	612389
chr1	612649	612659
chr1	612770	612780
chr1	613372	613382
chr1	613493	613503
chr1	613711	613721
chr1	614263	614273
chr1	614546	614556
chr1	615069	615079
chr1	615185	615195
chr1	615205	615215
chr1	615293	615303
chr1	615505	615515
chr1	615892	615902
chr1	616023	616033
chr1	616156	616166
chr1	616419	616429
chr1	616637	616647
chr1	616720	616730
chr1	616981	616991
chr1	617034	617044
chr1	617268	617278
chr1	617385	617395
chr1	617649	617659
chr1	617883	617893
chr1	617906	617916
chr1	617938	617948
chr1	618169	618179
chr1	618243	618253
chr1	618260	618270
chr1	618304	618314
chr1	618464	618474
chr1	618621	618631
chr1	618871	618881
chr1	618963	618973
chr1	619129	619139
chr1	619522	619532
chr1	619690	619700
chr1	619815	619825
chr1	619833	619843
chr1	619865	619875
chr1	619942	619952
chr1	620146	620156
chr1	620280	620290
chr1	620443	620453
chr1	620860	620870
chr1	620962	620972
chr1	620984	620994
chr1	621066	621076
chr1	621115	621125
chr1	621619	621629
chr1	621821	621831
chr1	622240	622250
chr1	622372	622382
chr1	623018	623028
chr1	623272	623282
chr1	623404	623414
chr1	623580	623590
chr1	623616	623626
chr1	623777	623787
chr1	624000	624010
chr1	624403	624413
chr1	624541	624551
chr1	624575	624585
chr1	624600	624610
chr1	624700	624710
chr1	624818	624828
chr1	624832	624842
chr1	624919	624929
chr1	625211	625221
chr1	625245	625255
chr1	625536	625546
chr1	625821	625831
chr1	626207	626217
chr1	626284	626294
chr1	626658	626668
chr1	626886	626896
chr1	627037	627047
chr1	627302	627312
chr1	627852	627862
chr1	627906	627916
chr1	628122	628132
chr1	628160	628170
chr1	628212	628222
chr1	628927	628937
chr1	629024	629034
chr1	629443	629453
chr1	629483	629493
chr1	630022	630032
chr1	630211	630221
chr1	630314	630324
chr1	630352	630362
chr1	630439	630449
chr1	630713	630723
chr1	630784	630794
chr1	630835	630845
chr1	630879	630889
chr1	631068	631078
chr1	631085	631095
chr1	631519	631529
chr1	632056	632066
chr1	632348	632358
chr1	632385	632395
chr1	632448	632458
chr1	632735	632745
chr1	632788	632798
chr1	632899	632909
chr1	632912	632922
chr1	632938	632948
chr1	632996	633006
chr1	633138	633148
chr1	633532	633542
chr1	633746	633756
chr1	633825	633835
chr1	633926	633936
chr1	634028	634038
chr1	634073	634083
chr1	634152	634162
chr1	634319	634329
chr1	634396	634406
chr1	634493	634503
chr1	634727	634737
chr1	635048	635058
chr1	635072	635082
chr1	635521	635531
chr1	635599	635609
chr1	635750	635760
chr1	635988	635998
chr1	636122	636132
chr1	636678	636688
chr1	636992	637002
chr1	637362	637372
chr1	637421	637431
chr1	637486	637496
chr1	637695	637705
chr1	637745	637755
chr1	637759	637769
chr1	638018	638028
chr1	638075	638085
chr1	638191	638201
chr1	638337	638347
chr1	638665	638675
chr1	639107	639117
chr1	639162	639172
chr1	639488	639498
chr1	639536	639546
chr1	640008	640018
chr1	640121	640131
chr1	640292	640302
chr1	640529	640539
chr1	640701	640711
chr1	640863	640873
chr1	641240	641250
chr1	641286	641296
chr1	641308	641318
chr1	641699	641709
chr1	641811	641821
chr1	641947	641957
chr1	642051	642061
chr1	642099	642109
chr1	642112	642122
chr1	642150	642160
chr1	642370	642380
chr1	642433	642443
chr1	642449	642459
chr1	642598	642608
chr1	642650	642660
chr1	642731	642741
chr1	642818	642828
chr1	642914	642924
chr1	643139	643149
chr1	643336	643346
chr1	643406	643416
chr1	643763	643773
chr1	643783	643793
chr1	644144	644154
chr1	644487	644497
chr1	644836	644846
chr1	645173	645183
chr1	645354	645364
chr1	645400	645410
chr1	645462	645472
chr1	646232	646242
chr1	646409	646419
chr1	646818	646828
chr1	646930	646940
chr1	646968	646978
chr1	647107	647117
chr1	647261	647271
chr1	647311	647321
chr1	647346	647356
chr1	647656	647666
chr1	647845	647855
chr1	648006	648016
chr1	648152	648162
chr1	648185	648195
chr1	648526	648536
chr1	648798	648808
chr1	648876	648886
chr1	649136	649146
chr1	649316	649326
chr1	649477	649487
chr1	649776	649786
chr1	649919	649929
chr1	650052	650062
chr1	650193	650203
chr1	650208	650218
chr1	650265	650275
chr1	650434	650444
chr1	650445	650455
chr1	650491	650501
chr1	650765	650775
chr1	650917	650927
chr1	651153	651163
chr1	651172	651182
chr1	651209	651219
chr1	651417	651427
chr1	652247	652257
chr1	652457	652467
chr1	652527	652537
chr1	652551	652561
chr1	652736	652746
chr1	652798	652808
chr1	653010	653020
chr1	653632	653642
chr1	654093	654103
chr1	654218	654228
chr1	654295	654305
chr1	654415	654425
chr1	654799	654809
chr1	654831	654841
chr1	654880	654890
chr1	655306	655316
chr1	655560	655570
chr1	655572	655582
chr1	656223	656233
chr1	656303	656313
chr1	656335	656345
chr1	656436	656446
chr1	656664	656674
chr1	656879	656889
chr1	657486	657496
chr1	658041	658051
chr1	658066	658076
chr1	658113	658123
chr1	658172	658182
chr1	658556	658566
chr1	659033	659043
chr1	659118	659128
chr1	659170	659180
chr1	659235	659245
chr1	659365	659375
chr1	659429	659439
chr1	660215	660225
chr1	660273	660283
chr1	660423	660433
chr1	660665	660675
chr1	660876	660886
chr1	660915	660925
chr1	660993	661003
chr1	661359	661369
chr1	661404	661414
chr1	661498	661508
chr1	662050	662060
chr1	662158	662168
chr1	662176	662186
chr1	662226	662236
chr1	662329	662339
chr1	662434	662444
chr1	662589	662599
chr1	662814	662824
chr1	662835	662845
chr1	662874	662884
chr1	663005	663015
chr1	663044	663054
chr1	663358	663368
chr1	663387	663397
chr1	663977	663987
chr1	664064	664074
chr1	664117	664127
chr1	664215	664225
chr1	664236	664246
chr1	664249	664259
chr1	664273	664283
chr1	664784	664794
chr1	665080	665090
chr1	665201	665211
chr1	665243	665253
chr1	665409	665419
chr1	665460	665470
chr1	665569	665579
chr1	665885	665895
chr1	665996	666006
chr1	666176	666186
chr1	666258	666268
chr1	666505	666515
chr1	666683	666693
chr1	666957	666967
chr1	667252	667262
chr1	667318	667328
chr1	667428	667438
chr1	668118	668128
chr1	668385	668395
chr1	668403	668413
chr1	668835	668845
chr1	668858	668868
chr1	669336	669346
chr1	669392	669402
chr1	669475	669485
chr1	669493	669503
chr1	669656	669666
chr1	669815	669825
chr1	669865	669875
chr1	670057	670067
chr1	670124	670134
chr1	670245	670255
chr1	670263	670273
chr1	670925	670935
chr1	671120	671130
chr1	671309	671319
chr1	671334	671344
chr1	671355	671365
chr1	671822	671832
chr1	672038	672048
chr1	672148	672158
chr1	672241	672251
chr1	672253	672263
chr1	672346	672356
chr1	672614	672624
chr1	672637	672647
chr1	672905	672915
chr1	672959	672969
chr1	673099	673109
chr1	673424	673434
chr1	673460	673470
chr1	673506	673516
chr1	673566	673576
chr1	674062	674072
chr1	674320	674330
chr1	674508	674518
chr1	674564	674574
chr1	674590	674600
chr1	674704	674714
chr1	674983	674993
chr1	675171	675181
chr1	675855	675865
chr1	676183	676193
chr1	676336	676346
chr1	676375	676385
chr1	676570	676580
chr1	676695	676705
chr1	676718	676728
chr1	676835	676845
chr1	676941	676951
chr1	677041	677051
chr1	677211	677221
chr1	677707	677717
chr1	678576	678586
chr1	678665	678675
chr1	678962	678972
chr1	679032	679042
chr1	679371	679381
chr1	679611	679621
chr1	679645	679655
chr1	679929	679939
chr1	680113	680123
chr1	680363	680373
chr1	680817	680827
chr1	681262	681272
chr1	681334	681344
chr1	681354	681364
chr1	681413	681423
chr1	681582	681592
chr1	681618	681628
chr1	682072	682082
chr1	682103	682113
chr1	682339	682349
chr1	682370	682380
chr1	682606	682616
chr1	682638	682648
chr1	682655	682665
chr1	683141	683151
chr1	683181	683191
chr1	683323	683333
chr1	684009	684019
chr1	684099	684109
chr1	684116	684126
chr1	684219	684229
chr1	684239	684249
chr1	684478	684488
chr1	684904	684914
chr1	685065	685075
chr1	685127	685137
chr1	685269	685279
chr1	685478	685488
chr1	685592	685602
chr1	685919	685929
chr1	686015	686025
chr1	686121	686131
chr1	686207	686217
chr1	686288	686298
chr1	686450	686460
chr1	687074	687084
chr1	687198	687208
chr1	687391	687401
chr1	687425	687435
chr1	687615	687625
chr1	687707	687717
chr1	687718	687728
chr1	687746	687756
chr1	688311	688321
chr1	688339	688349
chr1	688592	688602
chr1	688994	689004
chr1	689032	689042
chr1	689069	689079
chr1	689290	689300
chr1	689329	689339
chr1	689340	689350
chr1	689595	689605
chr1	689776	689786
chr1	689801	689811
chr1	690002	690012
chr1	690075	690085
chr1	690088	690098
chr1	690120	690130
chr1	690227	690237
chr1	690457	690467
chr1	690722	690732
chr1	691196	691206
chr1	691264	691274
chr1	691395	691405
chr1	691573	691583
chr1	691603	691613
chr1	691936	691946
chr1	692300	692310
chr1	692570	692580
chr1	692933	692943
chr1	693116	693126
chr1	693586	693596
chr1	693933	693943
chr1	694124	694134
chr1	694298	694308
chr1	694361	694371
chr1	694381	694391
chr1	694646	694656
chr1	694780	694790
chr1	694971	694981
chr1	695345	695355
chr1	695357	695367
chr1	695873	695883
chr1	695894	695904
chr1	696338	696348
chr1	696386	696396
chr1	696504	696514
chr1	696549	696559
chr1	696572	696582
chr1	696836	696846
chr1	696859	696869
chr1	696971	696981
chr1	697548	697558
chr1	697673	697683
chr1	697950	697960
chr1	697985	697995
chr1	698015	698025
chr1	698952	698962
chr1	699000	699010
chr1	699016	699026
chr1	699307	699317
chr1	699620	699630
chr1	699726	699736
chr1	699980	699990
chr1	700409	700419
chr1	700577	700587
chr1	700745	700755
chr1	700809	700819
chr1	700875	700885
chr1	700904	700914
chr1	701607	701617
chr1	701624	701634
chr1	701879	701889
chr1	701921	701931
chr1	702056	702066
chr1	702196	702206
chr1	702309	702319
chr1	702405	702415
chr1	702426	702436
chr1	702528	702538
chr1	702574	702584
chr1	702639	702649
chr1	702692	702702
chr1	702879	702889
chr1	702941	702951
chr1	702991	703001
chr1	703302	703312
chr1	703777	703787
chr1	703792	703802
chr1	703902	703912
chr1	704181	704191
chr1	704236	704246
chr1	704341	704351
chr1	704389	704399
chr1	704645	704655
chr1	705164	705174
chr1	705459	705469
chr1	705608	705618
chr1	706381	706391
chr1	706422	706432
chr1	707125	707135
chr1	707247	707257
chr1	707316	707326
chr1	708011	708021
chr1	708174	708184
chr1	708341	708351
chr1	708574	708584
chr1	708678	708688
chr1	708914	708924
chr1	708942	708952
chr1	709024	709034
chr1	709056	709066
chr1	709395	709405
chr1	709752	709762
chr1	709927	709937
chr1	709947	709957
chr1	710048	710058
chr1	710068	710078
chr1	710204	710214
chr1	710285	710295
chr1	710514	710524
chr1	710745	710755
chr1	710905	710915
chr1	710957	710967
chr1	711064	711074
chr1	711554	711564
chr1	711588	711598
chr1	711728	711738
chr1	711744	711754
chr1	712735	712745
chr1	712910	712920
chr1	712997	713007
chr1	713127	713137
chr1	713250	713260
chr1	713560	713570
chr1	713669	713679
chr1	714070	714080
chr1	714183	714193
chr1	714566	714576
chr1	714839	714849
chr1	714876	714886
chr1	715547	715557
chr1	715807	715817
chr1	715855	715865
chr1	716039	716049
chr1	716204	716214
chr1	716282	716292
chr1	716371	716381
chr1	717037	717047
chr1	717277	717287
chr1	717425	717435
chr1	717685	717695
chr1	717964	717974
chr1	718573	718583
chr1	718646	718656
chr1	718850	718860
chr1	718953	718963
chr1	719083	719093
chr1	719135	719145
chr1	719234	719244
chr1	719427	719437
chr1	719447	719457
chr1	719508	719518
chr1	719544	719554
chr1	719685	719695
chr1	719768	719778
chr1	720586	720596
chr1	720610	720620
chr1	721108	721118
chr1	721216	721226
chr1	721297	721307
chr1	721322	721332
chr1	721683	721693
chr1	722034	722044
chr1	722195	722205
chr1	722217	722227
chr1	722443	722453
chr1	722543	722553
chr1	723088	723098
chr1	723309	723319
chr1	723835	723845
chr1	724343	724353
chr1	724505	724515
chr1	724764	724774
chr1	725310	725320
chr1	725508	725518
chr1	726063	726073
chr1	726822	726832
chr1	726853	726863
chr1	726918	726928
chr1	726957	726967
chr1	727102	727112
chr1	727210	727220
chr1	727657	727667
chr1	727705	727715
chr1	727735	727745
chr1	728017	728027
chr1	728066	728076
chr1	728161	728171
chr1	728319	728329
chr1	728646	728656
chr1	728793	728803
chr1	728832	728842
chr1	729013	729023
chr1	729060	729070
chr1	729088	729098
chr1	729597	729607
chr1	729857	729867
chr1	729888	729898
chr1	730464	730474
chr1	730553	730563
chr1	730703	730713
chr1	730857	730867
chr1	731123	731133
chr1	731135	731145
chr1	731271	731281
chr1	731311	731321
chr1	731829	731839
chr1	731910	731920
chr1	732205	732215
chr1	732340	732350
chr1	732359	732369
chr1	732387	732397
chr1	732888	732898
chr1	733249	733259
chr1	733795	733805
chr1	733987	733997
chr1	734027	734037
chr1	734247	734257
chr1	734415	734425
chr1	734426	734436
chr1	734475	734485
chr1	734489	734499
chr1	734567	734577
chr1	734578	734588
chr1	734627	734637
chr1	734950	734960
chr1	735276	735286
chr1	735999	736009
chr1	736202	736212
chr1	736243	736253
chr1	736284	736294
chr1	736616	736626
chr1	736756	736766
chr1	736980	736990
chr1	737000	737010
chr1	737580	737590
chr1	737623	737633
chr1	737645	737655
chr1	738252	738262
chr1	738605	738615
chr1	738852	738862
chr1	739265	739275
chr1	739559	739569
chr1	740384	740394
chr1	740554	740564
chr1	740674	740684
chr1	741022	741032
chr1	741484	741494
chr1	741669	741679
chr1	741696	741706
chr1	741715	741725
chr1	742038	742048
chr1	742051	742061
chr1	742184	742194
chr1	742369	742379
chr1	742608	742618
chr1	742643	742653
chr1	742693	742703
chr1	742968	742978
chr1	743017	743027
chr1	743219	743229
chr1	743240	743250
chr1	743358	743368
chr1	744451	744461
chr1	744562	744572
chr1	744721	744731
chr1	744975	744985
chr1	744988	744998
chr1	745078	745088
chr1	745122	745132
chr1	745287	745297
chr1	745461	745471
chr1	745686	745696
chr1	746282	746292
chr1	746349	746359
chr1	746385	746395
chr1	746405	746415
chr1	746799	746809
chr1	747210	747220
chr1	747351	747361
chr1	747481	747491
chr1	747658	747668
chr1	747703	747713
chr1	747717	747727
chr1	747779	747789
chr1	747806	747816
chr1	747822	747832
chr1	747835	747845
chr1	747881	747891
chr1	748397	748407
chr1	749042	749052
chr1	749124	749134
chr1	749145	749155
chr1	749659	749669
chr1	749754	749764
chr1	750142	750152
chr1	750221	750231
chr1	750654	750664
chr1	750982	750992
chr1	751080	751090
chr1	751128	751138
chr1	751189	751199
chr1	751283	751293
chr1	751316	751326
chr1	751630	751640
chr1	751831	751841
chr1	751859	751869
chr1	751921	751931
chr1	752339	752349
chr1	752375	752385
chr1	753065	753075
chr1	753147	753157
chr1	753553	753563
chr1	753575	753585
chr1	753820	753830
chr1	754183	754193
chr1	754458	754468
chr1	754871	754881
chr1	755382	755392
chr1	755781	755791
chr1	755943	755953
chr1	756322	756332
chr1	756607	756617
chr1	756661	756671
chr1	756726	756736
chr1	756816	756826
chr1	757261	757271
chr1	757617	757627
chr1	757774	757784
chr1	757880	757890
chr1	758023	758033
chr1	758102	758112
chr1	758199	758209
chr1	758495	758505
chr1	758608	758618
chr1	759139	759149
chr1	759214	759224
chr1	759758	759768
chr1	760175	760185
chr1	760519	760529
chr1	760569	760579
chr1	760584	760594
chr1	760657	760667
chr1	760816	760826
chr1	760856	760866
chr1	761424	761434
chr1	761818	761828
chr1	761876	761886
chr1	762310	762320
chr1	762584	762594
chr1	762853	762863
chr1	762981	762991
chr1	763304	763314
chr1	763591	763601
chr1	763751	763761
chr1	763851	763861
chr1	764384	764394
chr1	764437	764447
chr1	764464	764474
chr1	764593	764603
chr1	764832	764842
chr1	765108	765118
chr1	765232	765242
chr1	765764	765774
chr1	765963	765973
chr1	766004	766014
chr1	766203	766213
chr1	766657	766667
chr1	766678	766688
chr1	766778	766788
chr1	767027	767037
chr1	767401	767411
chr1	767449	767459
chr1	768075	768085
chr1	768529	768539
chr1	768645	768655
chr1	768766	768776
chr1	768942	768952
chr1	769003	769013
chr1	769029	769039
chr1	769254	769264
chr1	769389	769399
chr1	769649	769659
chr1	769715	769725
chr1	769786	769796
chr1	769924	769934
chr1	769972	769982
chr1	770066	770076
chr1	770518	770528
chr1	771154	771164
chr1	771193	771203
chr1	771609	771619
chr1	772081	772091
chr1	772161	772171
chr1	772617	772627
chr1	772719	772729
chr1	772914	772924
chr1	773230	773240
chr1	773741	773751
chr1	773761	773771
chr1	773974	773984
chr1	774079	774089
chr1	774118	774128
chr1	774639	774649
chr1	774703	774713
chr1	774833	774843
chr1	774858	774868
chr1	774872	774882
chr1	775104	775114
chr1	775594	775604
chr1	775659	775669
chr1	775830	775840
chr1	775956	775966
chr1	776601	776611
chr1	776636	776646
chr1	776956	776966
chr1	777333	777343
chr1	777366	777376
chr1	777463	777473
chr1	777484	777494
chr1	777589	777599
chr1	777621	777631
chr1	777636	777646
chr1	777795	777805
chr1	777875	777885
chr1	778142	778152
chr1	778502	778512
chr1	778606	778616
chr1	778790	778800
chr1	779189	779199
chr1	779296	779306
chr1	779309	779319
chr1	779366	779376
chr1	779805	779815
chr1	779996	780006
chr1	780052	780062
chr1	780239	780249
chr1	780326	780336
chr1	780372	780382
chr1	780718	780728
chr1	780749	780759
chr1	780964	780974
chr1	781025	781035
chr1	781446	781456
chr1	781757	781767
chr1	782262	782272
chr1	782506	782516
chr1	782651	782661
chr1	782766	782776
chr1	782799	782809
chr1	782820	782830
chr1	783005	783015
chr1	783176	783186
chr1	783208	783218
chr1	783347	783357
chr1	783555	783565
chr1	783726	783736
chr1	783760	783770
chr1	783912	783922
chr1	784087	784097
chr1	784156	784166
chr1	784184	784194
chr1	784511	784521
chr1	784567	784577
chr1	784800	784810
chr1	785024	785034
chr1	785061	785071
chr1	785147	785157
chr1	785288	785298
chr1	785367	785377
chr1	785662	785672
chr1	785715	785725
chr1	785876	785886
chr1	785904	785914
chr1	785936	785946
chr1	786224	786234
chr1	786345	786355
chr1	786550	786560
chr1	786640	786650
chr1	786752	786762
chr1	787644	787654
chr1	788195	788205
chr1	788284	788294
chr1	788307	788317
chr1	788446	788456
chr1	788632	788642
chr1	789439	789449
chr1	789720	789730
chr1	789796	789806
chr1	789824	789834
chr1	789907	789917
chr1	790270	790280
chr1	790324	790334
chr1	790503	790513
chr1	790591	790601
chr1	790643	790653
chr1	790734	790744
chr1	790820	790830
chr1	790892	790902
chr1	790985	790995
chr1	791035	791045
chr1	791144	791154
chr1	791228	791238
chr1	791282	791292
chr1	791314	791324
chr1	791775	791785
chr1	791877	791887
chr1	792319	792329
chr1	792591	792601
chr1	792707	792717
chr1	793091	793101
chr1	793126	793136
chr1	793295	793305
chr1	793680	793690
chr1	794003	794013
chr1	794275	794285
chr1	794306	794316
chr1	794376	794386
chr1	794850	794860
chr1	794909	794919
chr1	794984	794994
chr1	795120	795130
chr1	795230	795240
chr1	795292	795302
chr1	795440	795450
chr1	795453	795463
chr1	795575	795585
chr1	795632	795642
chr1	796199	796209
chr1	796522	796532
chr1	796650	796660
chr1	796685	796695
chr1	796752	796762
chr1	796772	796782
chr1	796904	796914
chr1	796999	797009
chr1	797014	797024
chr1	797177	797187
chr1	797324	797334
chr1	797482	797492
chr1	797506	797516
chr1	797564	797574
chr1	797580	797590
chr1	799451	799461
chr1	799510	799520
chr1	799570	799580
chr1	799664	799674
chr1	799892	799902
chr1	800423	800433
chr1	800882	800892
chr1	800908	800918
chr1	800987	800997
chr1	801077	801087
chr1	801194	801204
chr1	801416	801426
chr1	801443	801453
chr1	801469	801479
chr1	801496	801506
chr1	801733	801743
chr1	802102	802112
chr1	802115	802125
chr1	802269	802279
chr1	802518	802528
chr1	802887	802897
chr1	803225	803235
chr1	804080	804090
chr1	804319	804329
chr1	804461	804471
chr1	804672	804682
chr1	804908	804918
chr1	804959	804969
chr1	805315	805325
chr1	805416	805426
chr1	805539	805549
chr1	805659	805669
chr1	806042	806052
chr1	806291	806301
chr1	806755	806765
chr1	806983	806993
chr1	807164	807174
chr1	807253	807263
chr1	807785	807795
chr1	808156	808166
chr1	808348	808358
chr1	808408	808418
chr1	808607	808617
chr1	808638	808648
chr1	808665	808675
chr1	809033	809043
chr1	809106	809116
chr1	809136	809146
chr1	809170	809180
chr1	809272	809282
chr1	809634	809644
chr1	809756	809766
chr1	809810	809820
chr1	809989	809999
chr1	810048	810058
chr1	810453	810463
chr1	810614	810624
chr1	810852	810862
chr1	810950	810960
chr1	811045	811055
chr1	811355	811365
chr1	811368	811378
chr1	811455	811465
chr1	811552	811562
chr1	811623	811633
chr1	811663	811673
chr1	811884	811894
chr1	812022	812032
chr1	812050	812060
chr1	812070	812080
chr1	812286	812296
chr1	812537	812547
chr1	812751	812761
chr1	812823	812833
chr1	813046	813056
chr1	813139	813149
chr1	813321	813331
chr1	813389	813399
chr1	813402	813412
chr1	813744	813754
chr1	813816	813826
chr1	814037	814047
chr1	814216	814226
chr1	814507	814517
chr1	814646	814656
chr1	814756	814766
chr1	815257	815267
chr1	815299	815309
chr1	815575	815585
chr1	815629	815639
chr1	815713	815723
chr1	815971	815981
chr1	816130	816140
chr1	816234	816244
chr1	816250	816260
chr1	816447	816457
chr1	816659	816669
chr1	816740	816750
chr1	816810	816820
chr1	817820	817830
chr1	817967	817977
chr1	818043	818053
chr1	818614	818624
chr1	818975	818985
chr1	818993	819003
chr1	819176	819186
chr1	819225	819235
chr1	819265	819275
chr1	819291	819301
chr1	819655	819665
chr1	819756	819766
chr1	819787	819797
chr1	820360	820370
chr1	820679	820689
chr1	820844	820854
chr1	821000	821010
chr1	821036	821046
chr1	821076	821086
chr1	821152	821162
chr1	821237	821247
chr1	821557	821567
chr1	821721	821731
chr1	822092	822102
chr1	822180	822190
chr1	822481	822491
chr1	822502	822512
chr1	822622	822632
chr1	822698	822708
chr1	822718	822728
chr1	822793	822803
chr1	822850	822860
chr1	822943	822953
chr1	822957	822967
chr1	822991	823001
chr1	823043	823053
chr1	823565	823575
chr1	823781	823791
chr1	823886	823896
chr1	824214	824224
chr1	824482	824492
chr1	824712	824722
chr1	824746	824756
chr1	824782	824792
chr1	824947	824957
chr1	825630	825640
chr1	826117	826127
chr1	826419	826429
chr1	827361	827371
chr1	827384	827394
chr1	827525	827535
chr1	827550	827560
chr1	827611	827621
chr1	827878	827888
chr1	828330	828340
chr1	828489	828499
chr1	828534	828544
chr1	828662	828672
chr1	828697	828707
chr1	828949	828959
chr1	829135	829145
chr1	829400	829410
chr1	829434	829444
chr1	829720	829730
chr1	829734	829744
chr1	829828	829838
chr1	830325	830335
chr1	830739	830749
chr1	831037	831047
chr1	831157	831167
chr1	831348	831358
chr1	831455	831465
chr1	831851	831861
chr1	832022	832032
chr1	832124	832134
chr1	832359	832369
chr1	832825	832835
chr1	832965	832975
chr1	833050	833060
chr1	833081	833091
chr1	833209	833219
chr1	833258	833268
chr1	833454	833464
chr1	833783	833793
chr1	834145	834155
chr1	834343	834353
chr1	834752	834762
chr1	835018	835028
chr1	835055	835065
chr1	835238	835248
chr1	835357	835367
chr1	835377	835387
chr1	835529	835539
chr1	835544	835554
chr1	836087	836097
chr1	836427	836437
chr1	837016	837026
chr1	837153	837163
chr1	837273	837283
chr1	837324	837334
chr1	837492	837502
chr1	837601	837611
chr1	837681	837691
chr1	838028	838038
chr1	838377	838387
chr1	838621	838631
chr1	839393	839403
chr1	839404	839414
chr1	839462	839472
chr1	840221	840231
chr1	840300	840310
chr1	840351	840361
chr1	840496	840506
chr1	840586	840596
chr1	840882	840892
chr1	841137	841147
chr1	841326	841336
chr1	841355	841365
chr1	841506	841516
chr1	841540	841550
chr1	841861	841871
chr1	841947	841957
chr1	842351	842361
chr1	842474	842484
chr1	842639	842649
chr1	842936	842946
chr1	843250	843260
chr1	843424	843434
chr1	843549	843559
chr1	843595	843605
chr1	843675	843685
chr1	843721	843731
chr1	843786	843796
chr1	843961	843971
chr1	844052	844062
chr1	844142	844152
chr1	844160	844170
chr1	844348	844358
chr1	844815	844825
chr1	845045	845055
chr1	845465	845475
chr1	845697	845707
chr1	845853	845863
chr1	846354	846364
chr1	846391	846401
chr1	846714	846724
chr1	846931	846941
chr1	846995	847005
chr1	847064	847074
chr1	847097	847107
chr1	847568	847578
chr1	847710	847720
chr1	848722	848732
chr1	848858	848868
chr1	849160	849170
chr1	849197	849207
chr1	849276	849286
chr1	849289	849299
chr1	849410	849420
chr1	849643	849653
chr1	849701	849711
chr1	849739	849749
chr1	849959	849969
chr1	850077	850087
chr1	850190	850200
chr1	850353	850363
chr1	850417	850427
chr1	851066	851076
chr1	851823	851833
chr1	851844	851854
chr1	851929	851939
chr1	852042	852052
chr1	852080	852090
chr1	852116	852126
chr1	852386	852396
chr1	852572	852582
chr1	852586	852596
chr1	852652	852662
chr1	852737	852747
chr1	852816	852826
chr1	852996	853006
chr1	853028	853038
chr1	853160	853170
chr1	853190	853200
chr1	853226	853236
chr1	853352	853362
chr1	854359	854369
chr1	854485	854495
chr1	854635	854645
chr1	854654	854664
chr1	854804	854814
chr1	854831	854841
chr1	855060	855070
chr1	855377	855387
chr1	856086	856096
chr1	856192	856202
chr1	856204	856214
chr1	856484	856494
chr1	856714	856724
chr1	857257	857267
chr1	857419	857429
chr1	857474	857484
chr1	857620	857630
chr1	857847	857857
chr1	857961	857971
chr1	858040	858050
chr1	858111	858121
chr1	858236	858246
chr1	858409	858419
chr1	858476	858486
chr1	858724	858734
chr1	858786	858796
chr1	859081	859091
chr1	859125	859135
chr1	859177	859187
chr1	859402	859412
chr1	859893	859903
chr1	859921	859931
chr1	859951	859961
chr1	860752	860762
chr1	860994	861004
chr1	862000	862010
chr1	862281	862291
chr1	862679	862689
chr1	862692	862702
chr1	862999	863009
chr1	863018	863028
chr1	863129	863139
chr1	863549	863559
chr1	864094	864104
chr1	864588	864598
chr1	864748	864758
chr1	864920	864930
chr1	865403	865413
chr1	865563	865573
chr1	865922	865932
chr1	866171	866181
chr1	866235	866245
chr1	866305	866315
chr1	866330	866340
chr1	866388	866398
chr1	866444	866454
chr1	866621	866631
chr1	866956	866966
chr1	867241	867251
chr1	867367	867377
chr1	867432	867442
chr1	867517	867527
chr1	867546	867556
chr1	867771	867781
chr1	867911	867921
chr1	867993	868003
chr1	868140	868150
chr1	868191	868201
chr1	868589	868599
chr1	868732	868742
chr1	869191	869201
chr1	869295	869305
chr1	869349	869359
chr1	869708	869718
chr1	869769	869779
chr1	869878	869888
chr1	869902	869912
chr1	870163	870173
chr1	870240	870250
chr1	870302	870312
chr1	870652	870662
chr1	870899	870909
chr1	871126	871136
chr1	871274	871284
chr1	871304	871314
chr1	871465	871475
chr1	871983	871993
chr1	872135	872145
chr1	872248	872258
chr1	872316	872326
chr1	872347	872357
chr1	872488	872498
chr1	872585	872595
chr1	872752	872762
chr1	873350	873360
chr1	873611	873621
chr1	873973	873983
chr1	874007	874017
chr1	874070	874080
chr1	874094	874104
chr1	874381	874391
chr1	875719	875729
chr1	876085	876095
chr1	876654	876664
chr1	876690	876700
chr1	876727	876737
chr1	877011	877021
chr1	877084	877094
chr1	877145	877155
chr1	877415	877425
chr1	877490	877500
chr1	877540	877550
chr1	877665	877675
chr1	878008	878018
chr1	878864	878874
chr1	879380	879390
chr1	879436	879446
chr1	879459	879469
chr1	879844	879854
chr1	879858	879868
chr1	880488	880498
chr1	880619	880629
chr1	880707	880717
chr1	880982	880992
chr1	881271	881281
chr1	881290	881300
chr1	881524	881534
chr1	881672	881682
chr1	881987	881997
chr1	882138	882148
chr1	882247	882257
chr1	882568	882578
chr1	882597	882607
chr1	882836	882846
chr1	882848	882858
chr1	883294	883304
chr1	883401	883411
chr1	883433	883443
chr1	883524	883534
chr1	883571	883581
chr1	883624	883634
chr1	883666	883676
chr1	884002	884012
chr1	884064	884074
chr1	884187	884197
chr1	884417	884427
chr1	884820	884830
chr1	884961	884971
chr1	885044	885054
chr1	885105	885115
chr1	885246	885256
chr1	885372	885382
chr1	885494	885504
chr1	885594	885604
chr1	886467	886477
chr1	886657	886667
chr1	886974	886984
chr1	887006	887016
chr1	887552	887562
chr1	887701	887711
chr1	887853	887863
chr1	888257	888267
chr1	888274	888284
chr1	888341	888351
chr1	888512	888522
chr1	888983	888993
chr1	889335	889345
chr1	889367	889377
chr1	889581	889591
chr1	890485	890495
chr1	890529	890539
chr1	890549	890559
chr1	890775	890785
chr1	890879	890889
chr1	891051	891061
chr1	891095	891105
chr1	891393	891403
chr1	891434	891444
chr1	891477	891487
chr1	891560	891570
chr1	891919	891929
chr1	892059	892069
chr1	892530	892540
chr1	892899	892909
chr1	893235	893245
chr1	893445	893455
chr1	893987	893997
chr1	894446	894456
chr1	894560	894570
chr1	894742	894752
chr1	894819	894829
chr1	894979	894989
chr1	895245	895255
chr1	895384	895394
chr1	895580	895590
chr1	895705	895715
chr1	896078	896088
chr1	896170	896180
chr1	896210	896220
chr1	896246	896256
chr1	896287	896297
chr1	896418	896428
chr1	896771	896781
chr1	896892	896902
chr1	897086	897096
chr1	897415	897425
chr1	897514	897524
chr1	897582	897592
chr1	897724	897734
chr1	898104	898114
chr1	898474	898484
chr1	898516	898526
chr1	898945	898955
chr1	899076	899086
chr1	899563	899573
chr1	899726	899736
chr1	899904	899914
chr1	900049	900059
chr1	900731	900741
chr1	901101	901111
chr1	901208	901218
chr1	901368	901378
chr1	901484	901494
chr1	901545	901555
chr1	901670	901680
chr1	902217	902227
chr1	902266	902276
chr1	902496	902506
chr1	902652	902662
chr1	902798	902808
chr1	903330	903340
chr1	903418	903428
chr1	903811	903821
chr1	904191	904201
chr1	904240	904250
chr1	904392	904402
chr1	905036	905046
chr1	905048	905058
chr1	905337	905347
chr1	905461	905471
chr1	905472	905482
chr1	905671	905681
chr1	905696	905706
chr1	906055	906065
chr1	906248	906258
chr1	906294	906304
chr1	906379	906389
chr1	906501	906511
chr1	906577	906587
chr1	906683	906693
chr1	907028	907038
chr1	907203	907213
chr1	907404	907414
chr1	907516	907526
chr1	907668	907678
chr1	908057	908067
chr1	908344	908354
chr1	908663	908673
chr1	908680	908690
chr1	908691	908701
chr1	909079	909089
chr1	909337	909347
chr1	909409	909419
chr1	909552	909562
chr1	909774	909784
chr1	909969	909979
chr1	910808	910818
chr1	911264	911274
chr1	912068	912078
chr1	912142	912152
chr1	912225	912235
chr1	912305	912315
chr1	912421	912431
chr1	912650	912660
chr1	912697	912707
chr1	912787	912797
chr1	912931	912941
chr1	913007	913017
chr1	913312	913322
chr1	913914	913924
chr1	914138	914148
chr1	914178	914188
chr1	914209	914219
chr1	914279	914289
chr1	914383	914393
chr1	914591	914601
chr1	914833	914843
chr1	915351	915361
chr1	915492	915502
chr1	915639	915649
chr1	915663	915673
chr1	915723	915733
chr1	916221	916231
chr1	916255	916265
chr1	916598	916608
chr1	917211	917221
chr1	917314	917324
chr1	917355	917365
chr1	917433	917443
chr1	917567	917577
chr1	917742	917752
chr1	917988	917998
chr1	918946	918956
chr1	919224	919234
chr1	919246	919256
chr1	919543	919553
chr1	919559	919569
chr1	920073	920083
chr1	920179	920189
chr1	920408	920418
chr1	920506	920516
chr1	920827	920837
chr1	921153	921163
chr1	921268	921278
chr1	921345	921355
chr1	921438	921448
chr1	921553	921563
chr1	921767	921777
chr1	921989	921999
chr1	922074	922084
chr1	922378	922388
chr1	922520	922530
chr1	922688	922698
chr1	923007	923017
chr1	923088	923098
chr1	923209	923219
chr1	923893	923903
chr1	924765	924775
chr1	924837	924847
chr1	925088	925098
chr1	925195	925205
chr1	925696	925706
chr1	925810	925820
chr1	925832	925842
chr1	925954	925964
chr1	926034	926044
chr1	926058	926068
chr1	926099	926109
chr1	926162	926172
chr1	926277	926287
chr1	926516	926526
chr1	926693	926703
chr1	927159	927169
chr1	927289	927299
chr1	927304	927314
chr1	927370	927380
chr1	927657	927667
chr1	928043	928053
chr1	928094	928104
chr1	928115	928125
chr1	928643	928653
chr1	928858	928868
chr1	928993	929003
chr1	930173	930183
chr1	930260	930270
chr1	930630	930640
chr1	930681	930691
chr1	930963	930973
chr1	931830	931840
chr1	932068	932078
chr1	932389	932399
chr1	932469	932479
chr1	932564	932574
chr1	932797	932807
chr1	932973	932983
chr1	933004	933014
chr1	933033	933043
chr1	933244	933254
chr1	933339	933349
chr1	933351	933361
chr1	933468	933478
chr1	933909	933919
chr1	934136	934146
chr1	934246	934256
chr1	934474	934484
chr1	934530	934540
chr1	934550	934560
chr1	934820	934830
chr1	935010	935020
chr1	935428	935438
chr1	935885	935895
chr1	935900	935910
chr1	935924	935934
chr1	936228	936238
chr1	936253	936263
chr1	936300	936310
chr1	936595	936605
chr1	937402	937412
chr1	937815	937825
chr1	937894	937904
chr1	938099	938109
chr1	938155	938165
chr1	938962	938972
chr1	939107	939117
chr1	939369	939379
chr1	939388	939398
chr1	939415	939425
chr1	939515	939525
chr1	939611	939621
chr1	939630	939640
chr1	939674	939684
chr1	939839	939849
chr1	940726	940736
chr1	940938	940948
chr1	941240	941250
chr1	941420	941430
chr1	941451	941461
chr1	941603	941613
chr1	941730	941740
chr1	941956	941966
chr1	942441	942451
chr1	942684	942694
chr1	943257	943267
chr1	943311	943321
chr1	943361	943371
chr1	943417	943427
chr1	943627	943637
chr1	943692	943702
chr1	943868	943878
chr1	943916	943926
chr1	944136	944146
chr1	944177	944187
chr1	944256	944266
chr1	944421	944431
chr1	944518	944528
chr1	945071	945081
chr1	945681	945691
chr1	945721	945731
chr1	946137	946147
chr1	946179	946189
chr1	946281	946291
chr1	946304	946314
chr1	946606	946616
chr1	946892	946902
chr1	947156	947166
chr1	947538	947548
chr1	948088	948098
chr1	948251	948261
chr1	948284	948294
chr1	948579	948589
chr1	948729	948739
chr1	948816	948826
chr1	948848	948858
chr1	949945	949955
chr1	950042	950052
chr1	950128	950138
chr1	950149	950159
chr1	950421	950431
chr1	950469	950479
chr1	950597	950607
chr1	950647	950657
chr1	950808	950818
chr1	950945	950955
chr1	951343	951353
chr1	951709	951719
chr1	951958	951968
chr1	952062	952072
chr1	952281	952291
chr1	953174	953184
chr1	953226	953236
chr1	953414	953424
chr1	953621	953631
chr1	953640	953650
chr1	953739	953749
chr1	953973	953983
chr1	954026	954036
chr1	954122	954132
chr1	954590	954600
chr1	954617	954627
chr1	954738	954748
chr1	954902	954912
chr1	954920	954930
chr1	954979	954989
chr1	955012	955022
chr1	955184	955194
chr1	955270	955280
chr1	955569	955579
chr1	955587	955597
chr1	955633	955643
chr1	955834	955844
chr1	955948	955958
chr1	956175	956185
chr1	956311	956321
chr1	956509	956519
chr1	956640	956650
chr1	956713	956723
chr1	957262	957272
chr1	957380	957390
chr1	957615	957625
chr1	957836	957846
chr1	957945	957955
chr1	958408	958418
chr1	958631	958641
chr1	958662	958672
chr1	959406	959416
chr1	959438	959448
chr1	959473	959483
chr1	959532	959542
chr1	960081	960091
chr1	960204	960214
chr1	960291	960301
chr1	960654	960664
chr1	960751	960761
chr1	960859	960869
chr1	960924	960934
chr1	961228	961238
chr1	961243	961253
chr1	961520	961530
chr1	961624	961634
chr1	961794	961804
chr1	961869	961879
chr1	962276	962286
chr1	962395	962405
chr1	962449	962459
chr1	962569	962579
chr1	962622	962632
chr1	962811	962821
chr1	962844	962854
chr1	962941	962951
chr1	963281	963291
chr1	963356	963366
chr1	963896	963906
chr1	964278	964288
chr1	964545	964555
chr1	964645	964655
chr1	964856	964866
chr1	964932	964942
chr1	965025	965035
chr1	965245	965255
chr1	965429	965439
chr1	965563	965573
chr1	965662	965672
chr1	966111	966121
chr1	966688	966698
chr1	966773	966783
chr1	966817	966827
chr1	967360	967370
chr1	967467	967477
chr1	967922	967932
chr1	968294	968304
chr1	968378	968388
chr1	968433	968443
chr1	968797	968807
chr1	968875	968885
chr1	969203	969213
chr1	969410	969420
chr1	969492	969502
chr1	970147	970157
chr1	970194	970204
chr1	970261	970271
chr1	970773	970783
chr1	970850	970860
chr1	970954	970964
chr1	970977	970987
chr1	971097	971107
chr1	971408	971418
chr1	971854	971864
chr1	971957	971967
chr1	972540	972550
chr1	972559	972569
chr1	972783	972793
chr1	972840	972850
chr1	972865	972875
chr1	972927	972937
chr1	972945	972955
chr1	974002	974012
chr1	974204	974214
chr1	974607	974617
chr1	974663	974673
chr1	974785	974795
chr1	974825	974835
chr1	974928	974938
chr1	975018	975028
chr1	975186	975196
chr1	975292	975302
chr1	975554	975564
chr1	975756	975766
chr1	975900	975910
chr1	975938	975948
chr1	976298	976308
chr1	976651	976661
chr1	976690	976700
chr1	976914	976924
chr1	977137	977147
chr1	977313	977323
chr1	977424	977434
chr1	977502	977512
chr1	977642	977652
chr1	977844	977854
chr1	977925	977935
chr1	977958	977968
chr1	978027	978037
chr1	978119	978129
chr1	978192	978202
chr1	978557	978567
chr1	978677	978687
chr1	978865	978875
chr1	979103	979113
chr1	979526	979536
chr1	980007	980017
chr1	980475	980485
chr1	981041	981051
chr1	981374	981384
chr1	981386	981396
chr1	981564	981574
chr1	982008	982018
chr1	982447	982457
chr1	982693	982703
chr1	982744	982754
chr1	983161	983171
chr1	983444	983454
chr1	983628	983638
chr1	983654	983664
chr1	983737	983747
chr1	983969	983979
chr1	984046	984056
chr1	984208	984218
chr1	984226	984236
chr1	984314	984324
chr1	984547	984557
chr1	984646	984656
chr1	985209	985219
chr1	985533	985543
chr1	985580	985590
chr1	985652	985662
chr1	985775	985785
chr1	985890	985900
chr1	986042	986052
chr1	986256	986266
chr1	986403	986413
chr1	986468	986478
chr1	986609	986619
chr1	986760	986770
chr1	986784	986794
chr1	986940	986950
chr1	987096	987106
chr1	987990	988000
chr1	988301	988311
chr1	988412	988422
chr1	989400	989410
chr1	989878	989888
chr1	989894	989904
chr1	990029	990039
chr1	990282	990292
chr1	990581	990591
chr1	990608	990618
chr1	990621	990631
chr1	991239	991249
chr1	992282	992292
chr1	992477	992487
chr1	992560	992570
chr1	993136	993146
chr1	993355	993365
chr1	993507	993517
chr1	993776	993786
chr1	994003	994013
chr1	994159	994169
chr1	994208	994218
chr1	994259	994269
chr1	994325	994335
chr1	994357	994367
chr1	994417	994427
chr1	994575	994585
chr1	994595	994605
chr1	994750	994760
chr1	994956	994966
chr1	995069	995079
chr1	995544	995554
chr1	995676	995686
chr1	995820	995830
chr1	996558	996568
chr1	996657	996667
chr1	996793	996803
chr1	996820	996830
chr1	997273	997283
chr1	997474	997484
chr1	997639	997649
chr1	997794	997804
chr1	997873	997883
chr1	998098	998108
chr1	998179	998189
chr1	998303	998313
chr1	998579	998589
chr1	999020	999030
chr1	999430	999440
chr1	999486	999496
chr1	999672	999682
chr1	999710	999720
chr1	999733	999743
chr1	999966	999976
