label	method	mean
g01_0	direct_eigen	-0.014861250764219402
g01_0	dp/10	-0.23529829045775985
g01_0	dp/100	-0.2257910620696748
g01_0	dp/1000	17.208725381817878
g01_1	direct_eigen	0.00993874923578808
g01_1	dp/10	-0.21049829045775947
g01_1	dp/100	-0.1935005086097168
g01_1	dp/1000	17.393016244192598
g01_2	direct_eigen	0.020238749235784503
g01_2	dp/10	-0.2001982904577595
g01_2	dp/100	-0.19020905585337955
g01_2	dp/1000	17.086849878588147
g01_3	direct_eigen	0.0023387492357858086
g01_3	dp/10	-0.21809829045775908
g01_3	dp/100	-0.20207009310036472
g01_3	dp/1000	17.21011356679839
g01_4	direct_eigen	0.021438749235787924
g01_4	dp/10	-0.19899829045775963
g01_4	dp/100	-0.16933251072928046
g01_4	dp/1000	17.324450232401315
g01_5	direct_eigen	-0.018761250764212978
g01_5	dp/10	-0.23919829045776053
g01_5	dp/100	-0.23473909130179393
g01_5	dp/1000	17.063437424603073
g01_6	direct_eigen	-0.007361250764212013
g01_6	dp/10	-0.22779829045775957
g01_6	dp/100	-0.22069859493256194
g01_6	dp/1000	17.137425182288386
g01_7	direct_eigen	-0.009361250764211793
g01_7	dp/10	-0.22979829045775935
g01_7	dp/100	-0.22390065442764673
g01_7	dp/1000	17.01063880329372
g01_8	direct_eigen	0.005738749235788543
g01_8	dp/10	-0.21469829045775946
g01_8	dp/100	-0.20567386625349204
g01_8	dp/1000	17.166235350545467
g01_9	direct_eigen	-0.009661250764215978
g01_9	dp/10	-0.23009829045776087
g01_9	dp/100	-0.20848718766019214
g01_9	dp/1000	17.103781729034804
g02_0	direct_eigen	0.05189226541445535
g02_0	dp/10	-1.713036639235014
g02_0	dp/100	-1.2867744920010153
g02_0	dp/1000	27.974343000000005
g02_1	direct_eigen	-0.004407734585551992
g02_1	dp/10	-1.7693366392350214
g02_1	dp/100	-1.3648835063069633
g02_1	dp/1000	27.927946
g02_2	direct_eigen	-0.01800773458555227
g02_2	dp/10	-1.7829366392350146
g02_2	dp/100	-1.4136166120286298
g02_2	dp/1000	27.914346000000005
g02_3	direct_eigen	0.021492265414455147
g02_3	dp/10	-1.7434366392350142
g02_3	dp/100	-1.3958032577974038
g02_3	dp/1000	27.854996
g02_4	direct_eigen	0.0016922654144408966
g02_4	dp/10	-1.7632366392350285
g02_4	dp/100	-1.3520807771157308
g02_4	dp/1000	27.973695999999986
g02_5	direct_eigen	-0.016307734585545575
g02_5	dp/10	-1.781236639235015
g02_5	dp/100	-1.3633691360028806
g02_5	dp/1000	27.856690000000004
g02_6	direct_eigen	0.041392265414454954
g02_6	dp/10	-1.7235366392350144
g02_6	dp/100	-1.335826985243358
g02_6	dp/1000	27.914390000000004
g02_7	direct_eigen	0.006892265414453647
g02_7	dp/10	-1.7580366392350122
g02_7	dp/100	-1.3703269852433557
g02_7	dp/1000	27.909551000000004
g02_8	direct_eigen	0.04209226541446398
g02_8	dp/10	-1.7228366392350232
g02_8	dp/100	-1.3418184714435597
g02_8	dp/1000	27.964542999999995
g02_9	direct_eigen	-0.031307734585521274
g02_9	dp/10	-1.7962366392350155
g02_9	dp/100	-1.420234820961241
g02_9	dp/1000	27.851572
g03_0	direct_eigen	0.00016220033663216782
g03_0	dp/10	-49.9991
g03_0	dp/100	-0.001100000000000989
g03_0	dp/1000	0.0009000000000014552
g03_1	direct_eigen	0.00016220033663216782
g03_1	dp/10	-49.9991
g03_1	dp/100	-0.0020999999999986585
g03_1	dp/1000	0.0009000000000014552
g03_2	direct_eigen	0.00036220033660328
g03_2	dp/10	-49.9989
g03_2	dp/100	0.00010000000000331966
g03_2	dp/1000	0.001100000000000989
g03_3	direct_eigen	-0.0003377996633986413
g03_3	dp/10	-49.9996
g03_3	dp/100	-0.002600000000001046
g03_3	dp/1000	0.00039999999999906777
g03_4	direct_eigen	-0.00013779966337068572
g03_4	dp/10	-49.9994
g03_4	dp/100	-0.0014000000000038426
g03_4	dp/1000	0.0005999999999986017
g03_5	direct_eigen	-3.7799663367366065e-05
g03_5	dp/10	-49.9993
g03_5	dp/100	-0.001300000000000523
g03_5	dp/1000	0.0007000000000019213
g03_6	direct_eigen	-0.00013779966337068572
g03_6	dp/10	-49.9994
g03_6	dp/100	-0.0033999999999991815
g03_6	dp/1000	0.0005999999999986017
g03_7	direct_eigen	6.220033662884816e-05
g03_7	dp/10	-49.9992
g03_7	dp/100	-0.0012000000000043087
g03_7	dp/1000	0.0007999999999981355
g03_8	direct_eigen	0.00036220033660328
g03_8	dp/10	-49.9989
g03_8	dp/100	0.001100000000000989
g03_8	dp/1000	0.001100000000000989
g03_9	direct_eigen	0.00046220033663502136
g03_9	dp/10	-49.998799999999996
g03_9	dp/100	0.0012000000000043087
g03_9	dp/1000	0.0012000000000043087
g04_0	direct_eigen	-0.006407936838397188
g04_0	dp/10	-0.02881099668122622
g04_0	dp/100	-0.2533000158304175
g04_0	dp/1000	1.996700621576135
g04_1	direct_eigen	-7.936838397171186e-06
g04_1	dp/10	-0.022410940011280522
g04_1	dp/100	-0.2469000158304174
g04_1	dp/1000	1.9613119327128037
g04_2	direct_eigen	-0.00440793683839702
g04_2	dp/10	-0.026810884798386336
g04_2	dp/100	-0.2513000158304173
g04_2	dp/1000	1.9472800889616437
g04_3	direct_eigen	0.005992063161602779
g04_3	dp/10	-0.01641041751013128
g04_3	dp/100	-0.2409000158304175
g04_3	dp/1000	2.0091006215761347
g04_4	direct_eigen	0.006292063161602857
g04_4	dp/10	-0.01611088479838646
g04_4	dp/100	-0.24060001583041737
g04_4	dp/1000	1.9821988313999304
g04_5	direct_eigen	-0.0007079368383972051
g04_5	dp/10	-0.02311088479838641
g04_5	dp/100	-0.24760001583041732
g04_5	dp/1000	1.985021251587236
g04_6	direct_eigen	0.0022920631616026865
g04_6	dp/10	-0.020110855804119088
g04_6	dp/100	-0.24460001583041743
g04_6	dp/1000	1.9660291724069343
g04_7	direct_eigen	-0.004007936838396953
g04_7	dp/10	-0.026410417510130957
g04_7	dp/100	-0.2509000158304172
g04_7	dp/1000	1.9597291724069348
g04_8	direct_eigen	0.0010920631616028187
g04_8	dp/10	-0.021310884798386553
g04_8	dp/100	-0.24580001583041747
g04_8	dp/1000	2.004200621576135
g04_9	direct_eigen	0.008592063161602825
g04_9	dp/10	-0.013810884798386547
g04_9	dp/100	-0.23830001583041746
g04_9	dp/1000	1.9771829407463577
g05_0	direct_eigen	0.029048527363256582
g05_0	dp/10	-0.19077756470486218
g05_0	dp/100	-2.383200737791455
g05_0	dp/1000	15.475106531172333
g05_1	direct_eigen	0.01614852736325645
g05_1	dp/10	-0.20367716102486266
g05_1	dp/100	-2.3961007377914543
g05_1	dp/1000	15.57891857052693
g05_2	direct_eigen	0.018548519034552235
g05_2	dp/10	-0.20127822928700567
g05_2	dp/100	-2.393700737791457
g05_2	dp/1000	15.547838852416058
g05_3	direct_eigen	-0.03415147263669738
g05_3	dp/10	-0.2539765846460309
g05_3	dp/100	-2.446400737791458
g05_3	dp/1000	15.46176367544313
g05_4	direct_eigen	0.016448527363205123
g05_4	dp/10	-0.20337738957982854
g05_4	dp/100	-2.395800737791456
g05_4	dp/1000	15.54573885241606
g05_5	direct_eigen	-0.017551472636692544
g05_5	dp/10	-0.23737822928700503
g05_5	dp/100	-2.4298007377914566
g05_5	dp/1000	15.748446009760503
g05_6	direct_eigen	-0.026251472636692696
g05_6	dp/10	-0.24607822928700518
g05_6	dp/100	-2.4385007377914567
g05_6	dp/1000	15.436398762979454
g05_7	direct_eigen	-0.012351472636694005
g05_7	dp/10	-0.2321782292870056
g05_7	dp/100	-2.424600737791457
g05_7	dp/1000	15.634610363016805
g05_8	direct_eigen	-0.013151472636691253
g05_8	dp/10	-0.23297823928700545
g05_8	dp/100	-2.425400737791457
g05_8	dp/1000	15.466117287078632
g05_9	direct_eigen	0.005848527363256473
g05_9	dp/10	-0.2139758142738124
g05_9	dp/100	-2.406400737791456
g05_9	dp/1000	15.551862051716183
g06_0	direct_eigen	-0.036013211533877154
g06_0	dp/10	-1.3931144603999996
g06_0	dp/100	-15.792799830812822
g06_0	dp/1000	9.207199999999993
g06_1	direct_eigen	-0.014713211533646131
g06_1	dp/10	-1.3718151762300081
g06_1	dp/100	-15.771499830812818
g06_1	dp/1000	9.228499999999997
g06_2	direct_eigen	-0.037713211533876745
g06_2	dp/10	-1.3948157975200033
g06_2	dp/100	-15.794499830812821
g06_2	dp/1000	9.205499999999994
g06_3	direct_eigen	-0.007013211533191566
g06_3	dp/10	-1.3640729682700012
g06_3	dp/100	-15.763799830812818
g06_3	dp/1000	9.226202
g06_4	direct_eigen	0.04958678846613651
g06_4	dp/10	-1.3085537190500034
g06_4	dp/100	-15.707199830812822
g06_4	dp/1000	9.282801999999997
g06_5	direct_eigen	-0.03091321153386417
g06_5	dp/10	-1.3880155604899898
g06_5	dp/100	-15.787699830812809
g06_5	dp/1000	9.212300000000006
g06_6	direct_eigen	0.04558678846613162
g06_6	dp/10	-1.3115109027400038
g06_6	dp/100	-15.711199830812813
g06_6	dp/1000	9.288800000000002
g06_7	direct_eigen	0.014786788466139456
g06_7	dp/10	-1.3423128875599986
g06_7	dp/100	-15.741999830812805
g06_7	dp/1000	9.25800000000001
g06_8	direct_eigen	-0.0050132115338570316
g06_8	dp/10	-1.362115796409995
g06_8	dp/100	-15.761799830812809
g06_8	dp/1000	9.238200000000006
g06_9	direct_eigen	0.008186788466126416
g06_9	dp/10	-1.348915796509992
g06_9	dp/100	-15.748599830812811
g06_9	dp/1000	9.251400000000004
g07_0	direct_eigen	-0.0038560100845383416
g07_0	dp/10	-0.005835829975937845
g07_0	dp/100	-0.028375481903123
g07_0	dp/1000	-0.03253694191914688
g07_1	direct_eigen	0.00020487292546028657
g07_1	dp/10	6.687335143318318e-05
g07_1	dp/100	-0.022474335279170587
g07_1	dp/1000	-0.022700497887993498
g07_2	direct_eigen	0.008644181499561476
g07_2	dp/10	0.006664149517000062
g07_2	dp/100	-0.015875537998999933
g07_2	dp/1000	-0.01930872158011912
g07_3	direct_eigen	-0.011904729783823342
g07_3	dp/10	-0.013835885638047385
g07_3	dp/100	-0.03637613411928625
g07_3	dp/1000	-0.03660049788799352
g07_4	direct_eigen	0.00424418150107958
g07_4	dp/10	0.002264242926044102
g07_4	dp/100	-0.020275280160601983
g07_4	dp/1000	-0.02516114779717399
g07_5	direct_eigen	-0.0008688056089392049
g07_5	dp/10	-0.002835357351959944
g07_5	dp/100	-0.025375424752170028
g07_5	dp/1000	-0.026844048925042968
g07_6	direct_eigen	-0.0014468912982361082
g07_6	dp/10	-0.003036026519616597
g07_6	dp/100	-0.025575402072442244
g07_6	dp/1000	-0.02729090347005278
g07_7	direct_eigen	-0.008914164475085418
g07_7	dp/10	-0.01003544774502596
g07_7	dp/100	-0.03257520512295847
g07_7	dp/1000	-0.032800497887993496
g07_8	direct_eigen	-0.00441250017098227
g07_8	dp/10	-0.004929467862209935
g07_8	dp/100	-0.027471398714409012
g07_8	dp/1000	-0.027700497887993447
g07_9	direct_eigen	0.008677935959924665
g07_9	dp/10	0.006764286726546664
g07_9	dp/100	-0.015776061893497006
g07_9	dp/1000	-0.018720578984100428
g08_0	direct_eigen	-0.02637302173153655
g08_0	dp/10	-0.04431306380222866
g08_0	dp/100	-0.2691588798234452
g08_0	dp/1000	-0.29114201616492297
g08_1	direct_eigen	-0.016021887899697163
g08_1	dp/10	-0.034113865630794216
g08_1	dp/100	-0.2589589401275325
g08_1	dp/1000	-0.2610993784238653
g08_2	direct_eigen	0.00643179765978541
g08_2	dp/10	-0.013412513788635394
g08_2	dp/100	-0.23825771697932563
g08_2	dp/1000	-0.24039937842386472
g08_3	direct_eigen	-0.02923445840312988
g08_3	dp/10	-0.049112883934601115
g08_3	dp/100	-0.273958480560875
g08_3	dp/1000	-0.276099378423865
g08_4	direct_eigen	0.0005654164845450005
g08_4	dp/10	-0.01931714456299627
g08_4	dp/100	-0.24415871807480016
g08_4	dp/1000	-0.2905040938608434
g08_5	direct_eigen	-0.001882798199858815
g08_5	dp/10	-0.01796177592229098
g08_5	dp/100	-0.24112773420406253
g08_5	dp/1000	-0.19149904908303217
g08_6	direct_eigen	-0.04213445841398178
g08_6	dp/10	-0.06201268137698657
g08_6	dp/100	-0.28685823937735533
g08_6	dp/1000	-0.3112990490830314
g08_7	direct_eigen	-0.025134458402071846
g08_7	dp/10	-0.0450117800445442
g08_7	dp/100	-0.2698588894701741
g08_7	dp/1000	-0.27199937842386523
g08_8	direct_eigen	-0.012334458408642668
g08_8	dp/10	-0.03221414257418642
g08_8	dp/100	-0.2570582309944385
g08_8	dp/1000	-0.25919937842386487
g08_9	direct_eigen	0.006265541407761255
g08_9	dp/10	-0.01361255224232183
g08_9	dp/100	-0.23845806002381265
g08_9	dp/1000	-0.2405993784238647
g09_0	direct_eigen	-0.04481899380131438
g09_0	dp/10	-0.24735144913481832
g09_0	dp/100	-2.3911417662316374
g09_0	dp/1000	-2.625390471744552
g09_1	direct_eigen	-0.04011901119265815
g09_1	dp/10	-0.24265444954282955
g09_1	dp/100	-2.3864425737194317
g09_1	dp/1000	-2.669705965676176
g09_2	direct_eigen	-0.061318993801318555
g09_2	dp/10	-0.2638517880356481
g09_2	dp/100	-2.4076430684191052
g09_2	dp/1000	-2.418899274599589
g09_3	direct_eigen	-0.1807152679394548
g09_3	dp/10	-0.26179403943138624
g09_3	dp/100	-2.3870407725657827
g09_3	dp/1000	-2.4317992745995802
g09_4	direct_eigen	-0.029040861081337965
g09_4	dp/10	-0.2249048424178639
g09_4	dp/100	-2.3577951717597045
g09_4	dp/1000	-2.4844421463722774
g09_5	direct_eigen	-0.011093777079874911
g09_5	dp/10	-0.21399991922477213
g09_5	dp/100	-2.3575623745322183
g09_5	dp/1000	-2.3685992745995925
g09_6	direct_eigen	0.43388100449014644
g09_6	dp/10	-0.0317807548522282
g09_6	dp/100	-1.905553797499028
g09_6	dp/1000	-2.3657421463722734
g09_7	direct_eigen	0.023281006198690335
g09_7	dp/10	-0.17925314025741912
g09_7	dp/100	-2.3230451175238294
g09_7	dp/1000	-2.3342992745995836
g09_8	direct_eigen	-0.061385073405514134
g09_8	dp/10	-0.2569042797200396
g09_8	dp/100	-2.4035239263088712
g09_8	dp/1000	-2.8342958486577885
g09_9	direct_eigen	0.034377411158295956
g09_9	dp/10	-0.16819187833878502
g09_9	dp/100	-2.311947285433643
g09_9	dp/1000	-2.323199274599588
g10_0	direct_eigen	-0.02181250761584863
g10_0	dp/10	-2.2261878024328965
g10_0	dp/100	-2.198385651988282
g10_0	dp/1000	171.42605607362952
g10_1	direct_eigen	0.027387492384225
g10_1	dp/10	-2.176987802432894
g10_1	dp/100	-2.0963640362367713
g10_1	dp/1000	171.47525607362954
g10_2	direct_eigen	-0.011912507615413404
g10_2	dp/10	-2.2162878024328982
g10_2	dp/100	-2.164504992840989
g10_2	dp/1000	170.4985878356514
g10_3	direct_eigen	0.01748749238407754
g10_3	dp/10	-2.1868878024328957
g10_3	dp/100	-2.1014535020043184
g10_3	dp/1000	171.62245205495742
g10_4	direct_eigen	-0.0551125076156076
g10_4	dp/10	-2.259487802432904
g10_4	dp/100	-2.174053502004327
g10_4	dp/1000	172.97501314457324
g10_5	direct_eigen	0.04048749238448224
g10_5	dp/10	-2.1638878024329102
g10_5	dp/100	-2.0928876125799896
g10_5	dp/1000	170.0856121553258
g10_6	direct_eigen	0.009287492384196128
g10_6	dp/10	-2.195087802432898
g10_6	dp/100	-2.0927867690948077
g10_6	dp/1000	171.3003100487622
g10_7	direct_eigen	-0.0021125076156565115
g10_7	dp/10	-2.2064878024328998
g10_7	dp/100	-2.135487612579979
g10_7	dp/1000	171.60285205495742
g10_8	direct_eigen	-0.022512507615829236
g10_8	dp/10	-2.2268878024328913
g10_8	dp/100	-2.1703011063476794
g10_8	dp/1000	172.8482507230079
g10_9	direct_eigen	0.012387492384103638
g10_9	dp/10	-2.1919878024328945
g10_9	dp/100	-2.106553502004317
g10_9	dp/1000	171.93229515322207
g11_0	direct_eigen	0.04642265286827296
g11_0	dp/10	-218.24149999999997
g11_0	dp/100	-14.093209048409506
g11_0	dp/1000	278.3814642
g11_1	direct_eigen	0.1309226539461008
g11_1	dp/10	-218.15700000000004
g11_1	dp/100	-13.925320329094149
g11_1	dp/1000	279.05859219999996
g11_2	direct_eigen	-0.03397734605181313
g11_2	dp/10	-218.3219
g11_2	dp/100	-13.939948020685875
g11_2	dp/1000	278.89369220000003
g11_3	direct_eigen	0.03402265394782944
g11_3	dp/10	-218.25390000000016
g11_3	dp/100	-14.07226224478768
g11_3	dp/1000	279.0606023999999
g11_4	direct_eigen	0.20222265394605188
g11_4	dp/10	-218.08569999999992
g11_4	dp/100	-13.987407348146519
g11_4	dp/1000	279.3277519000001
g11_5	direct_eigen	-0.06507734605179394
g11_5	dp/10	-218.35299999999992
g11_5	dp/100	-13.367761652069163
g11_5	dp/1000	277.9741801000001
g11_6	direct_eigen	-0.10257734605170299
g11_6	dp/10	-218.39049999999997
g11_6	dp/100	-13.455668232390764
g11_6	dp/1000	278.92400240000006
g11_7	direct_eigen	0.13692265394664105
g11_7	dp/10	-218.15099999999993
g11_7	dp/100	-14.567937269727878
g11_7	dp/1000	279.0645922000001
g11_8	direct_eigen	0.11182265394751312
g11_8	dp/10	-218.17610000000002
g11_8	dp/100	-13.308444322099518
g11_8	dp/1000	279.63353659999996
g11_9	direct_eigen	-0.04137734605203036
g11_9	dp/10	-218.32929999999993
g11_9	dp/100	-14.130980266821382
g11_9	dp/1000	278.39233800000005
g12_0	direct_eigen	0.00012200361032910223
g12_0	dp/10	-499.99249999999995
g12_0	dp/100	-499.99249999999995
g12_0	dp/1000	0.007500000000050022
g12_1	direct_eigen	0.00022200360689339504
g12_1	dp/10	-499.99240000000003
g12_1	dp/100	-499.99240000000003
g12_1	dp/1000	0.007599999999968077
g12_2	direct_eigen	-0.0001779963922672323
g12_2	dp/10	-499.99280000000005
g12_2	dp/100	-499.99280000000005
g12_2	dp/1000	0.007199999999954798
g12_3	direct_eigen	0.0007220036108037675
g12_3	dp/10	-499.9919
g12_3	dp/100	-499.9919
g12_3	dp/1000	0.008100000000013097
g12_4	direct_eigen	0.00012200360976066804
g12_4	dp/10	-499.99249999999995
g12_4	dp/100	-499.99249999999995
g12_4	dp/1000	0.007500000000050022
g12_5	direct_eigen	0.00032200360971046393
g12_5	dp/10	-499.9923
g12_5	dp/100	-499.9923
g12_5	dp/1000	0.007699999999999818
g12_6	direct_eigen	-0.001377996390374392
g12_6	dp/10	-499.994
g12_6	dp/100	-499.994
g12_6	dp/1000	0.005999999999971806
g12_7	direct_eigen	-7.799639223549093e-05
g12_7	dp/10	-499.9927
g12_7	dp/100	-499.9927
g12_7	dp/1000	0.0072999999999865395
g12_8	direct_eigen	2.2003607284659665e-05
g12_8	dp/10	-499.9926
g12_8	dp/100	-499.9926
g12_8	dp/1000	0.007400000000018281
g12_9	direct_eigen	0.00032200360942624684
g12_9	dp/10	-499.9923
g12_9	dp/100	-499.9923
g12_9	dp/1000	0.007699999999999818
g13_0	direct_eigen	0.000820416884177888
g13_0	dp/10	-0.2232052543796632
g13_0	dp/100	-2.468100737791457
g13_0	dp/1000	15.641958090103326
g13_1	direct_eigen	0.006320631615939654
g13_1	dp/10	-0.21770550915224707
g13_1	dp/100	-2.4626007377914574
g13_1	dp/1000	15.664462729617238
g13_2	direct_eigen	-0.002479368384088687
g13_2	dp/10	-0.22650505470864868
g13_2	dp/100	-2.4714007377914573
g13_2	dp/1000	15.486862051716182
g13_3	direct_eigen	-0.048190403207996724
g13_3	dp/10	-0.2722062318680525
g13_3	dp/100	-2.5171007377914574
g13_3	dp/1000	15.508351473700001
g13_4	direct_eigen	0.01092063161594048
g13_4	dp/10	-0.21310495585135847
g13_4	dp/100	-2.4580007377914566
g13_4	dp/1000	15.433517287078631
g13_5	direct_eigen	-0.034479368384356945
g13_5	dp/10	-0.25850648374142793
g13_5	dp/100	-2.5034007377914564
g13_5	dp/1000	15.454862051716184
g13_6	direct_eigen	0.006720570863027575
g13_6	dp/10	-0.21730543092521337
g13_6	dp/100	-2.4622007377914557
g13_6	dp/1000	15.580118874701284
g13_7	direct_eigen	0.010020631615931919
g13_7	dp/10	-0.21400679499088238
g13_7	dp/100	-2.4589007377914562
g13_7	dp/1000	15.600310363016806
g13_8	direct_eigen	0.020420628759884707
g13_8	dp/10	-0.2036059643689372
g13_8	dp/100	-2.4485007377914556
g13_8	dp/1000	15.593818874701284
g13_9	direct_eigen	0.02041501420635683
g13_9	dp/10	-0.20360653745990653
g13_9	dp/100	-2.4485007377914556
g13_9	dp/1000	15.459663675443132
g14_0	direct_eigen	0.0873852730844007
g14_0	dp/10	-2.1108704723023166
g14_0	dp/100	-24.035100429683144
g14_0	dp/1000	156.0510364106142
g14_1	direct_eigen	0.010885274084991181
g14_1	dp/10	-2.1873730116407515
g14_1	dp/100	-24.111600429683147
g14_1	dp/1000	155.9745364106142
g14_2	direct_eigen	0.020351881535660254
g14_2	dp/10	-2.1778730646824798
g14_2	dp/100	-24.10210042968316
g14_2	dp/1000	155.4805533599641
g14_3	direct_eigen	-0.029452240728844004
g14_3	dp/10	-2.2276718381912417
g14_3	dp/100	-24.151900429683142
g14_3	dp/1000	154.92973164048541
g14_4	direct_eigen	-0.004514725912507345
g14_4	dp/10	-2.2027720754862727
g14_4	dp/100	-24.12700042968316
g14_4	dp/1000	155.28837128653012
g14_5	direct_eigen	0.034485243147251765
g14_5	dp/10	-2.1637714595105493
g14_5	dp/100	-24.088000429683174
g14_5	dp/1000	155.49465335996408
g14_6	direct_eigen	-0.006214725911313224
g14_6	dp/10	-2.2044705910725426
g14_6	dp/100	-24.128700429683168
g14_6	dp/1000	156.9718766986702
g14_7	direct_eigen	0.10228527408460053
g14_7	dp/10	-2.095968423007143
g14_7	dp/100	-24.02020042968314
g14_7	dp/1000	155.0614316404854
g14_8	direct_eigen	0.08526122042069062
g14_8	dp/10	-2.112973724039257
g14_8	dp/100	-24.03720042968317
g14_8	dp/1000	153.8848774913218
g14_9	direct_eigen	-0.021119187596433164
g14_9	dp/10	-2.2182731846640706
g14_9	dp/100	-24.14250042968315
g14_9	dp/1000	155.4401533599641
g15_0	direct_eigen	-0.09723211733125936
g15_0	dp/10	-407.66509999999977
g15_0	dp/100	-157.6651010225159
g15_0	dp/1000	92.33490000000023
g15_1	direct_eigen	-0.03203216792172725
g15_1	dp/10	-407.59989999999993
g15_1	dp/100	-157.59990102251606
g15_1	dp/1000	92.40010000000007
g15_2	direct_eigen	0.010967882650447791
g15_2	dp/10	-407.5569
g15_2	dp/100	-157.55690102251612
g15_2	dp/1000	92.44310000000002
g15_3	direct_eigen	-0.18293212963453698
g15_3	dp/10	-407.7508000000001
g15_3	dp/100	-157.7508010225162
g15_3	dp/1000	92.14921999999996
g15_4	direct_eigen	-0.22946794187527075
g15_4	dp/10	-407.6714
g15_4	dp/100	-157.67140102251614
g15_4	dp/1000	92.3286
g15_5	direct_eigen	0.06506788267768115
g15_5	dp/10	-407.5028000000001
g15_5	dp/100	-157.50280102251622
g15_5	dp/1000	92.4971999999999
g15_6	direct_eigen	-0.16373211735168525
g15_6	dp/10	-407.7315999999999
g15_6	dp/100	-157.73160102251603
g15_6	dp/1000	92.2684000000001
g15_7	direct_eigen	0.030691832003697073
g15_7	dp/10	-407.50949999999995
g15_7	dp/100	-157.50950102251608
g15_7	dp/1000	92.49050000000005
g15_8	direct_eigen	-0.03353211731723604
g15_8	dp/10	-407.6013999999999
g15_8	dp/100	-157.60140102251603
g15_8	dp/1000	92.3986000000001
g15_9	direct_eigen	0.03296788268238515
g15_9	dp/10	-407.5349000000001
g15_9	dp/100	-157.53490102251624
g15_9	dp/1000	92.4650999999999
g16_0	direct_eigen	0.032131318146572774
g16_0	dp/10	0.012344493235028065
g16_0	dp/100	-0.2130569830417608
g16_0	dp/1000	-0.672816099991981
g16_1	direct_eigen	0.014295764581030213
g16_1	dp/10	-0.00535625522747285
g16_1	dp/100	-0.2307580135987921
g16_1	dp/1000	-0.6787675999917471
g16_2	direct_eigen	-0.02606933961123925
g16_2	dp/10	-0.044606230084307086
g16_2	dp/100	-0.26965729219365553
g16_2	dp/1000	-0.7254160999919805
g16_3	direct_eigen	0.012325427684190426
g16_3	dp/10	-0.006252244230298132
g16_3	dp/100	-0.23165533440667296
g16_3	dp/1000	-0.6863986999918819
g16_4	direct_eigen	-0.0035302925471003554
g16_4	dp/10	-0.02285630252508275
g16_4	dp/100	-0.24825640597435727
g16_4	dp/1000	-0.6962675999917463
g16_5	direct_eigen	-0.03281699523697368
g16_5	dp/10	-0.051855820083333004
g16_5	dp/100	-0.2772560703847824
g16_5	dp/1000	-0.7319986999918817
g16_6	direct_eigen	0.013705051185115114
g16_6	dp/10	-0.005507910317792408
g16_6	dp/100	-0.23045888035420692
g16_6	dp/1000	-0.6790192999918485
g16_7	direct_eigen	0.0027268230624875045
g16_7	dp/10	-0.015553510235933654
g16_7	dp/100	-0.2409563528208727
g16_7	dp/1000	-0.6973729999919147
g16_8	direct_eigen	0.042488552702334204
g16_8	dp/10	0.023851109037915208
g16_8	dp/100	-0.2013502647202401
g16_8	dp/1000	-0.6557729999919149
g16_9	direct_eigen	-0.008417347948765475
g16_9	dp/10	-0.02705366804491538
g16_9	dp/100	-0.2524535709783362
g16_9	dp/1000	-0.703839499991814
g17_0	direct_eigen	-0.01625873665800981
g17_0	dp/10	-0.21422778076889415
g17_0	dp/100	-2.462683608765442
g17_0	dp/1000	-6.874041909896672
g17_1	direct_eigen	0.03440775007080177
g17_1	dp/10	-0.16162842968450164
g17_1	dp/100	-2.4100885564292263
g17_1	dp/1000	-7.188583828080869
g17_2	direct_eigen	-0.04059062575770156
g17_2	dp/10	-0.23213096566975722
g17_2	dp/100	-2.480589392994851
g17_2	dp/1000	-6.959681125298708
g17_3	direct_eigen	0.0015315096451367083
g17_3	dp/10	-0.19302908053149181
g17_3	dp/100	-2.441486836451279
g17_3	dp/1000	-6.954285804862632
g17_4	direct_eigen	-0.0651870418925391
g17_4	dp/10	-0.24608782251194583
g17_4	dp/100	-2.493166662544823
g17_4	dp/1000	-7.023895437925017
g17_5	direct_eigen	0.002841237850077505
g17_5	dp/10	-0.18863398833917344
g17_5	dp/100	-2.437093215146735
g17_5	dp/1000	-7.083601237020545
g17_6	direct_eigen	-0.02521096455922134
g17_6	dp/10	-0.21734052026923933
g17_6	dp/100	-2.465795341557701
g17_6	dp/1000	-7.045661147583939
g17_7	direct_eigen	-0.024724938983126776
g17_7	dp/10	-0.21243855885117213
g17_7	dp/100	-2.460969236072799
g17_7	dp/1000	-6.872541909896679
g17_8	direct_eigen	-0.04388381289264842
g17_8	dp/10	-0.2384273809663462
g17_8	dp/100	-2.4868824186564
g17_8	dp/1000	-6.965981125298711
g17_9	direct_eigen	-0.03312613595752012
g17_9	dp/10	-0.2316285761221728
g17_9	dp/100	-2.4800868900717212
g17_9	dp/1000	-6.925370921133567
g18_0	direct_eigen	-0.1493897418445158
g18_0	dp/10	-2.1699929394497417
g18_0	dp/100	-23.610364546213447
g18_0	dp/1000	-69.64046835951456
g18_1	direct_eigen	-0.050319552723522065
g18_1	dp/10	-1.9610494652945931
g18_1	dp/100	-23.41362515941077
g18_1	dp/1000	-66.90143139393561
g18_2	direct_eigen	0.3907162759725793
g18_2	dp/10	-1.6248475336663546
g18_2	dp/100	-23.072735237001325
g18_2	dp/1000	-70.09807423819575
g18_3	direct_eigen	-0.009520594922150849
g18_3	dp/10	-2.0364125485179443
g18_3	dp/100	-23.476072277476334
g18_3	dp/1000	-70.64092250867824
g18_4	direct_eigen	-0.10582060225334544
g18_4	dp/10	-2.011147065037278
g18_4	dp/100	-23.453434703675754
g18_4	dp/1000	-67.52922330132984
g18_5	direct_eigen	0.23713533233205908
g18_5	dp/10	-1.7699035580619125
g18_5	dp/100	-23.18167162502985
g18_5	dp/1000	-68.960828614331
g18_6	direct_eigen	-0.17652441291409104
g18_6	dp/10	-2.1899804284406628
g18_6	dp/100	-23.622885741130375
g18_6	dp/1000	-66.62039453650709
g18_7	direct_eigen	-0.31856322374630963
g18_7	dp/10	-2.172019956058193
g18_7	dp/100	-23.62220777865062
g18_7	dp/1000	-68.85734664003584
g18_8	direct_eigen	-0.05691128589865002
g18_8	dp/10	-2.093850225111737
g18_8	dp/100	-23.524263984018546
g18_8	dp/1000	-69.20232871346988
g18_9	direct_eigen	-0.09713883445442661
g18_9	dp/10	-2.134080337046953
g18_9	dp/100	-23.56836620530038
g18_9	dp/1000	-68.90629831332586
g19_0	direct_eigen	-0.011663011114336541
g19_0	dp/10	-133.26360000000005
g19_0	dp/100	-9.9772764695184
g19_0	dp/1000	348.43196956606687
g19_1	direct_eigen	-0.04676253758003668
g19_1	dp/10	-133.29870000000005
g19_1	dp/100	-10.797718244613336
g19_1	dp/1000	346.73202044783665
g19_2	direct_eigen	0.0949373920577159
g19_2	dp/10	-133.15699999999998
g19_2	dp/100	-10.331015826402975
g19_2	dp/1000	349.4684829136696
g19_3	direct_eigen	-0.07466253757709751
g19_3	dp/10	-133.3266
g19_3	dp/100	-10.295105757285668
g19_3	dp/1000	348.7405036420528
g19_4	direct_eigen	0.21563746242367188
g19_4	dp/10	-133.03629999999993
g19_4	dp/100	-9.980577821929487
g19_4	dp/1000	348.47371467609634
g19_5	direct_eigen	0.11463742890367712
g19_5	dp/10	-133.1373
g19_5	dp/100	-10.443931405201582
g19_5	dp/1000	352.676922856646
g19_6	direct_eigen	-0.04606253831758522
g19_6	dp/10	-133.29800000000006
g19_6	dp/100	-10.59258783416793
g19_6	dp/1000	351.0104078372993
g19_7	direct_eigen	0.012137462420753309
g19_7	dp/10	-133.23980000000012
g19_7	dp/100	-10.750822762022125
g19_7	dp/1000	347.15989096126634
g19_8	direct_eigen	0.11323746129201595
g19_8	dp/10	-133.13869999999997
g19_8	dp/100	-9.876698134617527
g19_8	dp/1000	348.55686956606695
g19_9	direct_eigen	-0.15706263426483247
g19_9	dp/10	-133.40900000000005
g19_9	dp/100	-10.763784610380739
g19_9	dp/1000	347.360229391349
g20_0	direct_eigen	0.22571326598585983
g20_0	dp/10	-1091.2139000000004
g20_0	dp/100	-1091.2139000000004
g20_0	dp/1000	1392.8878480920328
g20_1	direct_eigen	0.05871326598230553
g20_1	dp/10	-1091.3808999999999
g20_1	dp/100	-1091.3808999999999
g20_1	dp/1000	1396.6764230467622
g20_2	direct_eigen	-0.41398946789331603
g20_2	dp/10	-1091.8485999999994
g20_2	dp/100	-1091.8485999999994
g20_2	dp/1000	1393.7350155816252
g20_3	direct_eigen	-0.03968673395411315
g20_3	dp/10	-1091.4792999999995
g20_3	dp/100	-1091.4792999999995
g20_3	dp/1000	1394.5986651880116
g20_4	direct_eigen	0.1566132660234416
g20_4	dp/10	-1091.283
g20_4	dp/100	-1091.283
g20_4	dp/1000	1394.7949651880112
g20_5	direct_eigen	0.054013150637501894
g20_5	dp/10	-1091.3855999999998
g20_5	dp/100	-1091.3855999999998
g20_5	dp/1000	1398.6542416101108
g20_6	direct_eigen	0.16291326597001898
g20_6	dp/10	-1091.2767000000006
g20_6	dp/100	-1091.2767000000006
g20_6	dp/1000	1397.2759587872908
g20_7	direct_eigen	-0.04308673402488239
g20_7	dp/10	-1091.4827000000007
g20_7	dp/100	-1091.4827000000007
g20_7	dp/1000	1395.0898112524208
g20_8	direct_eigen	-0.5473867340160723
g20_8	dp/10	-1091.9870000000005
g20_8	dp/100	-1091.9870000000005
g20_8	dp/1000	1394.0909651880106
g20_9	direct_eigen	0.17481326599431668
g20_9	dp/10	-1091.2647999999986
g20_9	dp/100	-1091.2647999999986
g20_9	dp/1000	1396.7925230467636
g21_0	direct_eigen	-0.0021017821181885665
g21_0	dp/10	-2499.9652
g21_0	dp/100	-2499.9652
g21_0	dp/1000	-2499.9652
g21_1	direct_eigen	-0.0004899773070974334
g21_1	dp/10	-2499.9636
g21_1	dp/100	-2499.9636
g21_1	dp/1000	-2499.9636
g21_2	direct_eigen	-0.000389977339636971
g21_2	dp/10	-2499.9635000000003
g21_2	dp/100	-2499.9635000000003
g21_2	dp/1000	-2499.9635000000003
g21_3	direct_eigen	-0.001489977382334473
g21_3	dp/10	-2499.9646000000002
g21_3	dp/100	-2499.9646000000002
g21_3	dp/1000	-2499.9646000000002
g21_4	direct_eigen	0.0022100226478869445
g21_4	dp/10	-2499.9609
g21_4	dp/100	-2499.9609
g21_4	dp/1000	-2499.9609
g21_5	direct_eigen	-0.004790064458575216
g21_5	dp/10	-2499.9678999999996
g21_5	dp/100	-2499.9678999999996
g21_5	dp/1000	-2499.9678999999996
g21_6	direct_eigen	-0.0010899773442361038
g21_6	dp/10	-2499.9642
g21_6	dp/100	-2499.9642
g21_6	dp/1000	-2499.9642
g21_7	direct_eigen	0.0018100226207025116
g21_7	dp/10	-2499.9613
g21_7	dp/100	-2499.9613
g21_7	dp/1000	-2499.9613
g21_8	direct_eigen	0.001010022716855019
g21_8	dp/10	-2499.9621
g21_8	dp/100	-2499.9621
g21_8	dp/1000	-2499.9621
g21_9	direct_eigen	0.002810016672810889
g21_9	dp/10	-2499.9603
g21_9	dp/100	-2499.9603
g21_9	dp/1000	-2499.9603
g22_0	direct_eigen	0.03657179678403111
g22_0	dp/10	-1.0827310121872529
g22_0	dp/100	-12.307200506255354
g22_0	dp/1000	23.159031000000002
g22_1	direct_eigen	0.0039847078683088455
g22_1	dp/10	-1.113917287865739
g22_1	dp/100	-12.338400506255356
g22_1	dp/1000	23.349727
g22_2	direct_eigen	-0.010029396846871208
g22_2	dp/10	-1.128928942843629
g22_2	dp/100	-12.353400506255353
g22_2	dp/1000	23.614997
g22_3	direct_eigen	0.038228488311244035
g22_3	dp/10	-1.081209857964982
g22_3	dp/100	-12.302700506255347
g22_3	dp/1000	23.553200000000007
g22_4	direct_eigen	-0.023931967499258633
g22_4	dp/10	-1.1431324923460657
g22_4	dp/100	-12.367600506255366
g22_4	dp/1000	23.33910999999999
g22_5	direct_eigen	-0.027039692258643555
g22_5	dp/10	-1.1468278778675618
g22_5	dp/100	-12.371300506255357
g22_5	dp/1000	23.391247999999994
g22_6	direct_eigen	-0.1049606714308382
g22_6	dp/10	-1.2249302611275752
g22_6	dp/100	-12.449400506255364
g22_6	dp/1000	23.481440999999993
g22_7	direct_eigen	-0.06063472274823667
g22_7	dp/10	-1.1806295227763606
g22_7	dp/100	-12.405100506255364
g22_7	dp/1000	23.171821999999988
g22_8	direct_eigen	0.01576175574262706
g22_8	dp/10	-1.1034297588562048
g22_8	dp/100	-12.327900506255359
g22_8	dp/1000	23.175174000000002
g22_9	direct_eigen	-0.019406985094086338
g22_9	dp/10	-1.1390303392979888
g22_9	dp/100	-12.363500506255358
g22_9	dp/1000	23.047576
g23_0	direct_eigen	-0.13596144966874135
g23_0	dp/10	-245.73400000000007
g23_0	dp/100	-120.73399892006606
g23_0	dp/1000	234.6656909612664
g23_1	direct_eigen	0.05071031535885595
g23_1	dp/10	-245.56169999999992
g23_1	dp/100	-120.56169892006591
g23_1	dp/1000	236.31956252847925
g23_2	direct_eigen	-0.008883731798704275
g23_2	dp/10	-245.62130000000005
g23_2	dp/100	-120.62129892006604
g23_2	dp/1000	235.70330733266658
g23_3	direct_eigen	-0.03395696826805761
g23_3	dp/10	-245.6222000000001
g23_3	dp/100	-120.6221989200661
g23_3	dp/1000	237.189696207408
g23_4	direct_eigen	-0.1203505359506778
g23_4	dp/10	-245.72940000000006
g23_4	dp/100	-120.72939892006605
g23_4	dp/1000	235.96616956606687
g23_5	direct_eigen	-0.2077167378752165
g23_5	dp/10	-245.8198
g23_5	dp/100	-120.81979892006598
g23_5	dp/1000	236.43328910923657
g23_6	direct_eigen	-0.01603225072901182
g23_6	dp/10	-245.58480000000006
g23_6	dp/100	-120.58479892006605
g23_6	dp/1000	237.04068291366954
g23_7	direct_eigen	-0.1811681365046809
g23_7	dp/10	-245.79209999999992
g23_7	dp/100	-120.79209892006591
g23_7	dp/1000	234.42303637764545
g23_8	direct_eigen	-0.06154937508424041
g23_8	dp/10	-245.66149999999985
g23_8	dp/100	-120.66149892006584
g23_8	dp/1000	237.52365891156282
g23_9	direct_eigen	-0.09658038943277347
g23_9	dp/10	-245.70899999999997
g23_9	dp/100	-120.70899892006597
g23_9	dp/1000	238.41183822626297
g24_0	direct_eigen	-0.06847930681533398
g24_0	dp/10	-2037.7844000000005
g24_0	dp/100	-2037.7844000000005
g24_0	dp/1000	462.21559999999954
g24_1	direct_eigen	0.2637061440107118
g24_1	dp/10	-2037.5484999999992
g24_1	dp/100	-2037.5484999999992
g24_1	dp/1000	461.951600000001
g24_2	direct_eigen	-0.09587870326390657
g24_2	dp/10	-2037.9351999999997
g24_2	dp/100	-2037.9351999999997
g24_2	dp/1000	462.06480000000033
g24_3	direct_eigen	-0.0378014604107193
g24_3	dp/10	-2037.8302999999999
g24_3	dp/100	-2037.8302999999999
g24_3	dp/1000	462.16970000000015
g24_4	direct_eigen	0.08000024163084163
g24_4	dp/10	-2037.7575000000006
g24_4	dp/100	-2037.7575000000006
g24_4	dp/1000	461.7425999999996
g24_5	direct_eigen	-0.03818825082294097
g24_5	dp/10	-2037.8747000000003
g24_5	dp/100	-2037.8747000000003
g24_5	dp/1000	462.1252999999997
g24_6	direct_eigen	0.23157357122886424
g24_6	dp/10	-2037.4332
g24_6	dp/100	-2037.4332
g24_6	dp/1000	462.06690000000026
g24_7	direct_eigen	0.09003937264265005
g24_7	dp/10	-2037.7493000000006
g24_7	dp/100	-2037.7493000000006
g24_7	dp/1000	462.25069999999937
g24_8	direct_eigen	0.043139650800185336
g24_8	dp/10	-2037.748399999999
g24_8	dp/100	-2037.748399999999
g24_8	dp/1000	462.25160000000096
g24_9	direct_eigen	0.05173632159517183
g24_9	dp/10	-2037.7851000000012
g24_9	dp/100	-2037.7851000000012
g24_9	dp/1000	462.2148999999988
g25_0	direct_eigen	-0.005060544067545081
g25_0	dp/10	-0.10081527024659742
g25_0	dp/100	-1.2276758023772434
g25_0	dp/1000	-8.907868999999057
g25_1	direct_eigen	0.01763852502980967
g25_1	dp/10	-0.07495168762757132
g25_1	dp/100	-1.2028604588773018
g25_1	dp/1000	-8.874747999999048
g25_2	direct_eigen	-0.040809762379748094
g25_2	dp/10	-0.13396425048693672
g25_2	dp/100	-1.2600754829181042
g25_2	dp/1000	-8.924965999999035
g25_3	direct_eigen	-0.05234700402245984
g25_3	dp/10	-0.14657336317336167
g25_3	dp/100	-1.2732791565954482
g25_3	dp/1000	-8.96118699999906
g25_4	direct_eigen	0.008742189291758962
g25_4	dp/10	-0.08501631595354553
g25_4	dp/100	-1.2117755365488438
g25_4	dp/1000	-8.919034999999077
g25_5	direct_eigen	0.014761157975796024
g25_5	dp/10	-0.07865626481623877
g25_5	dp/100	-1.20626504491349
g25_5	dp/1000	-8.864914999999034
g25_6	direct_eigen	-0.04078136193072446
g25_6	dp/10	-0.1355116054136669
g25_6	dp/100	-1.262471343247583
g25_6	dp/1000	-8.930608999999041
g25_7	direct_eigen	-0.029001610471532047
g25_7	dp/10	-0.11954413066604097
g25_7	dp/100	-1.2467503889404163
g25_7	dp/1000	-8.938957999999067
g25_8	direct_eigen	-0.0750918471250781
g25_8	dp/10	-0.16981511039159614
g25_8	dp/100	-1.2964730659579455
g25_8	dp/1000	-8.960114999999035
g25_9	direct_eigen	-0.03205791903423716
g25_9	dp/10	-0.1233548692877342
g25_9	dp/100	-1.250359124477038
g25_9	dp/1000	-8.93284499999905
g26_0	direct_eigen	-0.21050372705397535
g26_0	dp/10	-1.1116182154007674
g26_0	dp/100	-12.353748782061558
g26_0	dp/1000	-89.11491199999996
g26_1	direct_eigen	0.06765452563911367
g26_1	dp/10	-0.8853127732640473
g26_1	dp/100	-12.122416461432522
g26_1	dp/1000	-88.83358300000002
g26_2	direct_eigen	-0.19439228328639047
g26_2	dp/10	-1.1334788770022897
g26_2	dp/100	-12.375497705019214
g26_2	dp/1000	-89.39928499999996
g26_3	direct_eigen	-0.28397924694118615
g26_3	dp/10	-1.2284225266621718
g26_3	dp/100	-12.468918374453665
g26_3	dp/1000	-89.338941
g26_4	direct_eigen	0.00296075922310024
g26_4	dp/10	-0.9229921879850735
g26_4	dp/100	-12.159669840172128
g26_4	dp/1000	-88.91685200000002
g26_5	direct_eigen	-0.23764541032451802
g26_5	dp/10	-1.2051214933111396
g26_5	dp/100	-12.443525301291757
g26_5	dp/1000	-89.56205399999999
g26_6	direct_eigen	-0.010324888963708645
g26_6	dp/10	-0.9191111010995598
g26_6	dp/100	-12.16675467479321
g26_6	dp/1000	-88.906152
g26_7	direct_eigen	-0.15910625883293505
g26_7	dp/10	-1.1340633650071652
g26_7	dp/100	-12.37398027143334
g26_7	dp/1000	-89.07198600000001
g26_8	direct_eigen	-0.014950756162733114
g26_8	dp/10	-0.9556243322287798
g26_8	dp/100	-12.19784367902615
g26_8	dp/1000	-89.20532600000001
g26_9	direct_eigen	-0.13569315884234356
g26_9	dp/10	-1.0690493025076364
g26_9	dp/100	-12.316746987909767
g26_9	dp/1000	-89.09314099999997
g27_0	direct_eigen	-0.5392639318074544
g27_0	dp/10	-1367.0429000000001
g27_0	dp/100	-117.58358813697396
g27_0	dp/1000	-884.9757963579473
g27_1	direct_eigen	-1.5716204720395126
g27_1	dp/10	-1368.7389000000003
g27_1	dp/100	-118.28013547254022
g27_1	dp/1000	-888.5237636223549
g27_2	direct_eigen	-1.2399856165395704
g27_2	dp/10	-1368.3452
g27_2	dp/100	-118.23307332495278
g27_2	dp/1000	-884.5990698876967
g27_3	direct_eigen	-1.1077492087197243
g27_3	dp/10	-1367.9546999999998
g27_3	dp/100	-118.04802416272673
g27_3	dp/1000	-885.5154864945506
g27_4	direct_eigen	-1.0956375076943914
g27_4	dp/10	-1368.1938
g27_4	dp/100	-118.18902950064376
g27_4	dp/1000	-886.8691926673334
g27_5	direct_eigen	-1.0454073545395204
g27_5	dp/10	-1368.1180000000002
g27_5	dp/100	-117.92596650619589
g27_5	dp/1000	-885.8649108907637
g27_6	direct_eigen	-0.44777420062177953
g27_6	dp/10	-1367.4818999999995
g27_6	dp/100	-117.85798571968394
g27_6	dp/1000	-886.7126706086506
g27_7	direct_eigen	-0.5923261497587191
g27_7	dp/10	-1367.9261000000004
g27_7	dp/100	-117.65250427187016
g27_7	dp/1000	-886.6014926673338
g27_8	direct_eigen	-1.1428293206531634
g27_8	dp/10	-1368.7519
g27_8	dp/100	-118.26039556417277
g27_8	dp/1000	-886.1264170863303
g27_9	direct_eigen	-1.0304672964057318
g27_9	dp/10	-1368.1502
g27_9	dp/100	-117.70942306905658
g27_9	dp/1000	-886.0830963579472
